{
"type": "FeatureCollection",
"name": "liberty_hill_healthcare_accessibility",
"crs": { "type": "name", "properties": { "name": "urn:ogc:def:crs:OGC:1.3:CRS84" } },
"features": [
{ "type": "Feature", "properties": { "GEOID": "484910201083", "NAME": "Block Group 3; Census Tract 201.08; Williamson County; Texas", "state": "48", "county": "491", "tract": "020108", "block group": "3", "population": 1567.0, "population_moe": 286.0, "area_sq_miles": 0.77564129499828705, "population_density": 2020.2637612318729, "under5": 65.0, "under5_moe": 54.083269131959838, "under18": 223.0, "under18_moe": 104.66613587975817, "age18_64": 652.0, "age18_64_moe": 183.88855320546736, "age65plus": 692.0, "age65plus_moe": 167.23635968293499, "civilian_noninstitutionalized_population": 1518.0, "civilian_noninstitutionalized_population_moe": 286.0, "uninsured": 72.0, "uninsured_moe": 49.749371855330999, "uninsured_pct": 4.7430830039525684, "disability_population_base": "<NA>", "disability_population_base_moe": "<NA>", "disability": null, "disability_moe": "<NA>", "disability_pct": null, "poverty_population_base": 1518.0, "poverty_population_base_moe": 286.0, "poverty": 158.0, "poverty_moe": 131.89768762188365, "poverty_pct": 10.408432147562582, "median_household_income": "77596.0", "median_household_income_moe": "23408.0", "per_capita_income": 53802.0, "per_capita_income_moe": 8849.0, "households": "<NA>", "households_moe": "<NA>", "no_vehicle_households": "<NA>", "no_vehicle_households_moe": "<NA>", "no_vehicle_pct": null, "youth_population_pct": 14.231014677728144, "senior_population_pct": 44.160816847479261, "healthcare_need_score": 31.016990671902093, "healthcare_need_notes": "Relative index averaging min-max normalized uninsured_pct, disability_pct, poverty_pct, no_vehicle_pct, youth_population_pct, and senior_population_pct within the retained Liberty Hill study-area block groups.", "uninsured_pct_numerator": "uninsured", "uninsured_pct_denominator": "civilian_noninstitutionalized_population", "disability_pct_numerator": "disability", "disability_pct_denominator": "disability_population_base", "poverty_pct_numerator": "poverty", "poverty_pct_denominator": "poverty_population_base", "no_vehicle_pct_numerator": "no_vehicle_households", "no_vehicle_pct_denominator": "households", "youth_population_pct_numerator": "under18", "youth_population_pct_denominator": "population", "senior_population_pct_numerator": "age65plus", "senior_population_pct_denominator": "population", "intersects_liberty_hill_city": false, "nearest_any_medical_miles": 2.3116764393362761, "nearest_primary_care_miles": 2.3116764393362761, "nearest_urgent_care_miles": 11.187883762615026, "nearest_hospital_miles": 3.8009024427959544, "nearest_emergency_miles": 10.784761590790026, "nearest_primary_care_minutes": null, "nearest_urgent_care_minutes": null, "nearest_hospital_minutes": null, "nearest_emergency_minutes": null, "healthcare_access_measure": "Straight-line distance", "healthcare_access_distance_band": "1-3 miles" }, "geometry": { "type": "Polygon", "coordinates": [ [ [ -97.71776, 30.682926 ], [ -97.71711, 30.683906 ], [ -97.716892, 30.683813 ], [ -97.716489, 30.683637 ], [ -97.716368, 30.683612 ], [ -97.716255, 30.68361 ], [ -97.715062, 30.684032 ], [ -97.713388, 30.684642 ], [ -97.712802, 30.68485 ], [ -97.712516, 30.684952 ], [ -97.711413, 30.685314 ], [ -97.710751, 30.685524 ], [ -97.709675, 30.685874 ], [ -97.709179, 30.686028 ], [ -97.707443, 30.686585 ], [ -97.706708, 30.686816 ], [ -97.705365, 30.687249 ], [ -97.704039, 30.687696 ], [ -97.703535, 30.687925 ], [ -97.703007, 30.688117 ], [ -97.702801, 30.688186 ], [ -97.702691, 30.688208 ], [ -97.702578, 30.688214 ], [ -97.702522, 30.688211 ], [ -97.702286, 30.688183 ], [ -97.702109, 30.688149 ], [ -97.701937, 30.688103 ], [ -97.701823, 30.688063 ], [ -97.701207, 30.687826 ], [ -97.701055, 30.687773 ], [ -97.700969, 30.687764 ], [ -97.700913, 30.687652 ], [ -97.700852, 30.687559 ], [ -97.700427, 30.687 ], [ -97.700266, 30.686756 ], [ -97.700185, 30.686634 ], [ -97.699898, 30.686248 ], [ -97.699564, 30.685778 ], [ -97.699493, 30.685703 ], [ -97.699413, 30.685636 ], [ -97.699326, 30.685576 ], [ -97.698999, 30.68539 ], [ -97.698815, 30.685287 ], [ -97.698225, 30.684986 ], [ -97.697847, 30.68481 ], [ -97.697747, 30.684749 ], [ -97.697682, 30.684702 ], [ -97.697609, 30.684643 ], [ -97.697527, 30.684564 ], [ -97.697299, 30.684307 ], [ -97.69727, 30.684271 ], [ -97.697086, 30.684043 ], [ -97.696741, 30.683685 ], [ -97.696245, 30.683142 ], [ -97.696011, 30.682841 ], [ -97.695864, 30.682672 ], [ -97.695628, 30.682429 ], [ -97.695249, 30.682086 ], [ -97.695112, 30.681982 ], [ -97.694966, 30.681887 ], [ -97.694812, 30.681804 ], [ -97.69454, 30.681635 ], [ -97.694523, 30.681624 ], [ -97.694441, 30.681551 ], [ -97.694371, 30.681468 ], [ -97.694316, 30.681377 ], [ -97.694275, 30.681281 ], [ -97.694261, 30.68123 ], [ -97.69415, 30.680572 ], [ -97.694111, 30.680318 ], [ -97.694092, 30.680221 ], [ -97.69406, 30.680127 ], [ -97.694019, 30.680035 ], [ -97.693966, 30.679948 ], [ -97.693624, 30.679481 ], [ -97.693398, 30.679156 ], [ -97.693274, 30.678941 ], [ -97.692961, 30.67843 ], [ -97.693364, 30.678113 ], [ -97.693712, 30.677902 ], [ -97.694258, 30.677675 ], [ -97.694785, 30.677427 ], [ -97.69581, 30.676646 ], [ -97.695988, 30.676529 ], [ -97.696189, 30.676479 ], [ -97.696453, 30.676411 ], [ -97.696715, 30.676344 ], [ -97.696805, 30.676319 ], [ -97.696889, 30.676268 ], [ -97.697052, 30.67615 ], [ -97.697495, 30.675824 ], [ -97.697632, 30.675695 ], [ -97.697657, 30.675662 ], [ -97.697711, 30.675587 ], [ -97.697971, 30.675238 ], [ -97.698248, 30.674997 ], [ -97.69843, 30.674939 ], [ -97.69873, 30.674891 ], [ -97.698744, 30.674889 ], [ -97.69918, 30.67483 ], [ -97.699461, 30.674665 ], [ -97.6998, 30.674455 ], [ -97.699832, 30.674436 ], [ -97.701119, 30.673656 ], [ -97.701345, 30.673477 ], [ -97.701581, 30.673613 ], [ -97.703214, 30.67455 ], [ -97.703472, 30.674696 ], [ -97.705417, 30.675799 ], [ -97.706995, 30.676709 ], [ -97.707069, 30.676755 ], [ -97.708024, 30.677342 ], [ -97.709972, 30.678591 ], [ -97.710567, 30.678986 ], [ -97.711117, 30.67936 ], [ -97.712055, 30.679922 ], [ -97.712868, 30.680455 ], [ -97.713878, 30.681099 ], [ -97.71444, 30.681483 ], [ -97.714754, 30.681659 ], [ -97.715037, 30.681818 ], [ -97.71628, 30.682407 ], [ -97.716879, 30.682661 ], [ -97.717317, 30.682852 ], [ -97.71754, 30.682913 ], [ -97.71776, 30.682926 ] ] ] } },
{ "type": "Feature", "properties": { "GEOID": "484910203101", "NAME": "Block Group 1; Census Tract 203.10; Williamson County; Texas", "state": "48", "county": "491", "tract": "020310", "block group": "1", "population": 3802.0, "population_moe": 447.0, "area_sq_miles": 4.7978627788892707, "population_density": 792.43616902277938, "under5": 286.0, "under5_moe": 119.70797801316336, "under18": 1171.0, "under18_moe": 196.02295783912658, "age18_64": 2217.0, "age18_64_moe": 284.49956063234964, "age65plus": 414.0, "age65plus_moe": 108.06479537758817, "civilian_noninstitutionalized_population": 3802.0, "civilian_noninstitutionalized_population_moe": 447.0, "uninsured": 178.0, "uninsured_moe": 133.7235955244997, "uninsured_pct": 4.6817464492372434, "disability_population_base": "<NA>", "disability_population_base_moe": "<NA>", "disability": null, "disability_moe": "<NA>", "disability_pct": null, "poverty_population_base": 3790.0, "poverty_population_base_moe": 443.0, "poverty": 125.0, "poverty_moe": 76.400261779656233, "poverty_pct": 3.2981530343007917, "median_household_income": "202014.0", "median_household_income_moe": "43264.0", "per_capita_income": 65827.0, "per_capita_income_moe": 9092.0, "households": "<NA>", "households_moe": "<NA>", "no_vehicle_households": "<NA>", "no_vehicle_households_moe": "<NA>", "no_vehicle_pct": null, "youth_population_pct": 30.799579168858493, "senior_population_pct": 10.889005786428195, "healthcare_need_score": 26.853423661720214, "healthcare_need_notes": "Relative index averaging min-max normalized uninsured_pct, disability_pct, poverty_pct, no_vehicle_pct, youth_population_pct, and senior_population_pct within the retained Liberty Hill study-area block groups.", "uninsured_pct_numerator": "uninsured", "uninsured_pct_denominator": "civilian_noninstitutionalized_population", "disability_pct_numerator": "disability", "disability_pct_denominator": "disability_population_base", "poverty_pct_numerator": "poverty", "poverty_pct_denominator": "poverty_population_base", "no_vehicle_pct_numerator": "no_vehicle_households", "no_vehicle_pct_denominator": "households", "youth_population_pct_numerator": "under18", "youth_population_pct_denominator": "population", "senior_population_pct_numerator": "age65plus", "senior_population_pct_denominator": "population", "intersects_liberty_hill_city": false, "nearest_any_medical_miles": 2.4311950183151394, "nearest_primary_care_miles": 4.5964991931543819, "nearest_urgent_care_miles": 5.6636050060404726, "nearest_hospital_miles": 2.4311950183151394, "nearest_emergency_miles": 5.7629055275185825, "nearest_primary_care_minutes": null, "nearest_urgent_care_minutes": null, "nearest_hospital_minutes": null, "nearest_emergency_minutes": null, "healthcare_access_measure": "Straight-line distance", "healthcare_access_distance_band": "1-3 miles" }, "geometry": { "type": "Polygon", "coordinates": [ [ [ -97.801994, 30.568749 ], [ -97.798221, 30.569964 ], [ -97.795734, 30.570743 ], [ -97.793338, 30.571507 ], [ -97.792822, 30.571679 ], [ -97.792393, 30.571826 ], [ -97.792365, 30.571836 ], [ -97.792094, 30.571929 ], [ -97.791722, 30.572042 ], [ -97.791328, 30.572162 ], [ -97.791045, 30.57224 ], [ -97.790941, 30.572278 ], [ -97.790744, 30.572375 ], [ -97.790667, 30.572428 ], [ -97.790601, 30.57249 ], [ -97.790574, 30.572525 ], [ -97.790532, 30.572603 ], [ -97.790518, 30.572642 ], [ -97.790367, 30.573295 ], [ -97.790348, 30.573339 ], [ -97.790302, 30.573424 ], [ -97.790243, 30.5735 ], [ -97.789891, 30.573827 ], [ -97.789765, 30.573945 ], [ -97.789669, 30.574041 ], [ -97.789506, 30.574203 ], [ -97.789473, 30.574242 ], [ -97.789445, 30.574284 ], [ -97.789399, 30.574373 ], [ -97.789302, 30.574619 ], [ -97.789279, 30.574659 ], [ -97.789225, 30.574735 ], [ -97.789194, 30.574765 ], [ -97.789157, 30.574801 ], [ -97.789077, 30.574854 ], [ -97.789064, 30.574861 ], [ -97.788987, 30.574899 ], [ -97.786954, 30.575531 ], [ -97.785922, 30.575915 ], [ -97.785278, 30.576204 ], [ -97.785132, 30.576301 ], [ -97.78489, 30.576463 ], [ -97.784747, 30.576396 ], [ -97.784519, 30.576289 ], [ -97.784333, 30.57634 ], [ -97.783813, 30.576486 ], [ -97.783444, 30.57659 ], [ -97.783114, 30.576682 ], [ -97.781528, 30.577129 ], [ -97.781341, 30.577158 ], [ -97.781155, 30.57717 ], [ -97.780878, 30.5771 ], [ -97.780769, 30.577002 ], [ -97.780742, 30.576926 ], [ -97.780718, 30.576856 ], [ -97.780726, 30.576551 ], [ -97.780811, 30.576118 ], [ -97.780937, 30.575558 ], [ -97.781079, 30.575126 ], [ -97.781141, 30.574886 ], [ -97.781206, 30.574404 ], [ -97.781235, 30.574132 ], [ -97.781231, 30.573906 ], [ -97.781221, 30.573691 ], [ -97.780951, 30.573046 ], [ -97.780474, 30.571993 ], [ -97.780404, 30.571863 ], [ -97.780032, 30.571308 ], [ -97.779188, 30.570395 ], [ -97.778221, 30.569295 ], [ -97.777698, 30.568714 ], [ -97.777214, 30.568355 ], [ -97.77717, 30.568308 ], [ -97.777058, 30.568176 ], [ -97.776955, 30.568055 ], [ -97.776832, 30.567905 ], [ -97.776771, 30.567829 ], [ -97.775495, 30.566263 ], [ -97.77496, 30.565574 ], [ -97.774726, 30.565287 ], [ -97.774104, 30.564521 ], [ -97.774004, 30.564365 ], [ -97.773154, 30.563029 ], [ -97.773015, 30.562786 ], [ -97.772992, 30.562746 ], [ -97.772958, 30.562687 ], [ -97.772792, 30.562439 ], [ -97.772606, 30.562263 ], [ -97.772306, 30.561952 ], [ -97.772099, 30.561714 ], [ -97.771943, 30.561507 ], [ -97.771819, 30.561342 ], [ -97.77154, 30.560886 ], [ -97.771172, 30.56026 ], [ -97.770924, 30.559784 ], [ -97.770712, 30.559468 ], [ -97.77021, 30.558609 ], [ -97.769873, 30.558027 ], [ -97.769118, 30.556762 ], [ -97.768756, 30.556146 ], [ -97.768616, 30.55595 ], [ -97.768466, 30.555779 ], [ -97.768228, 30.555572 ], [ -97.767949, 30.555324 ], [ -97.767483, 30.55492 ], [ -97.767186, 30.554633 ], [ -97.76528, 30.553009 ], [ -97.764977, 30.552745 ], [ -97.764746, 30.552543 ], [ -97.764406, 30.552248 ], [ -97.763974, 30.551872 ], [ -97.763777, 30.551665 ], [ -97.763636, 30.551478 ], [ -97.763462, 30.551222 ], [ -97.762756, 30.549717 ], [ -97.762218, 30.548379 ], [ -97.762192, 30.548315 ], [ -97.76191, 30.547643 ], [ -97.761824, 30.547416 ], [ -97.761391, 30.546267 ], [ -97.761278, 30.546142 ], [ -97.761202, 30.545782 ], [ -97.760899, 30.545277 ], [ -97.76073, 30.544731 ], [ -97.760454, 30.544139 ], [ -97.760367, 30.543889 ], [ -97.760355, 30.543855 ], [ -97.759957, 30.542831 ], [ -97.759889, 30.542656 ], [ -97.758871, 30.540107 ], [ -97.758773, 30.539906 ], [ -97.758719, 30.539808 ], [ -97.758657, 30.539715 ], [ -97.758587, 30.539625 ], [ -97.758508, 30.53954 ], [ -97.758423, 30.539462 ], [ -97.75833, 30.539389 ], [ -97.758233, 30.539323 ], [ -97.758082, 30.539236 ], [ -97.757923, 30.539162 ], [ -97.757729, 30.539092 ], [ -97.757564, 30.539048 ], [ -97.757388, 30.539016 ], [ -97.757204, 30.538996 ], [ -97.755863, 30.53896 ], [ -97.755313, 30.538926 ], [ -97.754417, 30.53884 ], [ -97.753703, 30.53875 ], [ -97.753124, 30.538663 ], [ -97.751961, 30.538496 ], [ -97.751161, 30.538385 ], [ -97.750739, 30.538326 ], [ -97.74977, 30.5382 ], [ -97.749764, 30.538042 ], [ -97.749739, 30.537834 ], [ -97.749681, 30.537572 ], [ -97.749603, 30.537314 ], [ -97.748859, 30.535361 ], [ -97.74782, 30.532631 ], [ -97.747174, 30.531139 ], [ -97.746697, 30.530051 ], [ -97.746454, 30.529495 ], [ -97.746138, 30.528771 ], [ -97.745402, 30.527089 ], [ -97.744947, 30.526077 ], [ -97.744877, 30.525892 ], [ -97.744712, 30.525301 ], [ -97.744492, 30.524431 ], [ -97.744439, 30.524284 ], [ -97.744392, 30.524191 ], [ -97.743592, 30.522941 ], [ -97.743515, 30.522776 ], [ -97.743494, 30.522694 ], [ -97.74349, 30.522611 ], [ -97.743573, 30.521725 ], [ -97.743569, 30.521526 ], [ -97.74355, 30.521424 ], [ -97.743511, 30.521272 ], [ -97.743204, 30.520386 ], [ -97.745062, 30.520186 ], [ -97.745182, 30.520173 ], [ -97.745056, 30.519235 ], [ -97.745052, 30.51921 ], [ -97.745213, 30.519198 ], [ -97.745444, 30.51918 ], [ -97.745565, 30.519218 ], [ -97.745736, 30.519274 ], [ -97.746301, 30.519493 ], [ -97.746969, 30.51985 ], [ -97.747233, 30.520019 ], [ -97.747649, 30.520285 ], [ -97.747789, 30.520395 ], [ -97.74789, 30.520499 ], [ -97.748157, 30.520933 ], [ -97.748533, 30.521681 ], [ -97.74852, 30.521786 ], [ -97.748476, 30.521896 ], [ -97.748482, 30.521973 ], [ -97.748498, 30.52202 ], [ -97.748511, 30.522354 ], [ -97.74852, 30.522375 ], [ -97.74861, 30.522661 ], [ -97.749171, 30.524187 ], [ -97.749424, 30.524684 ], [ -97.74955, 30.524835 ], [ -97.749702, 30.525118 ], [ -97.750011, 30.525501 ], [ -97.750617, 30.526099 ], [ -97.750806, 30.526285 ], [ -97.751422, 30.527138 ], [ -97.751474, 30.52719 ], [ -97.751692, 30.527411 ], [ -97.75243, 30.527923 ], [ -97.752468, 30.527949 ], [ -97.753192, 30.528305 ], [ -97.754686, 30.528825 ], [ -97.754928, 30.528909 ], [ -97.755984, 30.52933 ], [ -97.756139, 30.529392 ], [ -97.756302, 30.529457 ], [ -97.756773, 30.529645 ], [ -97.757197, 30.529744 ], [ -97.757707, 30.529864 ], [ -97.758155, 30.529903 ], [ -97.759455, 30.530016 ], [ -97.760181, 30.530167 ], [ -97.760681, 30.530324 ], [ -97.760745, 30.530346 ], [ -97.761221, 30.530588 ], [ -97.761373, 30.53072 ], [ -97.761475, 30.530791 ], [ -97.761869, 30.531006 ], [ -97.762028, 30.531078 ], [ -97.762218, 30.531182 ], [ -97.762383, 30.531243 ], [ -97.76258, 30.531281 ], [ -97.762917, 30.531408 ], [ -97.763147, 30.531456 ], [ -97.763552, 30.53154 ], [ -97.764067, 30.531557 ], [ -97.764147, 30.531568 ], [ -97.764404, 30.531607 ], [ -97.764601, 30.531684 ], [ -97.764867, 30.531755 ], [ -97.764956, 30.531777 ], [ -97.765312, 30.531915 ], [ -97.765624, 30.531975 ], [ -97.766303, 30.531981 ], [ -97.766532, 30.531976 ], [ -97.766653, 30.532014 ], [ -97.766773, 30.532026 ], [ -97.767072, 30.532174 ], [ -97.767231, 30.532317 ], [ -97.767472, 30.532576 ], [ -97.767738, 30.532837 ], [ -97.767758, 30.532856 ], [ -97.767948, 30.533208 ], [ -97.768037, 30.533329 ], [ -97.768251, 30.533506 ], [ -97.768596, 30.533792 ], [ -97.768717, 30.533874 ], [ -97.768901, 30.533979 ], [ -97.769289, 30.534094 ], [ -97.769555, 30.534138 ], [ -97.76966, 30.534143 ], [ -97.76979, 30.53415 ], [ -97.770184, 30.534227 ], [ -97.770351, 30.53425 ], [ -97.770458, 30.534265 ], [ -97.770832, 30.53432 ], [ -97.771147, 30.534342 ], [ -97.771226, 30.534348 ], [ -97.771385, 30.534398 ], [ -97.771747, 30.534552 ], [ -97.772427, 30.534838 ], [ -97.772748, 30.534953 ], [ -97.772764, 30.534959 ], [ -97.77352, 30.535097 ], [ -97.774041, 30.535256 ], [ -97.774384, 30.535374 ], [ -97.774441, 30.535394 ], [ -97.774619, 30.535449 ], [ -97.774746, 30.535477 ], [ -97.774879, 30.535488 ], [ -97.775299, 30.535466 ], [ -97.77554, 30.5354 ], [ -97.775693, 30.535389 ], [ -97.775915, 30.535405 ], [ -97.776334, 30.535499 ], [ -97.776817, 30.535642 ], [ -97.777033, 30.535752 ], [ -97.777351, 30.535884 ], [ -97.777846, 30.536143 ], [ -97.777884, 30.53617 ], [ -97.778219, 30.536454 ], [ -97.778189, 30.536469 ], [ -97.777969, 30.536593 ], [ -97.777475, 30.536886 ], [ -97.776883, 30.537266 ], [ -97.777287, 30.537584 ], [ -97.777498, 30.537725 ], [ -97.777808, 30.537988 ], [ -97.777987, 30.538131 ], [ -97.778201, 30.538266 ], [ -97.778539, 30.538557 ], [ -97.778586, 30.538618 ], [ -97.778619, 30.538685 ], [ -97.778779, 30.539374 ], [ -97.7788, 30.539511 ], [ -97.778913, 30.539605 ], [ -97.779003, 30.539663 ], [ -97.779116, 30.539652 ], [ -97.779288, 30.539685 ], [ -97.779384, 30.539695 ], [ -97.779447, 30.539732 ], [ -97.779505, 30.539795 ], [ -97.779547, 30.539891 ], [ -97.779611, 30.540007 ], [ -97.779706, 30.540123 ], [ -97.779769, 30.540218 ], [ -97.779812, 30.540329 ], [ -97.779859, 30.540525 ], [ -97.779907, 30.540889 ], [ -97.779917, 30.541196 ], [ -97.779923, 30.541471 ], [ -97.779957, 30.541835 ], [ -97.779978, 30.541952 ], [ -97.780039, 30.542147 ], [ -97.780107, 30.542369 ], [ -97.78016, 30.542554 ], [ -97.780181, 30.542691 ], [ -97.780229, 30.542924 ], [ -97.780282, 30.543077 ], [ -97.780588, 30.543711 ], [ -97.780752, 30.544081 ], [ -97.78117, 30.544926 ], [ -97.781492, 30.545605 ], [ -97.781693, 30.545615 ], [ -97.782213, 30.54544 ], [ -97.782459, 30.545358 ], [ -97.783071, 30.545138 ], [ -97.78381, 30.544874 ], [ -97.783988, 30.544818 ], [ -97.784341, 30.544707 ], [ -97.784673, 30.544602 ], [ -97.784788, 30.544566 ], [ -97.78493, 30.544521 ], [ -97.785501, 30.54434 ], [ -97.785961, 30.544196 ], [ -97.789442, 30.543207 ], [ -97.789675, 30.54314 ], [ -97.791447, 30.542637 ], [ -97.791907, 30.543823 ], [ -97.792231, 30.544679 ], [ -97.79277, 30.546038 ], [ -97.793218, 30.547199 ], [ -97.793402, 30.547699 ], [ -97.794129, 30.549489 ], [ -97.795018, 30.551608 ], [ -97.795199, 30.552076 ], [ -97.795207, 30.5521 ], [ -97.795301, 30.552365 ], [ -97.79559, 30.553037 ], [ -97.7986, 30.560023 ], [ -97.798962, 30.560901 ], [ -97.799054, 30.561254 ], [ -97.800526, 30.564895 ], [ -97.800544, 30.564939 ], [ -97.801026, 30.566224 ], [ -97.801451, 30.567318 ], [ -97.801588, 30.567652 ], [ -97.80185, 30.568359 ], [ -97.801994, 30.568749 ] ] ] } },
{ "type": "Feature", "properties": { "GEOID": "484910203232", "NAME": "Block Group 2; Census Tract 203.23; Williamson County; Texas", "state": "48", "county": "491", "tract": "020323", "block group": "2", "population": 663.0, "population_moe": 222.0, "area_sq_miles": 0.25605843988762855, "population_density": 2589.252673299728, "under5": 49.0, "under5_moe": 37.483329627982627, "under18": 195.0, "under18_moe": 74.451326381737488, "age18_64": 410.0, "age18_64_moe": 100.38426171467319, "age65plus": 58.0, "age65plus_moe": 46.82947789587238, "civilian_noninstitutionalized_population": 663.0, "civilian_noninstitutionalized_population_moe": 222.0, "uninsured": 31.0, "uninsured_moe": 35.986108430893161, "uninsured_pct": 4.675716440422323, "disability_population_base": "<NA>", "disability_population_base_moe": "<NA>", "disability": null, "disability_moe": "<NA>", "disability_pct": null, "poverty_population_base": 663.0, "poverty_population_base_moe": 222.0, "poverty": 11.0, "poverty_moe": 23.430749027719962, "poverty_pct": 1.6591251885369533, "median_household_income": "122935.0", "median_household_income_moe": "23760.0", "per_capita_income": 45231.0, "per_capita_income_moe": 8653.0, "households": "<NA>", "households_moe": "<NA>", "no_vehicle_households": "<NA>", "no_vehicle_households_moe": "<NA>", "no_vehicle_pct": null, "youth_population_pct": 29.411764705882355, "senior_population_pct": 8.7481146304675708, "healthcare_need_score": 24.283730315418421, "healthcare_need_notes": "Relative index averaging min-max normalized uninsured_pct, disability_pct, poverty_pct, no_vehicle_pct, youth_population_pct, and senior_population_pct within the retained Liberty Hill study-area block groups.", "uninsured_pct_numerator": "uninsured", "uninsured_pct_denominator": "civilian_noninstitutionalized_population", "disability_pct_numerator": "disability", "disability_pct_denominator": "disability_population_base", "poverty_pct_numerator": "poverty", "poverty_pct_denominator": "poverty_population_base", "no_vehicle_pct_numerator": "no_vehicle_households", "no_vehicle_pct_denominator": "households", "youth_population_pct_numerator": "under18", "youth_population_pct_denominator": "population", "senior_population_pct_numerator": "age65plus", "senior_population_pct_denominator": "population", "intersects_liberty_hill_city": false, "nearest_any_medical_miles": 1.5745878815490206, "nearest_primary_care_miles": 1.5745878815490206, "nearest_urgent_care_miles": 4.0883988613560325, "nearest_hospital_miles": 2.2634089420710821, "nearest_emergency_miles": 4.5289630357070614, "nearest_primary_care_minutes": null, "nearest_urgent_care_minutes": null, "nearest_hospital_minutes": null, "nearest_emergency_minutes": null, "healthcare_access_measure": "Straight-line distance", "healthcare_access_distance_band": "1-3 miles" }, "geometry": { "type": "Polygon", "coordinates": [ [ [ -97.859139, 30.532092 ], [ -97.858255, 30.532362 ], [ -97.857424, 30.532615 ], [ -97.856553, 30.532881 ], [ -97.855714, 30.533145 ], [ -97.855384, 30.532373 ], [ -97.854629, 30.532623 ], [ -97.854342, 30.532643 ], [ -97.8541, 30.532654 ], [ -97.853864, 30.533405 ], [ -97.853561, 30.533742 ], [ -97.852908, 30.533989 ], [ -97.852206, 30.534198 ], [ -97.851929, 30.533445 ], [ -97.851618, 30.532693 ], [ -97.850769, 30.532947 ], [ -97.851263, 30.534151 ], [ -97.850411, 30.534419 ], [ -97.849615, 30.53467 ], [ -97.849411, 30.534199 ], [ -97.849094, 30.533889 ], [ -97.848455, 30.534239 ], [ -97.84694, 30.534756 ], [ -97.846444, 30.533525 ], [ -97.844949, 30.529813 ], [ -97.846408, 30.529454 ], [ -97.846648, 30.529383 ], [ -97.847917, 30.52927 ], [ -97.848745, 30.529141 ], [ -97.849928, 30.528836 ], [ -97.850772, 30.52854 ], [ -97.85319, 30.527816 ], [ -97.853574, 30.527689 ], [ -97.855355, 30.527102 ], [ -97.855686, 30.527856 ], [ -97.85588, 30.528234 ], [ -97.856047, 30.528498 ], [ -97.856201, 30.528693 ], [ -97.856412, 30.528937 ], [ -97.856569, 30.52909 ], [ -97.856715, 30.529208 ], [ -97.856905, 30.52938 ], [ -97.85733, 30.529704 ], [ -97.857553, 30.529884 ], [ -97.857951, 30.530169 ], [ -97.858283, 30.53044 ], [ -97.858545, 30.530706 ], [ -97.858618, 30.530851 ], [ -97.859139, 30.532092 ] ] ] } },
{ "type": "Feature", "properties": { "GEOID": "484910203252", "NAME": "Block Group 2; Census Tract 203.25; Williamson County; Texas", "state": "48", "county": "491", "tract": "020325", "block group": "2", "population": 594.0, "population_moe": 230.0, "area_sq_miles": 0.19073814050565641, "population_density": 3114.2172112262188, "under5": 6.0, "under5_moe": 18.027756377319946, "under18": 230.0, "under18_moe": 94.556861200020805, "age18_64": 306.0, "age18_64_moe": 100.37429949942366, "age65plus": 58.0, "age65plus_moe": 52.297227459971531, "civilian_noninstitutionalized_population": 594.0, "civilian_noninstitutionalized_population_moe": 230.0, "uninsured": 157.0, "uninsured_moe": 85.551154287946346, "uninsured_pct": 26.430976430976433, "disability_population_base": "<NA>", "disability_population_base_moe": "<NA>", "disability": null, "disability_moe": "<NA>", "disability_pct": null, "poverty_population_base": 594.0, "poverty_population_base_moe": 230.0, "poverty": 21.0, "poverty_moe": 32.062439083762797, "poverty_pct": 3.535353535353535, "median_household_income": "64597.0", "median_household_income_moe": "6701.0", "per_capita_income": 23914.0, "per_capita_income_moe": 6198.0, "households": "<NA>", "households_moe": "<NA>", "no_vehicle_households": "<NA>", "no_vehicle_households_moe": "<NA>", "no_vehicle_pct": null, "youth_population_pct": 38.72053872053872, "senior_population_pct": 9.7643097643097647, "healthcare_need_score": 47.358228049021349, "healthcare_need_notes": "Relative index averaging min-max normalized uninsured_pct, disability_pct, poverty_pct, no_vehicle_pct, youth_population_pct, and senior_population_pct within the retained Liberty Hill study-area block groups.", "uninsured_pct_numerator": "uninsured", "uninsured_pct_denominator": "civilian_noninstitutionalized_population", "disability_pct_numerator": "disability", "disability_pct_denominator": "disability_population_base", "poverty_pct_numerator": "poverty", "poverty_pct_denominator": "poverty_population_base", "no_vehicle_pct_numerator": "no_vehicle_households", "no_vehicle_pct_denominator": "households", "youth_population_pct_numerator": "under18", "youth_population_pct_denominator": "population", "senior_population_pct_numerator": "age65plus", "senior_population_pct_denominator": "population", "intersects_liberty_hill_city": false, "nearest_any_medical_miles": 1.4293621357397912, "nearest_primary_care_miles": 1.4293621357397912, "nearest_urgent_care_miles": 3.7942880304164728, "nearest_hospital_miles": 1.5688729114856608, "nearest_emergency_miles": 4.1831760198763703, "nearest_primary_care_minutes": null, "nearest_urgent_care_minutes": null, "nearest_hospital_minutes": null, "nearest_emergency_minutes": null, "healthcare_access_measure": "Straight-line distance", "healthcare_access_distance_band": "1-3 miles" }, "geometry": { "type": "Polygon", "coordinates": [ [ [ -97.842782, 30.542968 ], [ -97.841995, 30.543211 ], [ -97.841267, 30.543442 ], [ -97.84054, 30.543683 ], [ -97.840211, 30.543785 ], [ -97.84004, 30.543838 ], [ -97.839586, 30.542828 ], [ -97.839534, 30.542712 ], [ -97.838394, 30.540174 ], [ -97.838212, 30.539742 ], [ -97.838109, 30.539498 ], [ -97.837794, 30.538748 ], [ -97.836554, 30.536025 ], [ -97.835201, 30.532905 ], [ -97.836347, 30.532523 ], [ -97.839039, 30.531569 ], [ -97.839346, 30.532374 ], [ -97.839386, 30.532633 ], [ -97.839322, 30.532846 ], [ -97.839595, 30.533091 ], [ -97.839885, 30.533617 ], [ -97.840376, 30.534799 ], [ -97.841353, 30.537209 ], [ -97.841631, 30.537894 ], [ -97.841797, 30.53874 ], [ -97.841956, 30.538844 ], [ -97.842075, 30.538995 ], [ -97.842196, 30.53924 ], [ -97.842274, 30.539469 ], [ -97.843542, 30.54274 ], [ -97.842782, 30.542968 ] ] ] } },
{ "type": "Feature", "properties": { "GEOID": "484910202031", "NAME": "Block Group 1; Census Tract 202.03; Williamson County; Texas", "state": "48", "county": "491", "tract": "020203", "block group": "1", "population": 854.0, "population_moe": 224.0, "area_sq_miles": 0.40194587574522583, "population_density": 2124.6641688178674, "under5": 0.0, "under5_moe": 21.213203435596427, "under18": 0.0, "under18_moe": 42.426406871192853, "age18_64": 109.0, "age18_64_moe": 119.31470990619724, "age65plus": 745.0, "age65plus_moe": 180.89223311131963, "civilian_noninstitutionalized_population": 854.0, "civilian_noninstitutionalized_population_moe": 224.0, "uninsured": 58.0, "uninsured_moe": 76.54410493303844, "uninsured_pct": 6.7915690866510543, "disability_population_base": "<NA>", "disability_population_base_moe": "<NA>", "disability": null, "disability_moe": "<NA>", "disability_pct": null, "poverty_population_base": 854.0, "poverty_population_base_moe": 224.0, "poverty": 36.0, "poverty_moe": 43.657759905886145, "poverty_pct": 4.2154566744730682, "median_household_income": "139211.0", "median_household_income_moe": "43956.0", "per_capita_income": 80126.0, "per_capita_income_moe": 14922.0, "households": "<NA>", "households_moe": "<NA>", "no_vehicle_households": "<NA>", "no_vehicle_households_moe": "<NA>", "no_vehicle_pct": null, "youth_population_pct": 0.0, "senior_population_pct": 87.236533957845424, "healthcare_need_score": 31.935459316390784, "healthcare_need_notes": "Relative index averaging min-max normalized uninsured_pct, disability_pct, poverty_pct, no_vehicle_pct, youth_population_pct, and senior_population_pct within the retained Liberty Hill study-area block groups.", "uninsured_pct_numerator": "uninsured", "uninsured_pct_denominator": "civilian_noninstitutionalized_population", "disability_pct_numerator": "disability", "disability_pct_denominator": "disability_population_base", "poverty_pct_numerator": "poverty", "poverty_pct_denominator": "poverty_population_base", "no_vehicle_pct_numerator": "no_vehicle_households", "no_vehicle_pct_denominator": "households", "youth_population_pct_numerator": "under18", "youth_population_pct_denominator": "population", "senior_population_pct_numerator": "age65plus", "senior_population_pct_denominator": "population", "intersects_liberty_hill_city": false, "nearest_any_medical_miles": 1.8678451030722016, "nearest_primary_care_miles": 1.8678451030722016, "nearest_urgent_care_miles": 10.51127771174396, "nearest_hospital_miles": 7.3817695607845355, "nearest_emergency_miles": 11.448942498137509, "nearest_primary_care_minutes": null, "nearest_urgent_care_minutes": null, "nearest_hospital_minutes": null, "nearest_emergency_minutes": null, "healthcare_access_measure": "Straight-line distance", "healthcare_access_distance_band": "1-3 miles" }, "geometry": { "type": "Polygon", "coordinates": [ [ [ -97.742955, 30.732906 ], [ -97.742609, 30.733226 ], [ -97.741883, 30.733682 ], [ -97.741834, 30.733802 ], [ -97.741705, 30.733794 ], [ -97.741405, 30.733916 ], [ -97.741141, 30.734017 ], [ -97.740837, 30.734102 ], [ -97.740714, 30.734209 ], [ -97.74059, 30.734165 ], [ -97.740362, 30.734191 ], [ -97.740016, 30.734196 ], [ -97.739596, 30.734159 ], [ -97.739323, 30.734113 ], [ -97.738871, 30.733985 ], [ -97.738758, 30.733923 ], [ -97.73862, 30.733852 ], [ -97.737677, 30.733518 ], [ -97.736949, 30.733259 ], [ -97.73669, 30.733171 ], [ -97.7364, 30.733081 ], [ -97.736487, 30.732834 ], [ -97.736595, 30.732474 ], [ -97.736659, 30.731992 ], [ -97.736644, 30.731629 ], [ -97.736635, 30.731475 ], [ -97.73653, 30.730789 ], [ -97.73629, 30.730135 ], [ -97.735917, 30.729615 ], [ -97.73573, 30.729361 ], [ -97.73553, 30.729188 ], [ -97.734969, 30.728734 ], [ -97.734398, 30.728326 ], [ -97.733048, 30.727307 ], [ -97.7325, 30.726824 ], [ -97.732243, 30.726606 ], [ -97.731781, 30.72622 ], [ -97.731756, 30.726193 ], [ -97.731481, 30.725881 ], [ -97.731375, 30.725761 ], [ -97.731184, 30.725545 ], [ -97.731046, 30.725339 ], [ -97.730858, 30.725002 ], [ -97.730726, 30.724734 ], [ -97.730686, 30.724652 ], [ -97.730451, 30.724161 ], [ -97.730305, 30.7238 ], [ -97.729894, 30.722868 ], [ -97.729858, 30.722795 ], [ -97.729567, 30.722144 ], [ -97.729467, 30.721935 ], [ -97.729319, 30.721657 ], [ -97.729163, 30.721403 ], [ -97.728976, 30.721147 ], [ -97.728765, 30.720846 ], [ -97.728713, 30.720768 ], [ -97.728609, 30.720613 ], [ -97.72852, 30.72048 ], [ -97.728165, 30.719973 ], [ -97.727745, 30.719362 ], [ -97.727522, 30.719151 ], [ -97.727374, 30.71895 ], [ -97.727281, 30.718818 ], [ -97.727374, 30.718793 ], [ -97.72742, 30.718759 ], [ -97.727481, 30.718716 ], [ -97.727525, 30.718686 ], [ -97.727718, 30.718617 ], [ -97.728005, 30.71858 ], [ -97.72815, 30.718562 ], [ -97.728259, 30.718529 ], [ -97.728475, 30.718413 ], [ -97.728921, 30.718083 ], [ -97.729156, 30.717868 ], [ -97.729182, 30.718006 ], [ -97.729175, 30.718105 ], [ -97.729137, 30.718286 ], [ -97.729112, 30.718583 ], [ -97.729112, 30.718721 ], [ -97.72915, 30.718919 ], [ -97.729233, 30.719221 ], [ -97.729297, 30.719364 ], [ -97.729386, 30.719485 ], [ -97.729494, 30.719595 ], [ -97.72987, 30.719843 ], [ -97.730026, 30.719932 ], [ -97.730634, 30.720277 ], [ -97.731194, 30.720612 ], [ -97.731519, 30.72086 ], [ -97.731882, 30.721168 ], [ -97.732391, 30.721712 ], [ -97.732557, 30.721833 ], [ -97.732646, 30.721871 ], [ -97.732729, 30.721882 ], [ -97.733194, 30.721838 ], [ -97.733684, 30.721722 ], [ -97.734008, 30.721601 ], [ -97.734454, 30.721359 ], [ -97.735001, 30.721001 ], [ -97.73509, 30.720913 ], [ -97.735377, 30.72071 ], [ -97.73593, 30.720413 ], [ -97.736185, 30.720226 ], [ -97.73628, 30.720198 ], [ -97.736325, 30.720215 ], [ -97.736401, 30.720335 ], [ -97.736452, 30.720385 ], [ -97.736497, 30.720407 ], [ -97.736561, 30.720412 ], [ -97.736713, 30.720385 ], [ -97.737012, 30.72028 ], [ -97.73721, 30.720291 ], [ -97.737433, 30.72033 ], [ -97.73777, 30.720478 ], [ -97.737859, 30.720566 ], [ -97.73798, 30.720659 ], [ -97.738025, 30.720786 ], [ -97.738197, 30.721182 ], [ -97.738293, 30.721539 ], [ -97.738389, 30.722152 ], [ -97.738446, 30.722518 ], [ -97.738605, 30.722804 ], [ -97.738663, 30.723024 ], [ -97.73872, 30.723156 ], [ -97.738809, 30.723277 ], [ -97.738854, 30.723514 ], [ -97.73916, 30.723827 ], [ -97.739554, 30.724349 ], [ -97.739892, 30.72469 ], [ -97.74016, 30.724981 ], [ -97.740586, 30.725361 ], [ -97.740867, 30.725652 ], [ -97.740822, 30.725801 ], [ -97.740822, 30.725883 ], [ -97.74079, 30.725977 ], [ -97.740746, 30.726015 ], [ -97.740714, 30.726059 ], [ -97.740631, 30.726323 ], [ -97.740644, 30.72645 ], [ -97.740689, 30.726615 ], [ -97.74071, 30.726657 ], [ -97.740746, 30.72673 ], [ -97.740905, 30.726972 ], [ -97.740969, 30.727126 ], [ -97.741065, 30.727445 ], [ -97.741065, 30.727528 ], [ -97.741033, 30.727632 ], [ -97.741027, 30.728001 ], [ -97.740926, 30.729134 ], [ -97.740926, 30.729706 ], [ -97.740907, 30.729887 ], [ -97.741124, 30.730618 ], [ -97.741079, 30.730717 ], [ -97.741041, 30.730723 ], [ -97.741079, 30.730855 ], [ -97.741181, 30.731042 ], [ -97.741277, 30.731278 ], [ -97.7415, 30.731548 ], [ -97.741646, 30.731696 ], [ -97.742124, 30.732263 ], [ -97.742303, 30.732389 ], [ -97.742385, 30.732466 ], [ -97.742487, 30.732521 ], [ -97.742538, 30.732559 ], [ -97.742748, 30.732774 ], [ -97.742955, 30.732906 ] ] ] } },
{ "type": "Feature", "properties": { "GEOID": "484910201091", "NAME": "Block Group 1; Census Tract 201.09; Williamson County; Texas", "state": "48", "county": "491", "tract": "020109", "block group": "1", "population": 1521.0, "population_moe": 494.0, "area_sq_miles": 6.5626361435756957, "population_density": 231.76662041349638, "under5": 38.0, "under5_moe": 39.560080889704963, "under18": 204.0, "under18_moe": 93.87757985802574, "age18_64": 971.0, "age18_64_moe": 295.447118787779, "age65plus": 346.0, "age65plus_moe": 106.35318518972528, "civilian_noninstitutionalized_population": 1521.0, "civilian_noninstitutionalized_population_moe": 494.0, "uninsured": 38.0, "uninsured_moe": 36.810324638611924, "uninsured_pct": 2.4983563445101908, "disability_population_base": "<NA>", "disability_population_base_moe": "<NA>", "disability": null, "disability_moe": "<NA>", "disability_pct": null, "poverty_population_base": 1521.0, "poverty_population_base_moe": 494.0, "poverty": 27.0, "poverty_moe": 27.586228448267445, "poverty_pct": 1.7751479289940828, "median_household_income": "133750.0", "median_household_income_moe": "44355.0", "per_capita_income": 86403.0, "per_capita_income_moe": 22936.0, "households": "<NA>", "households_moe": "<NA>", "no_vehicle_households": "<NA>", "no_vehicle_households_moe": "<NA>", "no_vehicle_pct": null, "youth_population_pct": 13.412228796844181, "senior_population_pct": 22.748191978961209, "healthcare_need_score": 16.959720319295844, "healthcare_need_notes": "Relative index averaging min-max normalized uninsured_pct, disability_pct, poverty_pct, no_vehicle_pct, youth_population_pct, and senior_population_pct within the retained Liberty Hill study-area block groups.", "uninsured_pct_numerator": "uninsured", "uninsured_pct_denominator": "civilian_noninstitutionalized_population", "disability_pct_numerator": "disability", "disability_pct_denominator": "disability_population_base", "poverty_pct_numerator": "poverty", "poverty_pct_denominator": "poverty_population_base", "no_vehicle_pct_numerator": "no_vehicle_households", "no_vehicle_pct_denominator": "households", "youth_population_pct_numerator": "under18", "youth_population_pct_denominator": "population", "senior_population_pct_numerator": "age65plus", "senior_population_pct_denominator": "population", "intersects_liberty_hill_city": false, "nearest_any_medical_miles": 2.9751605861833403, "nearest_primary_care_miles": 2.9751605861833403, "nearest_urgent_care_miles": 6.8868850354289517, "nearest_hospital_miles": 7.2808250098789005, "nearest_emergency_miles": 7.7721870642795254, "nearest_primary_care_minutes": null, "nearest_urgent_care_minutes": null, "nearest_hospital_minutes": null, "nearest_emergency_minutes": null, "healthcare_access_measure": "Straight-line distance", "healthcare_access_distance_band": "1-3 miles" }, "geometry": { "type": "Polygon", "coordinates": [ [ [ -97.827693, 30.70253 ], [ -97.827635, 30.702717 ], [ -97.827654, 30.702772 ], [ -97.827661, 30.702854 ], [ -97.827635, 30.702893 ], [ -97.827584, 30.702942 ], [ -97.827546, 30.703003 ], [ -97.827521, 30.703102 ], [ -97.827508, 30.703228 ], [ -97.827476, 30.703322 ], [ -97.82743, 30.703402 ], [ -97.827245, 30.703423 ], [ -97.824877, 30.703602 ], [ -97.823542, 30.703703 ], [ -97.821878, 30.703841 ], [ -97.821363, 30.703903 ], [ -97.821092, 30.703949 ], [ -97.820797, 30.704018 ], [ -97.819846, 30.704318 ], [ -97.818435, 30.70503 ], [ -97.817595, 30.705598 ], [ -97.815387, 30.707092 ], [ -97.813904, 30.708104 ], [ -97.813004, 30.708718 ], [ -97.811743, 30.709577 ], [ -97.811254, 30.709857 ], [ -97.811125, 30.709931 ], [ -97.810925, 30.710046 ], [ -97.807528, 30.711841 ], [ -97.805758, 30.712762 ], [ -97.80523, 30.713023 ], [ -97.80497, 30.713127 ], [ -97.804702, 30.713215 ], [ -97.804427, 30.713286 ], [ -97.804147, 30.71334 ], [ -97.803864, 30.713376 ], [ -97.803491, 30.713416 ], [ -97.803253, 30.713426 ], [ -97.803211, 30.713428 ], [ -97.802931, 30.713421 ], [ -97.802776, 30.713409 ], [ -97.802699, 30.713401 ], [ -97.801725, 30.713259 ], [ -97.798428, 30.712766 ], [ -97.797836, 30.712685 ], [ -97.797799, 30.71268 ], [ -97.797144, 30.712605 ], [ -97.796973, 30.712586 ], [ -97.796621, 30.71256 ], [ -97.79635, 30.712538 ], [ -97.795178, 30.712446 ], [ -97.794899, 30.712423 ], [ -97.793525, 30.712335 ], [ -97.793346, 30.712311 ], [ -97.79308, 30.712261 ], [ -97.79282, 30.712193 ], [ -97.792573, 30.712112 ], [ -97.792448, 30.712063 ], [ -97.792401, 30.712045 ], [ -97.792075, 30.711895 ], [ -97.791824, 30.711764 ], [ -97.791585, 30.711617 ], [ -97.79136, 30.711454 ], [ -97.790559, 30.710919 ], [ -97.789815, 30.710429 ], [ -97.789592, 30.710283 ], [ -97.78848, 30.709551 ], [ -97.787886, 30.709166 ], [ -97.787641, 30.709007 ], [ -97.787185, 30.708691 ], [ -97.786969, 30.708536 ], [ -97.786586, 30.708187 ], [ -97.786542, 30.708144 ], [ -97.786086, 30.707694 ], [ -97.785802, 30.707412 ], [ -97.785607, 30.70723 ], [ -97.785399, 30.70706 ], [ -97.785178, 30.706903 ], [ -97.784888, 30.706735 ], [ -97.782487, 30.70553 ], [ -97.782336, 30.705465 ], [ -97.781877, 30.70528 ], [ -97.781479, 30.705192 ], [ -97.780587, 30.705047 ], [ -97.780516, 30.705035 ], [ -97.779925, 30.704945 ], [ -97.779887, 30.704939 ], [ -97.779669, 30.704918 ], [ -97.779405, 30.704907 ], [ -97.77914, 30.704912 ], [ -97.778876, 30.704936 ], [ -97.778615, 30.704977 ], [ -97.778358, 30.705032 ], [ -97.778108, 30.705103 ], [ -97.777533, 30.705301 ], [ -97.777263, 30.705403 ], [ -97.776383, 30.703344 ], [ -97.775504, 30.701262 ], [ -97.774197, 30.701801 ], [ -97.771816, 30.702088 ], [ -97.771714, 30.701967 ], [ -97.7716, 30.701753 ], [ -97.771504, 30.701384 ], [ -97.771498, 30.701214 ], [ -97.771435, 30.701038 ], [ -97.771397, 30.700834 ], [ -97.771384, 30.700686 ], [ -97.771346, 30.700493 ], [ -97.771289, 30.700361 ], [ -97.771174, 30.700163 ], [ -97.771161, 30.700114 ], [ -97.771206, 30.699982 ], [ -97.771219, 30.699894 ], [ -97.771206, 30.699751 ], [ -97.771117, 30.699487 ], [ -97.770939, 30.699245 ], [ -97.770856, 30.699157 ], [ -97.770774, 30.699085 ], [ -97.770405, 30.698926 ], [ -97.770214, 30.698821 ], [ -97.769692, 30.698485 ], [ -97.769526, 30.698408 ], [ -97.76917, 30.698309 ], [ -97.76882, 30.698254 ], [ -97.76868, 30.698221 ], [ -97.768406, 30.698133 ], [ -97.768241, 30.698094 ], [ -97.767732, 30.698034 ], [ -97.767446, 30.698034 ], [ -97.767267, 30.698023 ], [ -97.766516, 30.697786 ], [ -97.766198, 30.697566 ], [ -97.765969, 30.697384 ], [ -97.765734, 30.697301 ], [ -97.765378, 30.697202 ], [ -97.765212, 30.697164 ], [ -97.764875, 30.697065 ], [ -97.76476, 30.697044 ], [ -97.764665, 30.697026 ], [ -97.76448, 30.696943 ], [ -97.764016, 30.696778 ], [ -97.7638, 30.696687 ], [ -97.763532, 30.696575 ], [ -97.763392, 30.696503 ], [ -97.763004, 30.696365 ], [ -97.762915, 30.696316 ], [ -97.7628, 30.696288 ], [ -97.762527, 30.696107 ], [ -97.762419, 30.696008 ], [ -97.762279, 30.695865 ], [ -97.762139, 30.695689 ], [ -97.761865, 30.695419 ], [ -97.761687, 30.69532 ], [ -97.760968, 30.695039 ], [ -97.760777, 30.694978 ], [ -97.760402, 30.69483 ], [ -97.760179, 30.694725 ], [ -97.759988, 30.694604 ], [ -97.759855, 30.694478 ], [ -97.759734, 30.694291 ], [ -97.75967, 30.694093 ], [ -97.759658, 30.69395 ], [ -97.759607, 30.693735 ], [ -97.759512, 30.693614 ], [ -97.759194, 30.693344 ], [ -97.758939, 30.693014 ], [ -97.75873, 30.692206 ], [ -97.758723, 30.691931 ], [ -97.758736, 30.691793 ], [ -97.758774, 30.691678 ], [ -97.758851, 30.69154 ], [ -97.758915, 30.691491 ], [ -97.759071, 30.691417 ], [ -97.759239, 30.691337 ], [ -97.759335, 30.691271 ], [ -97.759443, 30.691123 ], [ -97.759475, 30.691013 ], [ -97.759513, 30.690749 ], [ -97.759609, 30.690496 ], [ -97.759698, 30.690297 ], [ -97.759735, 30.690211 ], [ -97.7598, 30.690067 ], [ -97.760099, 30.689352 ], [ -97.760061, 30.688983 ], [ -97.760036, 30.688873 ], [ -97.759992, 30.688752 ], [ -97.759858, 30.68862 ], [ -97.759818, 30.688597 ], [ -97.759744, 30.688554 ], [ -97.759693, 30.688499 ], [ -97.759686, 30.688318 ], [ -97.759737, 30.688213 ], [ -97.75975, 30.688142 ], [ -97.759699, 30.688026 ], [ -97.759521, 30.687823 ], [ -97.759362, 30.687713 ], [ -97.759248, 30.687685 ], [ -97.759159, 30.687624 ], [ -97.758974, 30.687305 ], [ -97.758847, 30.68719 ], [ -97.758726, 30.687124 ], [ -97.758567, 30.687063 ], [ -97.758357, 30.687041 ], [ -97.758013, 30.687057 ], [ -97.757943, 30.687063 ], [ -97.757676, 30.68692 ], [ -97.757498, 30.686846 ], [ -97.757422, 30.686815 ], [ -97.757136, 30.686661 ], [ -97.756913, 30.686595 ], [ -97.756569, 30.686474 ], [ -97.756226, 30.686298 ], [ -97.7562, 30.686243 ], [ -97.75616, 30.68604 ], [ -97.756095, 30.685831 ], [ -97.756025, 30.685729 ], [ -97.755783, 30.685665 ], [ -97.7554, 30.685682 ], [ -97.754114, 30.685855 ], [ -97.753068, 30.685857 ], [ -97.752019, 30.685726 ], [ -97.751461, 30.68538 ], [ -97.750916, 30.685043 ], [ -97.749738, 30.683676 ], [ -97.749334, 30.6824 ], [ -97.74906, 30.681608 ], [ -97.747835, 30.680211 ], [ -97.74705, 30.679644 ], [ -97.744715, 30.677956 ], [ -97.744334, 30.67768 ], [ -97.747968, 30.67704 ], [ -97.749351, 30.676796 ], [ -97.750715, 30.675774 ], [ -97.751034, 30.6747 ], [ -97.751133, 30.674366 ], [ -97.751174, 30.674228 ], [ -97.751371, 30.670917 ], [ -97.751808, 30.669391 ], [ -97.752425, 30.669084 ], [ -97.753537, 30.668974 ], [ -97.756422, 30.668994 ], [ -97.757924, 30.669136 ], [ -97.761191, 30.66996 ], [ -97.764461, 30.671935 ], [ -97.76618, 30.672824 ], [ -97.767286, 30.673983 ], [ -97.77085, 30.676966 ], [ -97.77292, 30.678043 ], [ -97.775207, 30.679206 ], [ -97.776382, 30.679652 ], [ -97.778798, 30.68035 ], [ -97.780598, 30.680954 ], [ -97.781219, 30.68063 ], [ -97.782304, 30.680064 ], [ -97.783127, 30.680132 ], [ -97.783171, 30.680136 ], [ -97.784305, 30.680218 ], [ -97.785582, 30.680756 ], [ -97.786648, 30.681402 ], [ -97.788195, 30.682304 ], [ -97.789646, 30.682924 ], [ -97.791342, 30.68381 ], [ -97.792682, 30.68451 ], [ -97.793839, 30.685242 ], [ -97.793971, 30.68548 ], [ -97.794253, 30.685816 ], [ -97.795359, 30.687133 ], [ -97.795715, 30.687498 ], [ -97.795759, 30.687526 ], [ -97.795947, 30.687643 ], [ -97.797512, 30.688341 ], [ -97.798918, 30.688871 ], [ -97.800194, 30.689516 ], [ -97.801488, 30.690466 ], [ -97.802135, 30.690703 ], [ -97.803004, 30.690803 ], [ -97.803703, 30.690733 ], [ -97.804496, 30.690522 ], [ -97.805543, 30.690044 ], [ -97.806446, 30.689963 ], [ -97.806904, 30.68989 ], [ -97.807312, 30.689633 ], [ -97.808171, 30.688933 ], [ -97.808614, 30.688542 ], [ -97.809025, 30.688317 ], [ -97.80919, 30.688293 ], [ -97.809428, 30.68838 ], [ -97.809615, 30.688505 ], [ -97.810098, 30.688882 ], [ -97.81104, 30.689651 ], [ -97.811352, 30.689856 ], [ -97.812588, 30.690668 ], [ -97.812615, 30.690686 ], [ -97.813978, 30.691557 ], [ -97.814921, 30.692062 ], [ -97.816981, 30.693386 ], [ -97.817991, 30.694551 ], [ -97.818678, 30.695466 ], [ -97.819369, 30.696587 ], [ -97.819738, 30.697009 ], [ -97.820292, 30.697368 ], [ -97.820957, 30.697614 ], [ -97.821344, 30.697702 ], [ -97.821476, 30.697741 ], [ -97.8231, 30.698027 ], [ -97.823473, 30.698052 ], [ -97.82383, 30.698005 ], [ -97.82439, 30.697897 ], [ -97.82479, 30.697802 ], [ -97.825038, 30.697954 ], [ -97.825114, 30.69802 ], [ -97.825153, 30.698069 ], [ -97.825172, 30.698212 ], [ -97.825153, 30.698311 ], [ -97.82507, 30.698487 ], [ -97.825051, 30.698575 ], [ -97.825063, 30.698669 ], [ -97.825102, 30.698729 ], [ -97.825172, 30.698784 ], [ -97.825254, 30.698812 ], [ -97.825363, 30.698823 ], [ -97.825891, 30.698812 ], [ -97.826031, 30.698823 ], [ -97.826343, 30.698894 ], [ -97.82661, 30.698971 ], [ -97.827094, 30.699142 ], [ -97.827329, 30.69929 ], [ -97.827463, 30.699411 ], [ -97.827571, 30.69967 ], [ -97.827648, 30.699934 ], [ -97.827673, 30.700071 ], [ -97.827673, 30.700187 ], [ -97.827629, 30.700429 ], [ -97.827495, 30.700698 ], [ -97.827451, 30.700869 ], [ -97.827406, 30.701155 ], [ -97.827412, 30.701309 ], [ -97.827559, 30.702013 ], [ -97.827674, 30.702205 ], [ -97.827699, 30.702321 ], [ -97.827693, 30.70253 ] ] ] } },
{ "type": "Feature", "properties": { "GEOID": "484910201111", "NAME": "Block Group 1; Census Tract 201.11; Williamson County; Texas", "state": "48", "county": "491", "tract": "020111", "block group": "1", "population": 3063.0, "population_moe": 989.0, "area_sq_miles": 1.8257978808099418, "population_density": 1677.6227161799659, "under5": 62.0, "under5_moe": 57.008771254956898, "under18": 683.0, "under18_moe": 509.86959117013441, "age18_64": 1163.0, "age18_64_moe": 316.25938721245888, "age65plus": 1217.0, "age65plus_moe": 262.89731835832788, "civilian_noninstitutionalized_population": 3041.0, "civilian_noninstitutionalized_population_moe": 989.0, "uninsured": 9.0, "uninsured_moe": 26.739483914241877, "uninsured_pct": 0.29595527786912201, "disability_population_base": "<NA>", "disability_population_base_moe": "<NA>", "disability": null, "disability_moe": "<NA>", "disability_pct": null, "poverty_population_base": 3041.0, "poverty_population_base_moe": 989.0, "poverty": 142.0, "poverty_moe": 105.19030373565806, "poverty_pct": 4.6695166063794806, "median_household_income": "115673.0", "median_household_income_moe": "27081.0", "per_capita_income": 62970.0, "per_capita_income_moe": 17663.0, "households": "<NA>", "households_moe": "<NA>", "no_vehicle_households": "<NA>", "no_vehicle_households_moe": "<NA>", "no_vehicle_pct": null, "youth_population_pct": 22.298400261181847, "senior_population_pct": 39.732288605941882, "healthcare_need_score": 27.620707488323674, "healthcare_need_notes": "Relative index averaging min-max normalized uninsured_pct, disability_pct, poverty_pct, no_vehicle_pct, youth_population_pct, and senior_population_pct within the retained Liberty Hill study-area block groups.", "uninsured_pct_numerator": "uninsured", "uninsured_pct_denominator": "civilian_noninstitutionalized_population", "disability_pct_numerator": "disability", "disability_pct_denominator": "disability_population_base", "poverty_pct_numerator": "poverty", "poverty_pct_denominator": "poverty_population_base", "no_vehicle_pct_numerator": "no_vehicle_households", "no_vehicle_pct_denominator": "households", "youth_population_pct_numerator": "under18", "youth_population_pct_denominator": "population", "senior_population_pct_numerator": "age65plus", "senior_population_pct_denominator": "population", "intersects_liberty_hill_city": false, "nearest_any_medical_miles": 2.6448524058577179, "nearest_primary_care_miles": 2.6448524058577179, "nearest_urgent_care_miles": 10.365015283663265, "nearest_hospital_miles": 3.0909865373317986, "nearest_emergency_miles": 9.9770262664326008, "nearest_primary_care_minutes": null, "nearest_urgent_care_minutes": null, "nearest_hospital_minutes": null, "nearest_emergency_minutes": null, "healthcare_access_measure": "Straight-line distance", "healthcare_access_distance_band": "1-3 miles" }, "geometry": { "type": "Polygon", "coordinates": [ [ [ -97.726718, 30.66655 ], [ -97.722565, 30.669016 ], [ -97.722369, 30.669153 ], [ -97.7221, 30.669376 ], [ -97.721935, 30.669533 ], [ -97.721785, 30.669699 ], [ -97.721647, 30.669874 ], [ -97.721525, 30.670056 ], [ -97.721417, 30.670246 ], [ -97.721301, 30.670493 ], [ -97.721208, 30.670746 ], [ -97.721138, 30.671005 ], [ -97.721093, 30.671268 ], [ -97.720726, 30.673808 ], [ -97.720512, 30.67525 ], [ -97.720503, 30.675324 ], [ -97.720502, 30.675479 ], [ -97.720444, 30.675775 ], [ -97.720418, 30.675912 ], [ -97.720337, 30.676448 ], [ -97.720291, 30.676754 ], [ -97.720059, 30.677932 ], [ -97.719866, 30.678863 ], [ -97.719722, 30.679432 ], [ -97.719547, 30.679774 ], [ -97.719373, 30.680109 ], [ -97.719155, 30.680529 ], [ -97.718664, 30.681372 ], [ -97.71857, 30.681519 ], [ -97.718048, 30.682337 ], [ -97.717847, 30.682775 ], [ -97.71776, 30.682926 ], [ -97.71754, 30.682913 ], [ -97.717317, 30.682852 ], [ -97.716879, 30.682661 ], [ -97.71628, 30.682407 ], [ -97.715037, 30.681818 ], [ -97.714754, 30.681659 ], [ -97.71444, 30.681483 ], [ -97.713878, 30.681099 ], [ -97.712868, 30.680455 ], [ -97.712055, 30.679922 ], [ -97.711117, 30.67936 ], [ -97.710567, 30.678986 ], [ -97.709972, 30.678591 ], [ -97.708024, 30.677342 ], [ -97.707069, 30.676755 ], [ -97.706995, 30.676709 ], [ -97.705417, 30.675799 ], [ -97.703472, 30.674696 ], [ -97.703214, 30.67455 ], [ -97.701581, 30.673613 ], [ -97.701345, 30.673477 ], [ -97.701299, 30.673451 ], [ -97.701109, 30.673341 ], [ -97.700541, 30.673011 ], [ -97.700413, 30.672936 ], [ -97.700272, 30.672836 ], [ -97.699998, 30.672631 ], [ -97.69969, 30.672379 ], [ -97.699525, 30.672225 ], [ -97.699291, 30.671983 ], [ -97.69911, 30.67178 ], [ -97.698793, 30.67139 ], [ -97.698327, 30.670827 ], [ -97.697852, 30.670243 ], [ -97.696627, 30.668771 ], [ -97.695497, 30.66737 ], [ -97.695404, 30.667186 ], [ -97.695237, 30.666984 ], [ -97.693446, 30.664822 ], [ -97.69298, 30.664258 ], [ -97.69218, 30.663291 ], [ -97.69173, 30.662754 ], [ -97.690052, 30.660726 ], [ -97.691307, 30.660446 ], [ -97.692446, 30.660194 ], [ -97.692559, 30.66013 ], [ -97.693182, 30.659604 ], [ -97.693905, 30.658981 ], [ -97.694818, 30.658524 ], [ -97.69553, 30.658209 ], [ -97.69664, 30.657849 ], [ -97.697346, 30.657618 ], [ -97.696538, 30.656117 ], [ -97.696272, 30.655616 ], [ -97.696162, 30.655446 ], [ -97.696112, 30.655396 ], [ -97.69605, 30.655356 ], [ -97.695984, 30.655324 ], [ -97.695911, 30.655303 ], [ -97.695835, 30.655297 ], [ -97.695759, 30.655298 ], [ -97.695711, 30.655305 ], [ -97.695627, 30.655328 ], [ -97.695544, 30.655368 ], [ -97.695486, 30.655405 ], [ -97.694685, 30.65607 ], [ -97.694127, 30.655421 ], [ -97.694087, 30.655362 ], [ -97.693959, 30.655199 ], [ -97.693931, 30.655122 ], [ -97.694053, 30.654988 ], [ -97.694176, 30.654883 ], [ -97.694284, 30.654806 ], [ -97.694335, 30.654762 ], [ -97.694375, 30.654716 ], [ -97.694402, 30.654662 ], [ -97.694431, 30.654544 ], [ -97.694406, 30.654426 ], [ -97.694375, 30.65437 ], [ -97.694027, 30.653955 ], [ -97.693448, 30.653259 ], [ -97.693828, 30.652959 ], [ -97.694017, 30.652831 ], [ -97.694113, 30.652775 ], [ -97.694188, 30.652743 ], [ -97.694293, 30.652715 ], [ -97.694376, 30.652703 ], [ -97.694621, 30.6527 ], [ -97.694751, 30.652725 ], [ -97.694896, 30.65278 ], [ -97.695034, 30.652843 ], [ -97.695385, 30.653054 ], [ -97.695544, 30.653164 ], [ -97.69564, 30.653238 ], [ -97.695731, 30.653319 ], [ -97.695849, 30.653487 ], [ -97.695907, 30.653609 ], [ -97.696003, 30.653711 ], [ -97.69609, 30.653773 ], [ -97.696205, 30.653783 ], [ -97.696285, 30.653755 ], [ -97.696328, 30.653731 ], [ -97.696357, 30.653716 ], [ -97.696532, 30.653603 ], [ -97.696569, 30.65358 ], [ -97.696587, 30.653634 ], [ -97.696603, 30.653681 ], [ -97.696658, 30.653778 ], [ -97.697096, 30.654554 ], [ -97.697689, 30.655336 ], [ -97.698443, 30.656495 ], [ -97.698548, 30.656656 ], [ -97.699057, 30.65744 ], [ -97.699968, 30.658376 ], [ -97.701002, 30.659104 ], [ -97.701827, 30.660007 ], [ -97.702095, 30.660231 ], [ -97.703164, 30.661458 ], [ -97.703254, 30.661618 ], [ -97.703335, 30.662041 ], [ -97.703609, 30.662528 ], [ -97.704295, 30.663126 ], [ -97.704309, 30.663138 ], [ -97.704684, 30.663356 ], [ -97.704867, 30.663373 ], [ -97.705089, 30.663394 ], [ -97.705738, 30.663292 ], [ -97.706166, 30.663014 ], [ -97.706479, 30.662811 ], [ -97.706543, 30.662582 ], [ -97.706832, 30.661561 ], [ -97.706969, 30.661428 ], [ -97.70751, 30.661253 ], [ -97.707674, 30.661243 ], [ -97.708298, 30.661205 ], [ -97.708753, 30.661242 ], [ -97.70923, 30.66137 ], [ -97.709953, 30.661642 ], [ -97.710186, 30.661773 ], [ -97.710751, 30.662092 ], [ -97.71203, 30.662509 ], [ -97.713655, 30.66284 ], [ -97.714564, 30.66286 ], [ -97.715305, 30.662753 ], [ -97.715582, 30.662674 ], [ -97.715944, 30.662496 ], [ -97.716436, 30.662471 ], [ -97.717169, 30.662513 ], [ -97.717411, 30.662552 ], [ -97.718564, 30.662949 ], [ -97.719501, 30.663365 ], [ -97.720057, 30.663681 ], [ -97.720517, 30.663883 ], [ -97.720665, 30.663948 ], [ -97.720867, 30.664037 ], [ -97.720945, 30.664071 ], [ -97.720968, 30.664079 ], [ -97.72101, 30.664094 ], [ -97.721331, 30.664208 ], [ -97.721691, 30.66429 ], [ -97.722033, 30.664367 ], [ -97.722189, 30.664417 ], [ -97.722453, 30.6645 ], [ -97.723327, 30.664778 ], [ -97.723809, 30.664982 ], [ -97.724489, 30.665151 ], [ -97.724541, 30.665179 ], [ -97.724872, 30.665357 ], [ -97.725584, 30.665736 ], [ -97.726215, 30.666083 ], [ -97.726718, 30.66655 ] ] ] } },
{ "type": "Feature", "properties": { "GEOID": "484910201093", "NAME": "Block Group 3; Census Tract 201.09; Williamson County; Texas", "state": "48", "county": "491", "tract": "020109", "block group": "3", "population": 2896.0, "population_moe": 492.0, "area_sq_miles": 2.7421111900078023, "population_density": 1056.1205579675125, "under5": 97.0, "under5_moe": 66.708320320631671, "under18": 842.0, "under18_moe": 258.73538606073964, "age18_64": 1665.0, "age18_64_moe": 292.76441040536332, "age65plus": 389.0, "age65plus_moe": 134.73678042761748, "civilian_noninstitutionalized_population": 2887.0, "civilian_noninstitutionalized_population_moe": 492.0, "uninsured": 129.0, "uninsured_moe": 118.53691408164801, "uninsured_pct": 4.4683062002078282, "disability_population_base": "<NA>", "disability_population_base_moe": "<NA>", "disability": null, "disability_moe": "<NA>", "disability_pct": null, "poverty_population_base": 2896.0, "poverty_population_base_moe": 492.0, "poverty": 35.0, "poverty_moe": 53.084837759947987, "poverty_pct": 1.2085635359116023, "median_household_income": "116071.0", "median_household_income_moe": "34475.0", "per_capita_income": 52704.0, "per_capita_income_moe": 7920.0, "households": "<NA>", "households_moe": "<NA>", "no_vehicle_households": "<NA>", "no_vehicle_households_moe": "<NA>", "no_vehicle_pct": null, "youth_population_pct": 29.074585635359117, "senior_population_pct": 13.432320441988951, "healthcare_need_score": 24.964039503332092, "healthcare_need_notes": "Relative index averaging min-max normalized uninsured_pct, disability_pct, poverty_pct, no_vehicle_pct, youth_population_pct, and senior_population_pct within the retained Liberty Hill study-area block groups.", "uninsured_pct_numerator": "uninsured", "uninsured_pct_denominator": "civilian_noninstitutionalized_population", "disability_pct_numerator": "disability", "disability_pct_denominator": "disability_population_base", "poverty_pct_numerator": "poverty", "poverty_pct_denominator": "poverty_population_base", "no_vehicle_pct_numerator": "no_vehicle_households", "no_vehicle_pct_denominator": "households", "youth_population_pct_numerator": "under18", "youth_population_pct_denominator": "population", "senior_population_pct_numerator": "age65plus", "senior_population_pct_denominator": "population", "intersects_liberty_hill_city": false, "nearest_any_medical_miles": 0.94014081494795954, "nearest_primary_care_miles": 0.94014081494795954, "nearest_urgent_care_miles": 9.6616898553369666, "nearest_hospital_miles": 4.9117976884885355, "nearest_emergency_miles": 9.4263507659923658, "nearest_primary_care_minutes": null, "nearest_urgent_care_minutes": null, "nearest_hospital_minutes": null, "nearest_emergency_minutes": null, "healthcare_access_measure": "Straight-line distance", "healthcare_access_distance_band": "0-1 miles" }, "geometry": { "type": "Polygon", "coordinates": [ [ [ -97.754166, 30.695793 ], [ -97.754149, 30.696062 ], [ -97.754008, 30.697291 ], [ -97.753838, 30.698453 ], [ -97.753728, 30.698799 ], [ -97.753644, 30.698976 ], [ -97.753547, 30.699252 ], [ -97.753377, 30.699575 ], [ -97.753173, 30.699834 ], [ -97.752878, 30.700153 ], [ -97.752584, 30.700442 ], [ -97.752291, 30.700653 ], [ -97.75189, 30.700892 ], [ -97.751562, 30.701102 ], [ -97.751337, 30.70121 ], [ -97.750602, 30.7016 ], [ -97.750162, 30.701833 ], [ -97.749907, 30.701983 ], [ -97.749614, 30.70221 ], [ -97.749225, 30.702456 ], [ -97.74914, 30.70251 ], [ -97.74892, 30.702722 ], [ -97.74868, 30.702981 ], [ -97.748472, 30.703232 ], [ -97.748379, 30.703354 ], [ -97.747893, 30.704038 ], [ -97.747571, 30.703867 ], [ -97.747391, 30.703771 ], [ -97.747177, 30.703666 ], [ -97.746903, 30.703544 ], [ -97.746622, 30.703434 ], [ -97.746334, 30.703338 ], [ -97.746042, 30.703254 ], [ -97.743717, 30.702686 ], [ -97.743664, 30.702673 ], [ -97.743375, 30.702602 ], [ -97.74327, 30.702577 ], [ -97.743074, 30.70253 ], [ -97.742645, 30.702427 ], [ -97.742237, 30.702283 ], [ -97.741891, 30.702131 ], [ -97.741491, 30.701891 ], [ -97.741092, 30.701606 ], [ -97.740807, 30.701338 ], [ -97.740611, 30.701107 ], [ -97.740311, 30.70078 ], [ -97.740227, 30.700678 ], [ -97.739553, 30.699909 ], [ -97.739472, 30.699784 ], [ -97.738772, 30.699011 ], [ -97.738193, 30.698343 ], [ -97.737993, 30.698133 ], [ -97.73765, 30.697806 ], [ -97.737292, 30.697499 ], [ -97.737015, 30.697284 ], [ -97.736639, 30.697024 ], [ -97.736509, 30.696942 ], [ -97.736491, 30.696923 ], [ -97.735796, 30.696501 ], [ -97.734707, 30.695839 ], [ -97.734211, 30.695561 ], [ -97.73404, 30.695465 ], [ -97.733431, 30.695123 ], [ -97.731771, 30.694112 ], [ -97.730237, 30.693179 ], [ -97.730202, 30.693159 ], [ -97.729462, 30.69274 ], [ -97.729009, 30.69247 ], [ -97.728755, 30.692313 ], [ -97.728149, 30.691916 ], [ -97.727744, 30.69164 ], [ -97.726536, 30.690816 ], [ -97.725584, 30.690123 ], [ -97.72518, 30.689816 ], [ -97.725101, 30.689756 ], [ -97.724695, 30.689404 ], [ -97.724594, 30.689316 ], [ -97.723625, 30.688414 ], [ -97.723176, 30.68799 ], [ -97.722526, 30.687308 ], [ -97.722505, 30.687283 ], [ -97.721841, 30.68651 ], [ -97.721177, 30.685649 ], [ -97.720921, 30.685325 ], [ -97.720485, 30.684766 ], [ -97.720114, 30.684382 ], [ -97.719815, 30.684101 ], [ -97.719632, 30.683946 ], [ -97.719439, 30.683805 ], [ -97.719189, 30.683631 ], [ -97.718929, 30.683467 ], [ -97.718615, 30.683307 ], [ -97.717885, 30.682981 ], [ -97.71776, 30.682926 ], [ -97.717847, 30.682775 ], [ -97.718048, 30.682337 ], [ -97.71857, 30.681519 ], [ -97.718664, 30.681372 ], [ -97.719155, 30.680529 ], [ -97.719373, 30.680109 ], [ -97.719547, 30.679774 ], [ -97.719722, 30.679432 ], [ -97.719866, 30.678863 ], [ -97.720059, 30.677932 ], [ -97.720291, 30.676754 ], [ -97.720337, 30.676448 ], [ -97.720418, 30.675912 ], [ -97.720444, 30.675775 ], [ -97.720502, 30.675479 ], [ -97.720503, 30.675324 ], [ -97.720512, 30.67525 ], [ -97.720726, 30.673808 ], [ -97.721093, 30.671268 ], [ -97.721138, 30.671005 ], [ -97.721208, 30.670746 ], [ -97.721301, 30.670493 ], [ -97.721417, 30.670246 ], [ -97.721525, 30.670056 ], [ -97.721647, 30.669874 ], [ -97.721785, 30.669699 ], [ -97.721935, 30.669533 ], [ -97.7221, 30.669376 ], [ -97.722369, 30.669153 ], [ -97.722565, 30.669016 ], [ -97.726718, 30.66655 ], [ -97.726951, 30.666818 ], [ -97.72701, 30.666897 ], [ -97.727494, 30.66749 ], [ -97.727606, 30.667617 ], [ -97.727692, 30.667716 ], [ -97.728168, 30.669783 ], [ -97.728753, 30.672323 ], [ -97.730643, 30.674984 ], [ -97.7317, 30.675498 ], [ -97.732677, 30.675973 ], [ -97.736332, 30.677259 ], [ -97.740338, 30.677043 ], [ -97.742411, 30.677087 ], [ -97.744334, 30.67768 ], [ -97.744715, 30.677956 ], [ -97.74705, 30.679644 ], [ -97.747835, 30.680211 ], [ -97.74906, 30.681608 ], [ -97.749334, 30.6824 ], [ -97.749738, 30.683676 ], [ -97.750916, 30.685043 ], [ -97.751461, 30.68538 ], [ -97.751513, 30.686041 ], [ -97.75035, 30.687033 ], [ -97.750026, 30.686627 ], [ -97.749394, 30.686821 ], [ -97.748756, 30.687015 ], [ -97.748701, 30.687033 ], [ -97.74803, 30.687236 ], [ -97.747826, 30.687297 ], [ -97.7479, 30.687525 ], [ -97.748324, 30.688783 ], [ -97.748402, 30.688969 ], [ -97.748484, 30.68913 ], [ -97.748587, 30.689302 ], [ -97.748715, 30.689482 ], [ -97.748962, 30.689791 ], [ -97.749153, 30.690003 ], [ -97.749361, 30.690205 ], [ -97.749537, 30.690357 ], [ -97.750261, 30.690896 ], [ -97.751693, 30.691965 ], [ -97.752629, 30.692672 ], [ -97.752852, 30.692853 ], [ -97.753019, 30.693007 ], [ -97.753216, 30.69321 ], [ -97.753361, 30.693381 ], [ -97.753496, 30.693556 ], [ -97.753653, 30.693783 ], [ -97.753765, 30.693971 ], [ -97.753813, 30.694063 ], [ -97.753905, 30.694264 ], [ -97.75398, 30.694465 ], [ -97.754039, 30.694669 ], [ -97.754114, 30.695038 ], [ -97.75415, 30.695307 ], [ -97.754166, 30.695576 ], [ -97.754166, 30.695793 ] ] ] } },
{ "type": "Feature", "properties": { "GEOID": "484910206041", "NAME": "Block Group 1; Census Tract 206.04; Williamson County; Texas", "state": "48", "county": "491", "tract": "020604", "block group": "1", "population": 3292.0, "population_moe": 976.0, "area_sq_miles": 10.338154013936743, "population_density": 318.43209102535076, "under5": 209.0, "under5_moe": 158.39823231336896, "under18": 875.0, "under18_moe": 392.364626336269, "age18_64": 2034.0, "age18_64_moe": 545.08714899546112, "age65plus": 383.0, "age65plus_moe": 166.15655268450897, "civilian_noninstitutionalized_population": 3292.0, "civilian_noninstitutionalized_population_moe": 976.0, "uninsured": 802.0, "uninsured_moe": 325.13843205625506, "uninsured_pct": 24.362089914945322, "disability_population_base": "<NA>", "disability_population_base_moe": "<NA>", "disability": null, "disability_moe": "<NA>", "disability_pct": null, "poverty_population_base": 3292.0, "poverty_population_base_moe": 976.0, "poverty": 1226.0, "poverty_moe": 839.40276387441088, "poverty_pct": 37.241798298906446, "median_household_income": "53198.0", "median_household_income_moe": "11297.0", "per_capita_income": 24123.0, "per_capita_income_moe": 6352.0, "households": "<NA>", "households_moe": "<NA>", "no_vehicle_households": "<NA>", "no_vehicle_households_moe": "<NA>", "no_vehicle_pct": null, "youth_population_pct": 26.579586877278249, "senior_population_pct": 11.634264884568651, "healthcare_need_score": 61.560275721454353, "healthcare_need_notes": "Relative index averaging min-max normalized uninsured_pct, disability_pct, poverty_pct, no_vehicle_pct, youth_population_pct, and senior_population_pct within the retained Liberty Hill study-area block groups.", "uninsured_pct_numerator": "uninsured", "uninsured_pct_denominator": "civilian_noninstitutionalized_population", "disability_pct_numerator": "disability", "disability_pct_denominator": "disability_population_base", "poverty_pct_numerator": "poverty", "poverty_pct_denominator": "poverty_population_base", "no_vehicle_pct_numerator": "no_vehicle_households", "no_vehicle_pct_denominator": "households", "youth_population_pct_numerator": "under18", "youth_population_pct_denominator": "population", "senior_population_pct_numerator": "age65plus", "senior_population_pct_denominator": "population", "intersects_liberty_hill_city": false, "nearest_any_medical_miles": 3.5830405111591208, "nearest_primary_care_miles": 7.6145554911009912, "nearest_urgent_care_miles": 7.7985284004608495, "nearest_hospital_miles": 3.5830405111591208, "nearest_emergency_miles": 7.6346222183140284, "nearest_primary_care_minutes": null, "nearest_urgent_care_minutes": null, "nearest_hospital_minutes": null, "nearest_emergency_minutes": null, "healthcare_access_measure": "Straight-line distance", "healthcare_access_distance_band": "3-5 miles" }, "geometry": { "type": "Polygon", "coordinates": [ [ [ -97.804346, 30.590818 ], [ -97.802549, 30.593003 ], [ -97.801388, 30.594417 ], [ -97.801227, 30.594587 ], [ -97.801054, 30.594747 ], [ -97.800994, 30.594795 ], [ -97.800869, 30.594896 ], [ -97.800673, 30.595035 ], [ -97.800377, 30.59521 ], [ -97.800195, 30.595302 ], [ -97.799968, 30.595399 ], [ -97.799749, 30.595476 ], [ -97.799734, 30.595481 ], [ -97.799494, 30.595548 ], [ -97.799449, 30.595558 ], [ -97.799377, 30.595573 ], [ -97.799248, 30.595601 ], [ -97.798941, 30.595648 ], [ -97.798693, 30.595669 ], [ -97.798445, 30.595674 ], [ -97.798197, 30.595664 ], [ -97.79795, 30.595639 ], [ -97.797739, 30.595603 ], [ -97.7977, 30.595596 ], [ -97.797394, 30.595524 ], [ -97.797096, 30.595431 ], [ -97.796293, 30.595115 ], [ -97.795285, 30.594701 ], [ -97.794997, 30.594605 ], [ -97.794701, 30.594525 ], [ -97.794401, 30.594462 ], [ -97.794096, 30.594417 ], [ -97.793788, 30.594389 ], [ -97.793478, 30.594379 ], [ -97.793121, 30.594379 ], [ -97.791813, 30.594387 ], [ -97.79156, 30.594396 ], [ -97.791245, 30.59442 ], [ -97.791056, 30.594442 ], [ -97.790682, 30.594502 ], [ -97.790375, 30.594567 ], [ -97.790132, 30.594629 ], [ -97.789654, 30.594772 ], [ -97.789339, 30.594866 ], [ -97.788992, 30.594963 ], [ -97.788698, 30.595031 ], [ -97.788341, 30.595097 ], [ -97.7881, 30.59513 ], [ -97.78786, 30.595154 ], [ -97.78607, 30.595342 ], [ -97.785566, 30.595382 ], [ -97.784871, 30.595419 ], [ -97.780325, 30.595527 ], [ -97.77592, 30.59562 ], [ -97.77518, 30.595638 ], [ -97.774805, 30.595665 ], [ -97.773659, 30.595823 ], [ -97.773397, 30.595859 ], [ -97.772841, 30.595936 ], [ -97.769198, 30.596445 ], [ -97.766066, 30.596882 ], [ -97.764964, 30.597033 ], [ -97.76459, 30.597085 ], [ -97.764468, 30.597102 ], [ -97.76349, 30.597262 ], [ -97.762945, 30.597376 ], [ -97.761932, 30.597639 ], [ -97.759462, 30.598365 ], [ -97.75933, 30.598404 ], [ -97.758485, 30.598639 ], [ -97.75805, 30.598719 ], [ -97.757799, 30.59875 ], [ -97.757545, 30.598771 ], [ -97.755317, 30.598858 ], [ -97.754942, 30.598882 ], [ -97.754568, 30.598922 ], [ -97.754197, 30.598978 ], [ -97.75389, 30.599036 ], [ -97.753406, 30.59914 ], [ -97.75299, 30.59925 ], [ -97.747853, 30.600831 ], [ -97.746912, 30.601121 ], [ -97.746553, 30.601223 ], [ -97.74633, 30.601277 ], [ -97.746126, 30.601326 ], [ -97.745757, 30.601398 ], [ -97.745384, 30.601458 ], [ -97.745009, 30.601504 ], [ -97.742258, 30.601754 ], [ -97.738044, 30.60213 ], [ -97.734897, 30.60241 ], [ -97.732805, 30.6026 ], [ -97.731542, 30.602714 ], [ -97.731114, 30.602751 ], [ -97.729335, 30.602906 ], [ -97.725818, 30.603223 ], [ -97.725204, 30.603283 ], [ -97.724784, 30.603343 ], [ -97.724133, 30.603471 ], [ -97.722456, 30.603848 ], [ -97.722252, 30.603895 ], [ -97.721719, 30.603991 ], [ -97.721369, 30.604072 ], [ -97.721126, 30.604149 ], [ -97.720863, 30.60424 ], [ -97.720548, 30.604374 ], [ -97.720223, 30.604524 ], [ -97.719858, 30.604704 ], [ -97.719216, 30.605043 ], [ -97.718796, 30.605258 ], [ -97.717956, 30.605686 ], [ -97.717168, 30.606102 ], [ -97.715707, 30.606864 ], [ -97.7151, 30.607196 ], [ -97.714942, 30.607278 ], [ -97.713778, 30.607881 ], [ -97.713414, 30.60806 ], [ -97.712415, 30.608549 ], [ -97.711568, 30.608952 ], [ -97.710989, 30.609229 ], [ -97.710224, 30.609594 ], [ -97.709448, 30.609967 ], [ -97.709035, 30.610166 ], [ -97.708487, 30.610441 ], [ -97.707726, 30.61081 ], [ -97.705371, 30.611939 ], [ -97.705287, 30.611982 ], [ -97.704852, 30.612223 ], [ -97.704553, 30.612429 ], [ -97.704316, 30.612619 ], [ -97.704105, 30.612821 ], [ -97.703875, 30.613042 ], [ -97.703627, 30.613298 ], [ -97.702739, 30.614243 ], [ -97.702287, 30.614715 ], [ -97.702068, 30.614939 ], [ -97.701659, 30.615323 ], [ -97.700604, 30.616315 ], [ -97.700566, 30.616352 ], [ -97.70041, 30.616511 ], [ -97.700347, 30.616567 ], [ -97.700284, 30.616627 ], [ -97.700213, 30.616697 ], [ -97.70007, 30.616826 ], [ -97.699917, 30.616946 ], [ -97.699487, 30.617232 ], [ -97.699206, 30.617394 ], [ -97.698935, 30.617528 ], [ -97.697799, 30.617987 ], [ -97.697697, 30.618028 ], [ -97.69717, 30.618232 ], [ -97.69681, 30.618379 ], [ -97.695961, 30.618722 ], [ -97.694934, 30.619141 ], [ -97.69469, 30.619254 ], [ -97.694403, 30.619405 ], [ -97.694031, 30.619648 ], [ -97.693795, 30.619775 ], [ -97.69364, 30.619852 ], [ -97.693459, 30.619955 ], [ -97.693124, 30.620116 ], [ -97.692794, 30.620246 ], [ -97.6927, 30.620283 ], [ -97.692017, 30.620501 ], [ -97.691761, 30.620583 ], [ -97.690981, 30.620832 ], [ -97.690675, 30.620924 ], [ -97.690248, 30.621058 ], [ -97.689797, 30.621192 ], [ -97.689531, 30.620303 ], [ -97.689159, 30.618923 ], [ -97.688976, 30.618313 ], [ -97.688821, 30.617797 ], [ -97.688757, 30.617471 ], [ -97.688745, 30.617438 ], [ -97.688734, 30.617399 ], [ -97.687864, 30.614323 ], [ -97.687734, 30.613914 ], [ -97.687725, 30.613884 ], [ -97.687571, 30.613401 ], [ -97.687169, 30.611976 ], [ -97.686963, 30.611166 ], [ -97.686845, 30.610702 ], [ -97.686665, 30.609837 ], [ -97.686504, 30.60886 ], [ -97.686464, 30.607821 ], [ -97.686458, 30.607654 ], [ -97.686457, 30.607595 ], [ -97.68645, 30.606876 ], [ -97.686502, 30.606137 ], [ -97.686614, 30.605207 ], [ -97.686747, 30.60452 ], [ -97.686922, 30.60383 ], [ -97.687113, 30.603139 ], [ -97.687952, 30.601076 ], [ -97.688053, 30.600838 ], [ -97.688427, 30.59996 ], [ -97.689217, 30.598084 ], [ -97.689932, 30.596331 ], [ -97.690445, 30.595043 ], [ -97.690929, 30.593604 ], [ -97.691217, 30.592616 ], [ -97.691602, 30.591214 ], [ -97.69163, 30.591116 ], [ -97.691997, 30.58983 ], [ -97.692325, 30.588511 ], [ -97.692617, 30.587032 ], [ -97.69279, 30.585941 ], [ -97.692872, 30.585137 ], [ -97.692995, 30.582974 ], [ -97.692996, 30.582937 ], [ -97.692945, 30.580751 ], [ -97.692924, 30.577559 ], [ -97.692918, 30.577378 ], [ -97.692915, 30.577272 ], [ -97.692914, 30.577209 ], [ -97.692913, 30.577106 ], [ -97.692912, 30.577024 ], [ -97.692887, 30.574535 ], [ -97.692854, 30.571219 ], [ -97.692855, 30.571046 ], [ -97.692822, 30.568664 ], [ -97.692799, 30.568116 ], [ -97.692812, 30.567965 ], [ -97.692807, 30.567634 ], [ -97.692716, 30.565661 ], [ -97.692721, 30.564013 ], [ -97.692693, 30.562501 ], [ -97.692685, 30.561161 ], [ -97.692691, 30.560666 ], [ -97.692697, 30.560168 ], [ -97.692671, 30.558371 ], [ -97.692668, 30.558173 ], [ -97.693219, 30.558166 ], [ -97.694047, 30.558166 ], [ -97.694134, 30.558165 ], [ -97.694924, 30.558157 ], [ -97.699013, 30.558117 ], [ -97.700117, 30.558106 ], [ -97.700862, 30.558058 ], [ -97.702479, 30.557773 ], [ -97.703523, 30.55759 ], [ -97.703544, 30.557956 ], [ -97.704291, 30.570416 ], [ -97.704566, 30.57033 ], [ -97.704833, 30.570269 ], [ -97.704979, 30.570258 ], [ -97.705144, 30.570291 ], [ -97.705436, 30.5705 ], [ -97.705614, 30.57072 ], [ -97.70571, 30.570935 ], [ -97.705843, 30.571171 ], [ -97.705818, 30.571314 ], [ -97.705843, 30.571556 ], [ -97.705818, 30.571694 ], [ -97.705882, 30.572106 ], [ -97.705831, 30.572332 ], [ -97.705856, 30.572535 ], [ -97.705806, 30.572816 ], [ -97.705837, 30.573085 ], [ -97.705799, 30.573344 ], [ -97.705787, 30.573514 ], [ -97.705736, 30.573729 ], [ -97.705748, 30.573773 ], [ -97.70578, 30.573894 ], [ -97.705869, 30.573993 ], [ -97.706104, 30.574097 ], [ -97.706302, 30.574169 ], [ -97.70641, 30.574246 ], [ -97.706486, 30.574284 ], [ -97.706861, 30.574416 ], [ -97.70709, 30.57446 ], [ -97.707452, 30.574559 ], [ -97.708145, 30.574779 ], [ -97.708431, 30.574922 ], [ -97.708901, 30.575274 ], [ -97.70906, 30.575351 ], [ -97.7092, 30.575516 ], [ -97.70927, 30.57567 ], [ -97.709385, 30.575813 ], [ -97.709442, 30.575934 ], [ -97.709524, 30.576027 ], [ -97.709944, 30.576362 ], [ -97.710313, 30.576692 ], [ -97.710529, 30.576923 ], [ -97.710751, 30.577094 ], [ -97.711012, 30.577242 ], [ -97.711279, 30.57733 ], [ -97.711483, 30.577462 ], [ -97.711743, 30.57755 ], [ -97.712048, 30.5776 ], [ -97.712309, 30.577589 ], [ -97.71262, 30.577545 ], [ -97.713053, 30.577462 ], [ -97.713402, 30.57744 ], [ -97.713688, 30.577478 ], [ -97.713904, 30.577544 ], [ -97.714222, 30.57766 ], [ -97.714394, 30.57777 ], [ -97.714559, 30.577918 ], [ -97.714807, 30.578204 ], [ -97.714928, 30.578435 ], [ -97.715189, 30.578639 ], [ -97.715354, 30.578787 ], [ -97.715538, 30.579007 ], [ -97.71571, 30.579161 ], [ -97.715805, 30.579326 ], [ -97.715939, 30.579474 ], [ -97.716111, 30.579601 ], [ -97.716282, 30.579744 ], [ -97.716359, 30.579832 ], [ -97.716479, 30.579936 ], [ -97.716905, 30.58014 ], [ -97.717191, 30.580261 ], [ -97.717458, 30.580343 ], [ -97.717662, 30.580354 ], [ -97.717808, 30.580338 ], [ -97.718285, 30.58031 ], [ -97.718393, 30.580315 ], [ -97.719003, 30.580194 ], [ -97.719046, 30.580201 ], [ -97.719111, 30.580211 ], [ -97.719264, 30.580255 ], [ -97.719563, 30.580365 ], [ -97.719791, 30.580491 ], [ -97.720135, 30.580656 ], [ -97.720313, 30.580865 ], [ -97.72051, 30.581057 ], [ -97.720523, 30.581123 ], [ -97.720491, 30.581189 ], [ -97.720415, 30.581294 ], [ -97.720376, 30.581382 ], [ -97.720408, 30.581514 ], [ -97.720465, 30.581723 ], [ -97.720497, 30.581838 ], [ -97.720631, 30.582003 ], [ -97.720784, 30.582322 ], [ -97.720923, 30.582498 ], [ -97.721013, 30.582647 ], [ -97.721006, 30.582812 ], [ -97.721051, 30.582944 ], [ -97.721025, 30.583147 ], [ -97.72107, 30.583576 ], [ -97.721127, 30.583802 ], [ -97.721159, 30.583884 ], [ -97.721236, 30.584005 ], [ -97.721318, 30.584198 ], [ -97.721522, 30.584715 ], [ -97.721933, 30.585101 ], [ -97.721991, 30.585237 ], [ -97.72236, 30.585415 ], [ -97.723009, 30.585784 ], [ -97.723696, 30.586197 ], [ -97.724026, 30.586414 ], [ -97.724211, 30.586441 ], [ -97.724542, 30.586391 ], [ -97.72458, 30.586413 ], [ -97.724637, 30.586479 ], [ -97.724707, 30.586589 ], [ -97.724828, 30.586661 ], [ -97.725012, 30.586716 ], [ -97.72533, 30.586721 ], [ -97.725546, 30.586683 ], [ -97.725782, 30.5866 ], [ -97.726055, 30.586457 ], [ -97.726163, 30.586341 ], [ -97.726215, 30.586143 ], [ -97.726258, 30.585978 ], [ -97.726196, 30.585883 ], [ -97.726327, 30.585816 ], [ -97.726554, 30.585239 ], [ -97.72686, 30.584773 ], [ -97.726927, 30.584737 ], [ -97.727134, 30.584756 ], [ -97.72723, 30.584858 ], [ -97.727326, 30.584873 ], [ -97.727453, 30.585357 ], [ -97.727479, 30.5855 ], [ -97.727472, 30.585588 ], [ -97.727523, 30.586077 ], [ -97.7276, 30.586396 ], [ -97.727625, 30.586545 ], [ -97.727937, 30.586781 ], [ -97.728356, 30.586863 ], [ -97.729043, 30.586962 ], [ -97.729621, 30.586978 ], [ -97.730308, 30.587039 ], [ -97.730556, 30.587083 ], [ -97.730715, 30.587132 ], [ -97.730969, 30.587247 ], [ -97.731147, 30.587385 ], [ -97.731274, 30.587528 ], [ -97.731395, 30.587621 ], [ -97.731599, 30.587863 ], [ -97.731758, 30.588039 ], [ -97.732025, 30.588336 ], [ -97.73219, 30.588578 ], [ -97.732286, 30.58865 ], [ -97.732419, 30.588655 ], [ -97.732712, 30.588693 ], [ -97.732941, 30.588644 ], [ -97.733703, 30.588391 ], [ -97.734008, 30.588264 ], [ -97.734174, 30.588181 ], [ -97.73432, 30.588082 ], [ -97.734453, 30.588038 ], [ -97.734574, 30.587983 ], [ -97.73493, 30.587912 ], [ -97.735032, 30.587901 ], [ -97.735432, 30.587758 ], [ -97.735629, 30.587719 ], [ -97.735845, 30.587647 ], [ -97.736201, 30.58751 ], [ -97.73636, 30.587493 ], [ -97.736443, 30.587488 ], [ -97.736576, 30.587521 ], [ -97.736678, 30.587603 ], [ -97.736824, 30.587631 ], [ -97.737009, 30.587691 ], [ -97.737136, 30.587746 ], [ -97.737221, 30.587785 ], [ -97.737492, 30.587911 ], [ -97.737702, 30.588059 ], [ -97.737874, 30.588153 ], [ -97.738179, 30.588345 ], [ -97.738306, 30.588411 ], [ -97.738357, 30.588428 ], [ -97.738446, 30.588483 ], [ -97.738579, 30.588543 ], [ -97.738846, 30.58862 ], [ -97.738999, 30.588642 ], [ -97.739164, 30.588642 ], [ -97.739336, 30.588609 ], [ -97.739857, 30.588344 ], [ -97.74001, 30.588251 ], [ -97.740149, 30.588108 ], [ -97.740493, 30.587838 ], [ -97.740613, 30.587695 ], [ -97.740715, 30.587486 ], [ -97.740912, 30.587244 ], [ -97.740969, 30.587184 ], [ -97.741083, 30.58709 ], [ -97.741312, 30.586985 ], [ -97.741427, 30.58687 ], [ -97.741566, 30.5866 ], [ -97.741611, 30.586551 ], [ -97.741668, 30.586507 ], [ -97.741782, 30.586435 ], [ -97.741852, 30.586397 ], [ -97.741935, 30.586375 ], [ -97.742316, 30.586331 ], [ -97.74266, 30.58633 ], [ -97.742723, 30.586319 ], [ -97.742774, 30.586286 ], [ -97.742869, 30.586187 ], [ -97.74292, 30.586105 ], [ -97.742952, 30.586017 ], [ -97.743053, 30.585912 ], [ -97.74313, 30.585863 ], [ -97.743314, 30.585802 ], [ -97.743422, 30.58578 ], [ -97.743981, 30.58573 ], [ -97.744153, 30.585681 ], [ -97.744312, 30.585615 ], [ -97.744935, 30.585284 ], [ -97.744987, 30.585187 ], [ -97.745149, 30.585187 ], [ -97.745233, 30.585127 ], [ -97.745313, 30.585141 ], [ -97.745437, 30.585092 ], [ -97.745634, 30.584894 ], [ -97.746034, 30.584954 ], [ -97.746206, 30.585014 ], [ -97.74634, 30.585075 ], [ -97.746454, 30.585185 ], [ -97.746499, 30.585256 ], [ -97.746632, 30.58535 ], [ -97.746689, 30.585306 ], [ -97.746829, 30.585256 ], [ -97.747007, 30.585179 ], [ -97.747325, 30.584997 ], [ -97.747465, 30.584882 ], [ -97.747573, 30.584739 ], [ -97.747776, 30.584596 ], [ -97.747893, 30.584479 ], [ -97.746713, 30.581508 ], [ -97.745862, 30.579364 ], [ -97.74696, 30.57903 ], [ -97.747872, 30.578753 ], [ -97.751575, 30.57759 ], [ -97.753341, 30.577048 ], [ -97.754154, 30.576789 ], [ -97.754786, 30.576594 ], [ -97.755093, 30.57651 ], [ -97.755426, 30.576419 ], [ -97.756158, 30.57625 ], [ -97.756952, 30.576066 ], [ -97.757085, 30.576034 ], [ -97.757423, 30.575941 ], [ -97.758436, 30.575562 ], [ -97.758812, 30.575421 ], [ -97.758921, 30.575372 ], [ -97.759089, 30.575309 ], [ -97.759554, 30.575165 ], [ -97.760133, 30.576945 ], [ -97.760177, 30.577039 ], [ -97.760211, 30.577134 ], [ -97.760232, 30.577233 ], [ -97.760251, 30.577433 ], [ -97.760269, 30.577531 ], [ -97.760299, 30.577627 ], [ -97.760338, 30.577719 ], [ -97.760389, 30.577808 ], [ -97.760419, 30.577852 ], [ -97.76123, 30.579382 ], [ -97.761281, 30.579457 ], [ -97.761318, 30.579538 ], [ -97.76133, 30.579581 ], [ -97.761344, 30.579668 ], [ -97.76141, 30.579897 ], [ -97.761538, 30.580185 ], [ -97.761689, 30.580466 ], [ -97.762177, 30.581325 ], [ -97.762386, 30.581651 ], [ -97.762671, 30.582043 ], [ -97.762706, 30.58212 ], [ -97.762729, 30.582198 ], [ -97.762733, 30.582239 ], [ -97.762738, 30.582695 ], [ -97.762817, 30.584182 ], [ -97.762834, 30.584394 ], [ -97.762856, 30.584497 ], [ -97.762893, 30.584598 ], [ -97.763095, 30.585056 ], [ -97.763539, 30.586094 ], [ -97.764037, 30.587304 ], [ -97.76478, 30.589041 ], [ -97.765439, 30.59061 ], [ -97.765496, 30.590726 ], [ -97.766258, 30.590475 ], [ -97.76823, 30.589858 ], [ -97.769695, 30.589389 ], [ -97.769813, 30.589374 ], [ -97.770659, 30.589469 ], [ -97.770774, 30.589465 ], [ -97.770888, 30.58945 ], [ -97.771943, 30.5892 ], [ -97.771988, 30.589185 ], [ -97.772072, 30.589143 ], [ -97.772515, 30.588846 ], [ -97.772619, 30.588793 ], [ -97.772734, 30.588752 ], [ -97.773758, 30.588469 ], [ -97.773508, 30.587874 ], [ -97.773238, 30.587263 ], [ -97.772623, 30.585832 ], [ -97.772619, 30.585785 ], [ -97.772632, 30.585741 ], [ -97.772643, 30.58572 ], [ -97.772661, 30.5857 ], [ -97.775517, 30.583224 ], [ -97.776159, 30.582647 ], [ -97.776245, 30.582579 ], [ -97.77634, 30.58252 ], [ -97.776364, 30.582509 ], [ -97.77644, 30.582472 ], [ -97.776548, 30.582434 ], [ -97.776661, 30.582409 ], [ -97.77709, 30.582271 ], [ -97.777193, 30.582238 ], [ -97.778504, 30.581841 ], [ -97.778943, 30.581696 ], [ -97.779996, 30.581347 ], [ -97.781638, 30.580828 ], [ -97.781708, 30.580792 ], [ -97.781739, 30.580771 ], [ -97.78179, 30.580716 ], [ -97.78181, 30.580686 ], [ -97.781837, 30.580621 ], [ -97.781846, 30.58055 ], [ -97.781836, 30.580483 ], [ -97.781805, 30.580174 ], [ -97.781799, 30.580014 ], [ -97.781806, 30.579907 ], [ -97.781831, 30.579746 ], [ -97.781979, 30.579151 ], [ -97.782012, 30.579047 ], [ -97.782054, 30.578944 ], [ -97.782107, 30.578845 ], [ -97.782169, 30.578751 ], [ -97.782239, 30.578662 ], [ -97.78262, 30.578242 ], [ -97.782719, 30.578142 ], [ -97.782983, 30.577878 ], [ -97.783352, 30.577536 ], [ -97.783391, 30.5775 ], [ -97.783505, 30.577394 ], [ -97.783624, 30.577286 ], [ -97.78379, 30.577146 ], [ -97.783894, 30.577061 ], [ -97.784162, 30.576883 ], [ -97.784502, 30.576696 ], [ -97.784636, 30.576614 ], [ -97.78489, 30.576463 ], [ -97.785015, 30.576553 ], [ -97.785661, 30.576978 ], [ -97.78608, 30.577388 ], [ -97.786288, 30.577638 ], [ -97.786471, 30.577929 ], [ -97.786621, 30.578302 ], [ -97.7868, 30.578705 ], [ -97.786903, 30.578958 ], [ -97.787009, 30.579157 ], [ -97.787081, 30.579245 ], [ -97.787176, 30.579335 ], [ -97.787252, 30.579391 ], [ -97.787355, 30.579467 ], [ -97.787487, 30.579513 ], [ -97.787672, 30.579565 ], [ -97.78828, 30.579707 ], [ -97.788578, 30.579772 ], [ -97.78887, 30.579854 ], [ -97.7891, 30.579933 ], [ -97.789268, 30.580003 ], [ -97.789429, 30.580087 ], [ -97.789583, 30.580179 ], [ -97.789727, 30.580282 ], [ -97.790283, 30.58071 ], [ -97.791268, 30.581561 ], [ -97.791441, 30.58174 ], [ -97.791501, 30.581802 ], [ -97.791715, 30.582056 ], [ -97.79188, 30.58228 ], [ -97.792066, 30.582494 ], [ -97.792189, 30.58261 ], [ -97.792322, 30.582717 ], [ -97.792563, 30.582879 ], [ -97.792626, 30.582929 ], [ -97.792653, 30.58295 ], [ -97.792724, 30.58302 ], [ -97.7928, 30.583094 ], [ -97.793241, 30.583598 ], [ -97.794056, 30.584495 ], [ -97.794804, 30.585339 ], [ -97.794811, 30.585347 ], [ -97.794924, 30.585475 ], [ -97.795208, 30.585794 ], [ -97.795219, 30.585806 ], [ -97.795485, 30.586107 ], [ -97.796013, 30.586703 ], [ -97.796172, 30.586882 ], [ -97.796452, 30.587197 ], [ -97.797076, 30.587901 ], [ -97.797305, 30.588073 ], [ -97.797385, 30.588133 ], [ -97.797517, 30.588212 ], [ -97.798797, 30.588974 ], [ -97.799596, 30.589449 ], [ -97.800065, 30.589722 ], [ -97.800248, 30.58984 ], [ -97.800441, 30.589945 ], [ -97.80049, 30.589968 ], [ -97.800606, 30.590009 ], [ -97.800726, 30.59004 ], [ -97.800763, 30.590042 ], [ -97.80085, 30.590062 ], [ -97.800925, 30.590071 ], [ -97.801216, 30.590104 ], [ -97.801517, 30.590143 ], [ -97.804582, 30.590541 ], [ -97.804346, 30.590818 ] ] ] } },
{ "type": "Feature", "properties": { "GEOID": "484910201152", "NAME": "Block Group 2; Census Tract 201.15; Williamson County; Texas", "state": "48", "county": "491", "tract": "020115", "block group": "2", "population": 3063.0, "population_moe": 1253.0, "area_sq_miles": 1.1240400600269418, "population_density": 2724.9918476451667, "under5": 204.0, "under5_moe": 212.8497122384712, "under18": 1018.0, "under18_moe": 492.87422330651458, "age18_64": 1507.0, "age18_64_moe": 411.74749543864868, "age65plus": 538.0, "age65plus_moe": 161.37843722133388, "civilian_noninstitutionalized_population": 3011.0, "civilian_noninstitutionalized_population_moe": 1222.0, "uninsured": 163.0, "uninsured_moe": 149.78317662541411, "uninsured_pct": 5.4134838923945532, "disability_population_base": "<NA>", "disability_population_base_moe": "<NA>", "disability": null, "disability_moe": "<NA>", "disability_pct": null, "poverty_population_base": 3063.0, "poverty_population_base_moe": 1253.0, "poverty": 132.0, "poverty_moe": 190.59118552545917, "poverty_pct": 4.3095004897159646, "median_household_income": "148676.0", "median_household_income_moe": "65609.0", "per_capita_income": 50737.0, "per_capita_income_moe": 5909.0, "households": "<NA>", "households_moe": "<NA>", "no_vehicle_households": "<NA>", "no_vehicle_households_moe": "<NA>", "no_vehicle_pct": null, "youth_population_pct": 33.235390140385249, "senior_population_pct": 17.564479268690825, "healthcare_need_score": 31.47043278970704, "healthcare_need_notes": "Relative index averaging min-max normalized uninsured_pct, disability_pct, poverty_pct, no_vehicle_pct, youth_population_pct, and senior_population_pct within the retained Liberty Hill study-area block groups.", "uninsured_pct_numerator": "uninsured", "uninsured_pct_denominator": "civilian_noninstitutionalized_population", "disability_pct_numerator": "disability", "disability_pct_denominator": "disability_population_base", "poverty_pct_numerator": "poverty", "poverty_pct_denominator": "poverty_population_base", "no_vehicle_pct_numerator": "no_vehicle_households", "no_vehicle_pct_denominator": "households", "youth_population_pct_numerator": "under18", "youth_population_pct_denominator": "population", "senior_population_pct_numerator": "age65plus", "senior_population_pct_denominator": "population", "intersects_liberty_hill_city": false, "nearest_any_medical_miles": 1.9421829704720071, "nearest_primary_care_miles": 1.9421829704720071, "nearest_urgent_care_miles": 11.667256199030309, "nearest_hospital_miles": 4.7995956932680475, "nearest_emergency_miles": 11.356246948512167, "nearest_primary_care_minutes": null, "nearest_urgent_care_minutes": null, "nearest_hospital_minutes": null, "nearest_emergency_minutes": null, "healthcare_access_measure": "Straight-line distance", "healthcare_access_distance_band": "1-3 miles" }, "geometry": { "type": "Polygon", "coordinates": [ [ [ -97.716978, 30.684106 ], [ -97.716807, 30.684825 ], [ -97.716687, 30.685333 ], [ -97.716418, 30.686994 ], [ -97.716247, 30.687629 ], [ -97.716242, 30.68765 ], [ -97.716207, 30.6877 ], [ -97.715845, 30.688213 ], [ -97.715732, 30.688355 ], [ -97.715367, 30.68867 ], [ -97.714744, 30.689051 ], [ -97.714413, 30.689254 ], [ -97.714373, 30.689278 ], [ -97.714143, 30.689429 ], [ -97.713728, 30.689703 ], [ -97.713378, 30.68991 ], [ -97.713162, 30.690038 ], [ -97.712464, 30.690446 ], [ -97.712402, 30.690482 ], [ -97.711835, 30.69085 ], [ -97.711454, 30.691121 ], [ -97.711384, 30.691171 ], [ -97.71085, 30.691614 ], [ -97.710785, 30.691678 ], [ -97.710575, 30.691886 ], [ -97.71029, 30.692177 ], [ -97.710087, 30.692394 ], [ -97.709711, 30.692881 ], [ -97.709515, 30.693168 ], [ -97.709368, 30.693396 ], [ -97.709183, 30.693681 ], [ -97.709153, 30.693757 ], [ -97.70913, 30.693805 ], [ -97.709068, 30.693932 ], [ -97.70903, 30.694033 ], [ -97.709007, 30.694108 ], [ -97.708988, 30.694171 ], [ -97.708572, 30.695277 ], [ -97.708196, 30.696673 ], [ -97.708088, 30.697061 ], [ -97.707986, 30.697373 ], [ -97.70792, 30.697599 ], [ -97.707595, 30.698724 ], [ -97.707573, 30.698803 ], [ -97.707383, 30.69952 ], [ -97.707208, 30.700104 ], [ -97.707082, 30.700416 ], [ -97.706964, 30.700682 ], [ -97.706801, 30.700924 ], [ -97.70662, 30.701153 ], [ -97.706361, 30.701479 ], [ -97.706062, 30.701814 ], [ -97.705384, 30.702239 ], [ -97.704824, 30.70259 ], [ -97.700979, 30.704099 ], [ -97.700266, 30.704416 ], [ -97.697757, 30.705453 ], [ -97.697734, 30.705462 ], [ -97.696615, 30.705925 ], [ -97.694475, 30.706796 ], [ -97.69428, 30.706874 ], [ -97.692489, 30.707604 ], [ -97.692241, 30.707211 ], [ -97.691956, 30.706626 ], [ -97.691302, 30.7051 ], [ -97.690768, 30.703839 ], [ -97.690707, 30.703601 ], [ -97.690736, 30.703273 ], [ -97.690709, 30.703009 ], [ -97.690673, 30.702881 ], [ -97.690798, 30.70283 ], [ -97.6909, 30.702782 ], [ -97.690993, 30.702721 ], [ -97.691075, 30.70265 ], [ -97.691146, 30.70257 ], [ -97.6913, 30.702352 ], [ -97.691599, 30.701979 ], [ -97.691684, 30.7019 ], [ -97.691866, 30.701754 ], [ -97.69206, 30.701621 ], [ -97.692267, 30.701503 ], [ -97.693151, 30.701107 ], [ -97.693377, 30.701011 ], [ -97.69361, 30.700929 ], [ -97.69385, 30.700861 ], [ -97.694563, 30.700709 ], [ -97.694846, 30.700629 ], [ -97.695121, 30.70053 ], [ -97.696062, 30.700211 ], [ -97.69664, 30.700023 ], [ -97.697654, 30.69972 ], [ -97.698203, 30.699578 ], [ -97.69843, 30.699505 ], [ -97.698588, 30.699432 ], [ -97.698897, 30.699274 ], [ -97.699303, 30.699035 ], [ -97.699597, 30.698851 ], [ -97.699782, 30.698729 ], [ -97.699823, 30.698695 ], [ -97.699859, 30.698659 ], [ -97.699922, 30.698579 ], [ -97.699969, 30.698491 ], [ -97.699997, 30.698398 ], [ -97.700023, 30.698242 ], [ -97.70003, 30.698078 ], [ -97.700022, 30.69797 ], [ -97.699878, 30.69725 ], [ -97.699848, 30.6971 ], [ -97.699746, 30.696589 ], [ -97.699727, 30.696497 ], [ -97.69972, 30.696461 ], [ -97.699692, 30.696328 ], [ -97.699685, 30.696293 ], [ -97.699668, 30.696234 ], [ -97.699561, 30.695864 ], [ -97.699555, 30.695849 ], [ -97.699517, 30.695762 ], [ -97.699437, 30.695614 ], [ -97.699242, 30.695331 ], [ -97.698938, 30.694804 ], [ -97.698681, 30.694378 ], [ -97.698447, 30.694008 ], [ -97.697784, 30.693003 ], [ -97.697409, 30.692455 ], [ -97.697383, 30.692428 ], [ -97.697353, 30.692405 ], [ -97.69729, 30.69237 ], [ -97.69722, 30.692347 ], [ -97.697145, 30.692339 ], [ -97.69707, 30.692344 ], [ -97.696715, 30.692432 ], [ -97.696608, 30.692459 ], [ -97.695265, 30.692838 ], [ -97.694676, 30.693019 ], [ -97.693668, 30.693318 ], [ -97.69313, 30.693489 ], [ -97.691815, 30.693895 ], [ -97.691478, 30.693998 ], [ -97.691442, 30.69401 ], [ -97.691094, 30.694105 ], [ -97.69079, 30.694175 ], [ -97.690496, 30.694232 ], [ -97.690257, 30.694262 ], [ -97.689896, 30.694283 ], [ -97.689602, 30.694293 ], [ -97.689373, 30.694285 ], [ -97.689051, 30.694254 ], [ -97.688939, 30.694234 ], [ -97.688652, 30.694195 ], [ -97.688603, 30.694188 ], [ -97.688482, 30.694186 ], [ -97.688419, 30.69418 ], [ -97.688302, 30.69417 ], [ -97.688124, 30.694142 ], [ -97.687893, 30.694084 ], [ -97.68773, 30.694039 ], [ -97.687842, 30.693603 ], [ -97.687938, 30.693175 ], [ -97.687948, 30.693072 ], [ -97.687943, 30.692973 ], [ -97.687932, 30.692878 ], [ -97.687906, 30.6928 ], [ -97.68786, 30.692728 ], [ -97.687809, 30.692531 ], [ -97.686891, 30.690266 ], [ -97.686845, 30.690188 ], [ -97.686784, 30.690131 ], [ -97.686681, 30.690129 ], [ -97.686536, 30.690164 ], [ -97.686479, 30.690178 ], [ -97.686194, 30.690273 ], [ -97.685773, 30.690405 ], [ -97.685689, 30.690211 ], [ -97.685481, 30.689895 ], [ -97.685331, 30.689695 ], [ -97.686233, 30.689413 ], [ -97.686249, 30.689405 ], [ -97.686295, 30.689381 ], [ -97.686399, 30.689309 ], [ -97.686487, 30.689223 ], [ -97.686565, 30.689159 ], [ -97.686631, 30.689058 ], [ -97.68669, 30.689007 ], [ -97.686752, 30.688973 ], [ -97.686807, 30.688953 ], [ -97.686943, 30.688928 ], [ -97.687998, 30.688739 ], [ -97.688133, 30.689231 ], [ -97.688153, 30.689279 ], [ -97.688203, 30.689372 ], [ -97.688268, 30.689457 ], [ -97.688624, 30.689808 ], [ -97.68869, 30.6899 ], [ -97.688745, 30.689998 ], [ -97.688786, 30.690099 ], [ -97.688955, 30.690629 ], [ -97.689018, 30.690891 ], [ -97.689056, 30.691155 ], [ -97.689078, 30.691361 ], [ -97.68911, 30.691522 ], [ -97.689134, 30.691582 ], [ -97.689173, 30.691635 ], [ -97.689227, 30.691677 ], [ -97.689258, 30.691694 ], [ -97.689368, 30.691739 ], [ -97.689486, 30.691772 ], [ -97.689606, 30.691793 ], [ -97.689729, 30.691799 ], [ -97.689852, 30.691793 ], [ -97.689968, 30.691777 ], [ -97.690081, 30.69175 ], [ -97.690191, 30.691713 ], [ -97.690551, 30.691562 ], [ -97.690647, 30.691497 ], [ -97.690731, 30.691421 ], [ -97.690803, 30.691336 ], [ -97.690862, 30.691244 ], [ -97.690905, 30.691151 ], [ -97.691152, 30.690567 ], [ -97.691271, 30.69017 ], [ -97.69143, 30.689735 ], [ -97.691469, 30.689762 ], [ -97.691627, 30.689837 ], [ -97.692267, 30.690078 ], [ -97.692376, 30.690112 ], [ -97.692489, 30.690136 ], [ -97.692607, 30.690149 ], [ -97.69387, 30.69019 ], [ -97.693986, 30.690191 ], [ -97.694104, 30.690181 ], [ -97.694217, 30.690161 ], [ -97.694331, 30.690132 ], [ -97.694439, 30.690091 ], [ -97.69492, 30.68985 ], [ -97.695118, 30.689729 ], [ -97.695442, 30.689548 ], [ -97.69554, 30.689498 ], [ -97.695573, 30.689485 ], [ -97.695645, 30.689461 ], [ -97.695935, 30.68939 ], [ -97.69617, 30.689316 ], [ -97.696395, 30.689226 ], [ -97.69653, 30.689158 ], [ -97.696786, 30.68905 ], [ -97.697358, 30.688863 ], [ -97.697593, 30.688789 ], [ -97.697657, 30.688775 ], [ -97.697826, 30.688737 ], [ -97.698639, 30.68849 ], [ -97.698749, 30.688467 ], [ -97.698861, 30.688453 ], [ -97.698974, 30.688447 ], [ -97.699087, 30.68845 ], [ -97.699445, 30.688441 ], [ -97.699569, 30.68843 ], [ -97.69969, 30.688411 ], [ -97.700147, 30.688311 ], [ -97.700762, 30.688157 ], [ -97.700801, 30.688143 ], [ -97.70087, 30.688105 ], [ -97.7009, 30.688081 ], [ -97.700926, 30.688054 ], [ -97.700968, 30.687992 ], [ -97.700982, 30.687958 ], [ -97.700995, 30.687889 ], [ -97.700988, 30.687817 ], [ -97.700969, 30.687764 ], [ -97.701055, 30.687773 ], [ -97.701207, 30.687826 ], [ -97.701823, 30.688063 ], [ -97.701937, 30.688103 ], [ -97.702109, 30.688149 ], [ -97.702286, 30.688183 ], [ -97.702522, 30.688211 ], [ -97.702578, 30.688214 ], [ -97.702691, 30.688208 ], [ -97.702801, 30.688186 ], [ -97.703007, 30.688117 ], [ -97.703535, 30.687925 ], [ -97.704039, 30.687696 ], [ -97.705365, 30.687249 ], [ -97.706708, 30.686816 ], [ -97.707443, 30.686585 ], [ -97.709179, 30.686028 ], [ -97.709675, 30.685874 ], [ -97.710751, 30.685524 ], [ -97.711413, 30.685314 ], [ -97.712516, 30.684952 ], [ -97.712802, 30.68485 ], [ -97.713388, 30.684642 ], [ -97.715062, 30.684032 ], [ -97.716255, 30.68361 ], [ -97.716368, 30.683612 ], [ -97.716489, 30.683637 ], [ -97.716892, 30.683813 ], [ -97.71711, 30.683906 ], [ -97.716978, 30.684106 ] ] ] } },
{ "type": "Feature", "properties": { "GEOID": "484910201092", "NAME": "Block Group 2; Census Tract 201.09; Williamson County; Texas", "state": "48", "county": "491", "tract": "020109", "block group": "2", "population": 813.0, "population_moe": 203.0, "area_sq_miles": 1.4644713421442679, "population_density": 555.14913580323912, "under5": 0.0, "under5_moe": 21.213203435596427, "under18": 31.0, "under18_moe": 38.275318418009277, "age18_64": 451.0, "age18_64_moe": 139.42022808760572, "age65plus": 331.0, "age65plus_moe": 108.94035065117058, "civilian_noninstitutionalized_population": 813.0, "civilian_noninstitutionalized_population_moe": 203.0, "uninsured": 77.0, "uninsured_moe": 90.172057756269481, "uninsured_pct": 9.4710947109471082, "disability_population_base": "<NA>", "disability_population_base_moe": "<NA>", "disability": null, "disability_moe": "<NA>", "disability_pct": null, "poverty_population_base": 813.0, "poverty_population_base_moe": 203.0, "poverty": 28.0, "poverty_moe": 45.541190146942803, "poverty_pct": 3.4440344403444034, "median_household_income": "161458.0", "median_household_income_moe": "39605.0", "per_capita_income": 86845.0, "per_capita_income_moe": 14695.0, "households": "<NA>", "households_moe": "<NA>", "no_vehicle_households": "<NA>", "no_vehicle_households_moe": "<NA>", "no_vehicle_pct": null, "youth_population_pct": 3.8130381303813037, "senior_population_pct": 40.713407134071339, "healthcare_need_score": 22.392116458155574, "healthcare_need_notes": "Relative index averaging min-max normalized uninsured_pct, disability_pct, poverty_pct, no_vehicle_pct, youth_population_pct, and senior_population_pct within the retained Liberty Hill study-area block groups.", "uninsured_pct_numerator": "uninsured", "uninsured_pct_denominator": "civilian_noninstitutionalized_population", "disability_pct_numerator": "disability", "disability_pct_denominator": "disability_population_base", "poverty_pct_numerator": "poverty", "poverty_pct_denominator": "poverty_population_base", "no_vehicle_pct_numerator": "no_vehicle_households", "no_vehicle_pct_denominator": "households", "youth_population_pct_numerator": "under18", "youth_population_pct_denominator": "population", "senior_population_pct_numerator": "age65plus", "senior_population_pct_denominator": "population", "intersects_liberty_hill_city": false, "nearest_any_medical_miles": 1.5046821249884788, "nearest_primary_care_miles": 1.5046821249884788, "nearest_urgent_care_miles": 8.4012459613542543, "nearest_hospital_miles": 6.5918402284958209, "nearest_emergency_miles": 9.0313299068455031, "nearest_primary_care_minutes": null, "nearest_urgent_care_minutes": null, "nearest_hospital_minutes": null, "nearest_emergency_minutes": null, "healthcare_access_measure": "Straight-line distance", "healthcare_access_distance_band": "1-3 miles" }, "geometry": { "type": "Polygon", "coordinates": [ [ [ -97.777263, 30.705403 ], [ -97.776037, 30.705857 ], [ -97.774968, 30.706249 ], [ -97.771196, 30.707654 ], [ -97.770937, 30.70775 ], [ -97.770216, 30.708024 ], [ -97.76877, 30.708559 ], [ -97.768746, 30.708568 ], [ -97.766561, 30.709377 ], [ -97.76327, 30.710594 ], [ -97.762814, 30.710873 ], [ -97.762543, 30.711098 ], [ -97.762388, 30.711274 ], [ -97.762279, 30.711423 ], [ -97.762117, 30.71171 ], [ -97.761954, 30.712126 ], [ -97.761717, 30.712061 ], [ -97.761428, 30.711974 ], [ -97.761089, 30.711854 ], [ -97.760813, 30.711742 ], [ -97.760529, 30.711612 ], [ -97.760387, 30.711541 ], [ -97.760135, 30.711404 ], [ -97.759895, 30.711259 ], [ -97.759866, 30.711239 ], [ -97.757986, 30.709941 ], [ -97.757862, 30.709859 ], [ -97.757005, 30.70926 ], [ -97.756005, 30.708538 ], [ -97.755173, 30.707999 ], [ -97.750799, 30.705588 ], [ -97.750767, 30.705572 ], [ -97.74978, 30.705045 ], [ -97.747893, 30.704038 ], [ -97.748379, 30.703354 ], [ -97.748472, 30.703232 ], [ -97.74868, 30.702981 ], [ -97.74892, 30.702722 ], [ -97.74914, 30.70251 ], [ -97.749225, 30.702456 ], [ -97.749614, 30.70221 ], [ -97.749907, 30.701983 ], [ -97.750162, 30.701833 ], [ -97.750602, 30.7016 ], [ -97.751337, 30.70121 ], [ -97.751562, 30.701102 ], [ -97.75189, 30.700892 ], [ -97.752291, 30.700653 ], [ -97.752584, 30.700442 ], [ -97.752878, 30.700153 ], [ -97.753173, 30.699834 ], [ -97.753377, 30.699575 ], [ -97.753547, 30.699252 ], [ -97.753644, 30.698976 ], [ -97.753728, 30.698799 ], [ -97.753838, 30.698453 ], [ -97.754008, 30.697291 ], [ -97.754149, 30.696062 ], [ -97.754166, 30.695793 ], [ -97.754166, 30.695576 ], [ -97.75415, 30.695307 ], [ -97.754114, 30.695038 ], [ -97.754039, 30.694669 ], [ -97.75398, 30.694465 ], [ -97.753905, 30.694264 ], [ -97.753813, 30.694063 ], [ -97.753765, 30.693971 ], [ -97.753653, 30.693783 ], [ -97.753496, 30.693556 ], [ -97.753361, 30.693381 ], [ -97.753216, 30.69321 ], [ -97.753019, 30.693007 ], [ -97.752852, 30.692853 ], [ -97.752629, 30.692672 ], [ -97.751693, 30.691965 ], [ -97.750261, 30.690896 ], [ -97.749537, 30.690357 ], [ -97.749361, 30.690205 ], [ -97.749153, 30.690003 ], [ -97.748962, 30.689791 ], [ -97.748715, 30.689482 ], [ -97.748587, 30.689302 ], [ -97.748484, 30.68913 ], [ -97.748402, 30.688969 ], [ -97.748324, 30.688783 ], [ -97.7479, 30.687525 ], [ -97.747826, 30.687297 ], [ -97.74803, 30.687236 ], [ -97.748701, 30.687033 ], [ -97.748756, 30.687015 ], [ -97.749394, 30.686821 ], [ -97.750026, 30.686627 ], [ -97.75035, 30.687033 ], [ -97.751513, 30.686041 ], [ -97.751461, 30.68538 ], [ -97.752019, 30.685726 ], [ -97.753068, 30.685857 ], [ -97.754114, 30.685855 ], [ -97.7554, 30.685682 ], [ -97.755783, 30.685665 ], [ -97.756025, 30.685729 ], [ -97.756095, 30.685831 ], [ -97.75616, 30.68604 ], [ -97.7562, 30.686243 ], [ -97.756226, 30.686298 ], [ -97.756569, 30.686474 ], [ -97.756913, 30.686595 ], [ -97.757136, 30.686661 ], [ -97.757422, 30.686815 ], [ -97.757498, 30.686846 ], [ -97.757676, 30.68692 ], [ -97.757943, 30.687063 ], [ -97.758013, 30.687057 ], [ -97.758357, 30.687041 ], [ -97.758567, 30.687063 ], [ -97.758726, 30.687124 ], [ -97.758847, 30.68719 ], [ -97.758974, 30.687305 ], [ -97.759159, 30.687624 ], [ -97.759248, 30.687685 ], [ -97.759362, 30.687713 ], [ -97.759521, 30.687823 ], [ -97.759699, 30.688026 ], [ -97.75975, 30.688142 ], [ -97.759737, 30.688213 ], [ -97.759686, 30.688318 ], [ -97.759693, 30.688499 ], [ -97.759744, 30.688554 ], [ -97.759818, 30.688597 ], [ -97.759858, 30.68862 ], [ -97.759992, 30.688752 ], [ -97.760036, 30.688873 ], [ -97.760061, 30.688983 ], [ -97.760099, 30.689352 ], [ -97.7598, 30.690067 ], [ -97.759735, 30.690211 ], [ -97.759698, 30.690297 ], [ -97.759609, 30.690496 ], [ -97.759513, 30.690749 ], [ -97.759475, 30.691013 ], [ -97.759443, 30.691123 ], [ -97.759335, 30.691271 ], [ -97.759239, 30.691337 ], [ -97.759071, 30.691417 ], [ -97.758915, 30.691491 ], [ -97.758851, 30.69154 ], [ -97.758774, 30.691678 ], [ -97.758736, 30.691793 ], [ -97.758723, 30.691931 ], [ -97.75873, 30.692206 ], [ -97.758939, 30.693014 ], [ -97.759194, 30.693344 ], [ -97.759512, 30.693614 ], [ -97.759607, 30.693735 ], [ -97.759658, 30.69395 ], [ -97.75967, 30.694093 ], [ -97.759734, 30.694291 ], [ -97.759855, 30.694478 ], [ -97.759988, 30.694604 ], [ -97.760179, 30.694725 ], [ -97.760402, 30.69483 ], [ -97.760777, 30.694978 ], [ -97.760968, 30.695039 ], [ -97.761687, 30.69532 ], [ -97.761865, 30.695419 ], [ -97.762139, 30.695689 ], [ -97.762279, 30.695865 ], [ -97.762419, 30.696008 ], [ -97.762527, 30.696107 ], [ -97.7628, 30.696288 ], [ -97.762915, 30.696316 ], [ -97.763004, 30.696365 ], [ -97.763392, 30.696503 ], [ -97.763532, 30.696575 ], [ -97.7638, 30.696687 ], [ -97.764016, 30.696778 ], [ -97.76448, 30.696943 ], [ -97.764665, 30.697026 ], [ -97.76476, 30.697044 ], [ -97.764875, 30.697065 ], [ -97.765212, 30.697164 ], [ -97.765378, 30.697202 ], [ -97.765734, 30.697301 ], [ -97.765969, 30.697384 ], [ -97.766198, 30.697566 ], [ -97.766516, 30.697786 ], [ -97.767267, 30.698023 ], [ -97.767446, 30.698034 ], [ -97.767732, 30.698034 ], [ -97.768241, 30.698094 ], [ -97.768406, 30.698133 ], [ -97.76868, 30.698221 ], [ -97.76882, 30.698254 ], [ -97.76917, 30.698309 ], [ -97.769526, 30.698408 ], [ -97.769692, 30.698485 ], [ -97.770214, 30.698821 ], [ -97.770405, 30.698926 ], [ -97.770774, 30.699085 ], [ -97.770856, 30.699157 ], [ -97.770939, 30.699245 ], [ -97.771117, 30.699487 ], [ -97.771206, 30.699751 ], [ -97.771219, 30.699894 ], [ -97.771206, 30.699982 ], [ -97.771161, 30.700114 ], [ -97.771174, 30.700163 ], [ -97.771289, 30.700361 ], [ -97.771346, 30.700493 ], [ -97.771384, 30.700686 ], [ -97.771397, 30.700834 ], [ -97.771435, 30.701038 ], [ -97.771498, 30.701214 ], [ -97.771504, 30.701384 ], [ -97.7716, 30.701753 ], [ -97.771714, 30.701967 ], [ -97.771816, 30.702088 ], [ -97.774197, 30.701801 ], [ -97.775504, 30.701262 ], [ -97.776383, 30.703344 ], [ -97.777263, 30.705403 ] ] ] } },
{ "type": "Feature", "properties": { "GEOID": "484910201151", "NAME": "Block Group 1; Census Tract 201.15; Williamson County; Texas", "state": "48", "county": "491", "tract": "020115", "block group": "1", "population": 2931.0, "population_moe": 594.0, "area_sq_miles": 1.8115166169308727, "population_density": 1617.9812940196985, "under5": 89.0, "under5_moe": 91.301697684106614, "under18": 320.0, "under18_moe": 165.19079877523444, "age18_64": 1581.0, "age18_64_moe": 374.15371172821472, "age65plus": 1030.0, "age65plus_moe": 252.87941790505607, "civilian_noninstitutionalized_population": 2889.0, "civilian_noninstitutionalized_population_moe": 600.0, "uninsured": 205.0, "uninsured_moe": 117.04699910719626, "uninsured_pct": 7.0958809276566281, "disability_population_base": "<NA>", "disability_population_base_moe": "<NA>", "disability": null, "disability_moe": "<NA>", "disability_pct": null, "poverty_population_base": 2931.0, "poverty_population_base_moe": 594.0, "poverty": 60.0, "poverty_moe": 69.115844782509896, "poverty_pct": 2.0470829068577281, "median_household_income": "127219.0", "median_household_income_moe": "14072.0", "per_capita_income": 64856.0, "per_capita_income_moe": 8788.0, "households": "<NA>", "households_moe": "<NA>", "no_vehicle_households": "<NA>", "no_vehicle_households_moe": "<NA>", "no_vehicle_pct": null, "youth_population_pct": 10.917775503241215, "senior_population_pct": 35.141589901057657, "healthcare_need_score": 22.497534975970211, "healthcare_need_notes": "Relative index averaging min-max normalized uninsured_pct, disability_pct, poverty_pct, no_vehicle_pct, youth_population_pct, and senior_population_pct within the retained Liberty Hill study-area block groups.", "uninsured_pct_numerator": "uninsured", "uninsured_pct_denominator": "civilian_noninstitutionalized_population", "disability_pct_numerator": "disability", "disability_pct_denominator": "disability_population_base", "poverty_pct_numerator": "poverty", "poverty_pct_denominator": "poverty_population_base", "no_vehicle_pct_numerator": "no_vehicle_households", "no_vehicle_pct_denominator": "households", "youth_population_pct_numerator": "under18", "youth_population_pct_denominator": "population", "senior_population_pct_numerator": "age65plus", "senior_population_pct_denominator": "population", "intersects_liberty_hill_city": false, "nearest_any_medical_miles": 1.5528119070103945, "nearest_primary_care_miles": 1.5528119070103945, "nearest_urgent_care_miles": 11.390438343892056, "nearest_hospital_miles": 5.3471639462444234, "nearest_emergency_miles": 11.341997701241198, "nearest_primary_care_minutes": null, "nearest_urgent_care_minutes": null, "nearest_hospital_minutes": null, "nearest_emergency_minutes": null, "healthcare_access_measure": "Straight-line distance", "healthcare_access_distance_band": "1-3 miles" }, "geometry": { "type": "Polygon", "coordinates": [ [ [ -97.730048, 30.693343 ], [ -97.729998, 30.693416 ], [ -97.729964, 30.693496 ], [ -97.729946, 30.693581 ], [ -97.729944, 30.693638 ], [ -97.729953, 30.693778 ], [ -97.72995, 30.693894 ], [ -97.729925, 30.694009 ], [ -97.729874, 30.694115 ], [ -97.729805, 30.694215 ], [ -97.729538, 30.69454 ], [ -97.729005, 30.69506 ], [ -97.72857, 30.695379 ], [ -97.728443, 30.69545 ], [ -97.728332, 30.695513 ], [ -97.728173, 30.695682 ], [ -97.728048, 30.69573 ], [ -97.72785, 30.695805 ], [ -97.727737, 30.695857 ], [ -97.727218, 30.696062 ], [ -97.726838, 30.696179 ], [ -97.725865, 30.696479 ], [ -97.720514, 30.698152 ], [ -97.719714, 30.698411 ], [ -97.718295, 30.697976 ], [ -97.718146, 30.69793 ], [ -97.717369, 30.697495 ], [ -97.717288, 30.69745 ], [ -97.717329, 30.697814 ], [ -97.71737, 30.697931 ], [ -97.717406, 30.698034 ], [ -97.717769, 30.698462 ], [ -97.71782, 30.698563 ], [ -97.718011, 30.698941 ], [ -97.718157, 30.699733 ], [ -97.718094, 30.699898 ], [ -97.718049, 30.699942 ], [ -97.717335, 30.700168 ], [ -97.717126, 30.700234 ], [ -97.717102, 30.700249 ], [ -97.717025, 30.7003 ], [ -97.716917, 30.700465 ], [ -97.716736, 30.70083 ], [ -97.71669, 30.700921 ], [ -97.716675, 30.700954 ], [ -97.716656, 30.701246 ], [ -97.716626, 30.701363 ], [ -97.716567, 30.701598 ], [ -97.716465, 30.701812 ], [ -97.716453, 30.701858 ], [ -97.716344, 30.70228 ], [ -97.716281, 30.702478 ], [ -97.716271, 30.702585 ], [ -97.716255, 30.702769 ], [ -97.716239, 30.702813 ], [ -97.716376, 30.702922 ], [ -97.716449, 30.70298 ], [ -97.71656, 30.702985 ], [ -97.71665, 30.70305 ], [ -97.716771, 30.703028 ], [ -97.716841, 30.703061 ], [ -97.716835, 30.703281 ], [ -97.716809, 30.703506 ], [ -97.716656, 30.703798 ], [ -97.716595, 30.703772 ], [ -97.716533, 30.703746 ], [ -97.716472, 30.703721 ], [ -97.716236, 30.703671 ], [ -97.715199, 30.703561 ], [ -97.714753, 30.703589 ], [ -97.714486, 30.703633 ], [ -97.71376, 30.703831 ], [ -97.713258, 30.70404 ], [ -97.712959, 30.7042 ], [ -97.712755, 30.704348 ], [ -97.712653, 30.70448 ], [ -97.712494, 30.704722 ], [ -97.712386, 30.704827 ], [ -97.712322, 30.704871 ], [ -97.711947, 30.705228 ], [ -97.711896, 30.705267 ], [ -97.711718, 30.705366 ], [ -97.711546, 30.705487 ], [ -97.711514, 30.705558 ], [ -97.711419, 30.705641 ], [ -97.711285, 30.705679 ], [ -97.71105, 30.705696 ], [ -97.711005, 30.705734 ], [ -97.710967, 30.705861 ], [ -97.710916, 30.705949 ], [ -97.710712, 30.706147 ], [ -97.71056, 30.706263 ], [ -97.710267, 30.706532 ], [ -97.709886, 30.706794 ], [ -97.709376, 30.707148 ], [ -97.709232, 30.707266 ], [ -97.709128, 30.707352 ], [ -97.70907, 30.707401 ], [ -97.708975, 30.707533 ], [ -97.708949, 30.70755 ], [ -97.708879, 30.707561 ], [ -97.708593, 30.707649 ], [ -97.70826, 30.707855 ], [ -97.708141, 30.707929 ], [ -97.708052, 30.708028 ], [ -97.70802, 30.708045 ], [ -97.70795, 30.708056 ], [ -97.707428, 30.708325 ], [ -97.707295, 30.708375 ], [ -97.706894, 30.708551 ], [ -97.706127, 30.70876 ], [ -97.705201, 30.709013 ], [ -97.704402, 30.709136 ], [ -97.703667, 30.70925 ], [ -97.70333, 30.709316 ], [ -97.702247, 30.70953 ], [ -97.701923, 30.709552 ], [ -97.701579, 30.709618 ], [ -97.701496, 30.709618 ], [ -97.701324, 30.709679 ], [ -97.701247, 30.709698 ], [ -97.700408, 30.709756 ], [ -97.700262, 30.709756 ], [ -97.700064, 30.709778 ], [ -97.699797, 30.709833 ], [ -97.699574, 30.709861 ], [ -97.699103, 30.709993 ], [ -97.699033, 30.710037 ], [ -97.698893, 30.710152 ], [ -97.698568, 30.710367 ], [ -97.697868, 30.710917 ], [ -97.697614, 30.711175 ], [ -97.697569, 30.711399 ], [ -97.697497, 30.711757 ], [ -97.697644, 30.712012 ], [ -97.69801, 30.712446 ], [ -97.698755, 30.713191 ], [ -97.699889, 30.714326 ], [ -97.701051, 30.716194 ], [ -97.701604, 30.716894 ], [ -97.701618, 30.716966 ], [ -97.701715, 30.717115 ], [ -97.701847, 30.717318 ], [ -97.701841, 30.717401 ], [ -97.70186, 30.717709 ], [ -97.701765, 30.71805 ], [ -97.701733, 30.71822 ], [ -97.701656, 30.718297 ], [ -97.701628, 30.718382 ], [ -97.701418, 30.718495 ], [ -97.700955, 30.718582 ], [ -97.700326, 30.718968 ], [ -97.700027, 30.719188 ], [ -97.69997, 30.71921 ], [ -97.699569, 30.719518 ], [ -97.699298, 30.719794 ], [ -97.699257, 30.719837 ], [ -97.699175, 30.719952 ], [ -97.699091, 30.720068 ], [ -97.698792, 30.720409 ], [ -97.69862, 30.72053 ], [ -97.698512, 30.720585 ], [ -97.698213, 30.720767 ], [ -97.698111, 30.720811 ], [ -97.697634, 30.721157 ], [ -97.697519, 30.721267 ], [ -97.697105, 30.72152 ], [ -97.696609, 30.721762 ], [ -97.696227, 30.7219 ], [ -97.695978, 30.721955 ], [ -97.695857, 30.72196 ], [ -97.695673, 30.721949 ], [ -97.695466, 30.721927 ], [ -97.695221, 30.7219 ], [ -97.694724, 30.721592 ], [ -97.69461, 30.721481 ], [ -97.694218, 30.721096 ], [ -97.693274, 30.720171 ], [ -97.693203, 30.720101 ], [ -97.692886, 30.719669 ], [ -97.692855, 30.719628 ], [ -97.692751, 30.719485 ], [ -97.692127, 30.7186 ], [ -97.692063, 30.718457 ], [ -97.692055, 30.718426 ], [ -97.691993, 30.718198 ], [ -97.691866, 30.717803 ], [ -97.691821, 30.717605 ], [ -97.691809, 30.717555 ], [ -97.691739, 30.717176 ], [ -97.691732, 30.716895 ], [ -97.691751, 30.716659 ], [ -97.691796, 30.716411 ], [ -97.691876, 30.715111 ], [ -97.691898, 30.714745 ], [ -97.691981, 30.714618 ], [ -97.692133, 30.714288 ], [ -97.692178, 30.714074 ], [ -97.692255, 30.713989 ], [ -97.692228, 30.713637 ], [ -97.692158, 30.71343 ], [ -97.692058, 30.713316 ], [ -97.691629, 30.713099 ], [ -97.690889, 30.712988 ], [ -97.690441, 30.713068 ], [ -97.689861, 30.713349 ], [ -97.688846, 30.71368 ], [ -97.687878, 30.713807 ], [ -97.687748, 30.713824 ], [ -97.687365, 30.713875 ], [ -97.687232, 30.71403 ], [ -97.686971, 30.714118 ], [ -97.686665, 30.714272 ], [ -97.68657, 30.71431 ], [ -97.686449, 30.714316 ], [ -97.686245, 30.714376 ], [ -97.686143, 30.714426 ], [ -97.686105, 30.714475 ], [ -97.686054, 30.714503 ], [ -97.685876, 30.714519 ], [ -97.685717, 30.714459 ], [ -97.685501, 30.714312 ], [ -97.684934, 30.714101 ], [ -97.684645, 30.713902 ], [ -97.684507, 30.713853 ], [ -97.684561, 30.713791 ], [ -97.684798, 30.713515 ], [ -97.685384, 30.71284 ], [ -97.685784, 30.712367 ], [ -97.685899, 30.712233 ], [ -97.68643, 30.711624 ], [ -97.686504, 30.711545 ], [ -97.686571, 30.711473 ], [ -97.686768, 30.711264 ], [ -97.686895, 30.71114 ], [ -97.686999, 30.711039 ], [ -97.68709, 30.71095 ], [ -97.68718, 30.710868 ], [ -97.687603, 30.710486 ], [ -97.687704, 30.710395 ], [ -97.68819, 30.710009 ], [ -97.688622, 30.709665 ], [ -97.689096, 30.709343 ], [ -97.689239, 30.709246 ], [ -97.689766, 30.708918 ], [ -97.690241, 30.708649 ], [ -97.690479, 30.708515 ], [ -97.690911, 30.708295 ], [ -97.691407, 30.708064 ], [ -97.691571, 30.707994 ], [ -97.692489, 30.707604 ], [ -97.69428, 30.706874 ], [ -97.694475, 30.706796 ], [ -97.696615, 30.705925 ], [ -97.697734, 30.705462 ], [ -97.697757, 30.705453 ], [ -97.700266, 30.704416 ], [ -97.700979, 30.704099 ], [ -97.704824, 30.70259 ], [ -97.705384, 30.702239 ], [ -97.706062, 30.701814 ], [ -97.706361, 30.701479 ], [ -97.70662, 30.701153 ], [ -97.706801, 30.700924 ], [ -97.706964, 30.700682 ], [ -97.707082, 30.700416 ], [ -97.707208, 30.700104 ], [ -97.707383, 30.69952 ], [ -97.707573, 30.698803 ], [ -97.707595, 30.698724 ], [ -97.70792, 30.697599 ], [ -97.707986, 30.697373 ], [ -97.708088, 30.697061 ], [ -97.708196, 30.696673 ], [ -97.708572, 30.695277 ], [ -97.708988, 30.694171 ], [ -97.709007, 30.694108 ], [ -97.70903, 30.694033 ], [ -97.709068, 30.693932 ], [ -97.70913, 30.693805 ], [ -97.709153, 30.693757 ], [ -97.709183, 30.693681 ], [ -97.709368, 30.693396 ], [ -97.709515, 30.693168 ], [ -97.709711, 30.692881 ], [ -97.710087, 30.692394 ], [ -97.71029, 30.692177 ], [ -97.710575, 30.691886 ], [ -97.710785, 30.691678 ], [ -97.71085, 30.691614 ], [ -97.711384, 30.691171 ], [ -97.711454, 30.691121 ], [ -97.711835, 30.69085 ], [ -97.712402, 30.690482 ], [ -97.712464, 30.690446 ], [ -97.713162, 30.690038 ], [ -97.713378, 30.68991 ], [ -97.713728, 30.689703 ], [ -97.714143, 30.689429 ], [ -97.714373, 30.689278 ], [ -97.714413, 30.689254 ], [ -97.714744, 30.689051 ], [ -97.715367, 30.68867 ], [ -97.715732, 30.688355 ], [ -97.715845, 30.688213 ], [ -97.716207, 30.6877 ], [ -97.716242, 30.68765 ], [ -97.716247, 30.687629 ], [ -97.716418, 30.686994 ], [ -97.716687, 30.685333 ], [ -97.716807, 30.684825 ], [ -97.716978, 30.684106 ], [ -97.71711, 30.683906 ], [ -97.71776, 30.682926 ], [ -97.717885, 30.682981 ], [ -97.718615, 30.683307 ], [ -97.718929, 30.683467 ], [ -97.719189, 30.683631 ], [ -97.719439, 30.683805 ], [ -97.719632, 30.683946 ], [ -97.719815, 30.684101 ], [ -97.720114, 30.684382 ], [ -97.720485, 30.684766 ], [ -97.720921, 30.685325 ], [ -97.721177, 30.685649 ], [ -97.721841, 30.68651 ], [ -97.722505, 30.687283 ], [ -97.722526, 30.687308 ], [ -97.723176, 30.68799 ], [ -97.723625, 30.688414 ], [ -97.724594, 30.689316 ], [ -97.724695, 30.689404 ], [ -97.725101, 30.689756 ], [ -97.72518, 30.689816 ], [ -97.725584, 30.690123 ], [ -97.726536, 30.690816 ], [ -97.727744, 30.69164 ], [ -97.728149, 30.691916 ], [ -97.728755, 30.692313 ], [ -97.729009, 30.69247 ], [ -97.729462, 30.69274 ], [ -97.730202, 30.693159 ], [ -97.730048, 30.693343 ] ] ] } },
{ "type": "Feature", "properties": { "GEOID": "484910203211", "NAME": "Block Group 1; Census Tract 203.21; Williamson County; Texas", "state": "48", "county": "491", "tract": "020321", "block group": "1", "population": 505.0, "population_moe": 131.0, "area_sq_miles": 0.27003196054438444, "population_density": 1870.1489963703555, "under5": 9.0, "under5_moe": 18.601075237738275, "under18": 79.0, "under18_moe": 49.365980188789933, "age18_64": 353.0, "age18_64_moe": 103.83640979926068, "age65plus": 73.0, "age65plus_moe": 40.06245124802026, "civilian_noninstitutionalized_population": 505.0, "civilian_noninstitutionalized_population_moe": 131.0, "uninsured": 49.0, "uninsured_moe": 47.623523599162631, "uninsured_pct": 9.7029702970297027, "disability_population_base": "<NA>", "disability_population_base_moe": "<NA>", "disability": null, "disability_moe": "<NA>", "disability_pct": null, "poverty_population_base": 505.0, "poverty_population_base_moe": 131.0, "poverty": 23.0, "poverty_moe": 25.0, "poverty_pct": 4.5544554455445541, "median_household_income": "91875.0", "median_household_income_moe": "25578.0", "per_capita_income": 61008.0, "per_capita_income_moe": 20148.0, "households": "<NA>", "households_moe": "<NA>", "no_vehicle_households": "<NA>", "no_vehicle_households_moe": "<NA>", "no_vehicle_pct": null, "youth_population_pct": 15.643564356435643, "senior_population_pct": 14.455445544554454, "healthcare_need_score": 23.057343408759063, "healthcare_need_notes": "Relative index averaging min-max normalized uninsured_pct, disability_pct, poverty_pct, no_vehicle_pct, youth_population_pct, and senior_population_pct within the retained Liberty Hill study-area block groups.", "uninsured_pct_numerator": "uninsured", "uninsured_pct_denominator": "civilian_noninstitutionalized_population", "disability_pct_numerator": "disability", "disability_pct_denominator": "disability_population_base", "poverty_pct_numerator": "poverty", "poverty_pct_denominator": "poverty_population_base", "no_vehicle_pct_numerator": "no_vehicle_households", "no_vehicle_pct_denominator": "households", "youth_population_pct_numerator": "under18", "youth_population_pct_denominator": "population", "senior_population_pct_numerator": "age65plus", "senior_population_pct_denominator": "population", "intersects_liberty_hill_city": false, "nearest_any_medical_miles": 0.37631002326197699, "nearest_primary_care_miles": 0.37631002326197699, "nearest_urgent_care_miles": 2.5997261773440203, "nearest_hospital_miles": 2.5383802379110905, "nearest_emergency_miles": 3.0098221754665939, "nearest_primary_care_minutes": null, "nearest_urgent_care_minutes": null, "nearest_hospital_minutes": null, "nearest_emergency_minutes": null, "healthcare_access_measure": "Straight-line distance", "healthcare_access_distance_band": "0-1 miles" }, "geometry": { "type": "Polygon", "coordinates": [ [ [ -97.855297, 30.55191 ], [ -97.855118, 30.552186 ], [ -97.854958, 30.552584 ], [ -97.854821, 30.552987 ], [ -97.854774, 30.553154 ], [ -97.854709, 30.553317 ], [ -97.854628, 30.553475 ], [ -97.854547, 30.553605 ], [ -97.854487, 30.55369 ], [ -97.854424, 30.553781 ], [ -97.85413, 30.554198 ], [ -97.853774, 30.554656 ], [ -97.853682, 30.554748 ], [ -97.853586, 30.554836 ], [ -97.853483, 30.554916 ], [ -97.853374, 30.554993 ], [ -97.853335, 30.555016 ], [ -97.853141, 30.555122 ], [ -97.853016, 30.555178 ], [ -97.852888, 30.555228 ], [ -97.851724, 30.555604 ], [ -97.850472, 30.555953 ], [ -97.849696, 30.556179 ], [ -97.848364, 30.556586 ], [ -97.847091, 30.556975 ], [ -97.845849, 30.557391 ], [ -97.845304, 30.557572 ], [ -97.844141, 30.557959 ], [ -97.843984, 30.557657 ], [ -97.843441, 30.556565 ], [ -97.843001, 30.555693 ], [ -97.842682, 30.555048 ], [ -97.841973, 30.553616 ], [ -97.841838, 30.553326 ], [ -97.841785, 30.553137 ], [ -97.84202, 30.553066 ], [ -97.842763, 30.552805 ], [ -97.842781, 30.552799 ], [ -97.843174, 30.552645 ], [ -97.843529, 30.552498 ], [ -97.843754, 30.55242 ], [ -97.843941, 30.552377 ], [ -97.844037, 30.552364 ], [ -97.844132, 30.55236 ], [ -97.844229, 30.552363 ], [ -97.844489, 30.552401 ], [ -97.844789, 30.552437 ], [ -97.845032, 30.552452 ], [ -97.845163, 30.552446 ], [ -97.845253, 30.55243 ], [ -97.845427, 30.552387 ], [ -97.84574, 30.5523 ], [ -97.846079, 30.552188 ], [ -97.84641, 30.552059 ], [ -97.846856, 30.55187 ], [ -97.846986, 30.551823 ], [ -97.847079, 30.551797 ], [ -97.84751, 30.551707 ], [ -97.847735, 30.551649 ], [ -97.848163, 30.551519 ], [ -97.848254, 30.551486 ], [ -97.848359, 30.551436 ], [ -97.848458, 30.551379 ], [ -97.848562, 30.551313 ], [ -97.848624, 30.551266 ], [ -97.84874, 30.551165 ], [ -97.848847, 30.551055 ], [ -97.848912, 30.550974 ], [ -97.849027, 30.5508 ], [ -97.849208, 30.550502 ], [ -97.849413, 30.550148 ], [ -97.84948, 30.550047 ], [ -97.849558, 30.54995 ], [ -97.849656, 30.549846 ], [ -97.849766, 30.549746 ], [ -97.849867, 30.549664 ], [ -97.850003, 30.549578 ], [ -97.850036, 30.549562 ], [ -97.850087, 30.54954 ], [ -97.850299, 30.549471 ], [ -97.850739, 30.549369 ], [ -97.851186, 30.549271 ], [ -97.851817, 30.549163 ], [ -97.851941, 30.549141 ], [ -97.852073, 30.549108 ], [ -97.852333, 30.549029 ], [ -97.85302, 30.54878 ], [ -97.853354, 30.549501 ], [ -97.853564, 30.549863 ], [ -97.853706, 30.550089 ], [ -97.853857, 30.550283 ], [ -97.853911, 30.550342 ], [ -97.854022, 30.550466 ], [ -97.854063, 30.550506 ], [ -97.8542, 30.55064 ], [ -97.854674, 30.551039 ], [ -97.85549, 30.551639 ], [ -97.855297, 30.55191 ] ] ] } },
{ "type": "Feature", "properties": { "GEOID": "484910203212", "NAME": "Block Group 2; Census Tract 203.21; Williamson County; Texas", "state": "48", "county": "491", "tract": "020321", "block group": "2", "population": 1715.0, "population_moe": 267.0, "area_sq_miles": 0.44401847418282447, "population_density": 3862.4519017058947, "under5": 47.0, "under5_moe": 42.720018726587654, "under18": 273.0, "under18_moe": 90.293964360858581, "age18_64": 1171.0, "age18_64_moe": 211.63648078722156, "age65plus": 271.0, "age65plus_moe": 98.270036124955197, "civilian_noninstitutionalized_population": 1715.0, "civilian_noninstitutionalized_population_moe": 267.0, "uninsured": 403.0, "uninsured_moe": 201.78206064960284, "uninsured_pct": 23.498542274052479, "disability_population_base": "<NA>", "disability_population_base_moe": "<NA>", "disability": null, "disability_moe": "<NA>", "disability_pct": null, "poverty_population_base": 1715.0, "poverty_population_base_moe": 267.0, "poverty": 176.0, "poverty_moe": 115.52056094046635, "poverty_pct": 10.262390670553936, "median_household_income": "75461.0", "median_household_income_moe": "17901.0", "per_capita_income": 33886.0, "per_capita_income_moe": 6641.0, "households": "<NA>", "households_moe": "<NA>", "no_vehicle_households": "<NA>", "no_vehicle_households_moe": "<NA>", "no_vehicle_pct": null, "youth_population_pct": 15.918367346938775, "senior_population_pct": 15.801749271137025, "healthcare_need_score": 37.466703824712965, "healthcare_need_notes": "Relative index averaging min-max normalized uninsured_pct, disability_pct, poverty_pct, no_vehicle_pct, youth_population_pct, and senior_population_pct within the retained Liberty Hill study-area block groups.", "uninsured_pct_numerator": "uninsured", "uninsured_pct_denominator": "civilian_noninstitutionalized_population", "disability_pct_numerator": "disability", "disability_pct_denominator": "disability_population_base", "poverty_pct_numerator": "poverty", "poverty_pct_denominator": "poverty_population_base", "no_vehicle_pct_numerator": "no_vehicle_households", "no_vehicle_pct_denominator": "households", "youth_population_pct_numerator": "under18", "youth_population_pct_denominator": "population", "senior_population_pct_numerator": "age65plus", "senior_population_pct_denominator": "population", "intersects_liberty_hill_city": false, "nearest_any_medical_miles": 0.80712193670948618, "nearest_primary_care_miles": 0.80712193670948618, "nearest_urgent_care_miles": 3.2137080448959194, "nearest_hospital_miles": 2.1007973146292946, "nearest_emergency_miles": 3.6218881804619163, "nearest_primary_care_minutes": null, "nearest_urgent_care_minutes": null, "nearest_hospital_minutes": null, "nearest_emergency_minutes": null, "healthcare_access_measure": "Straight-line distance", "healthcare_access_distance_band": "0-1 miles" }, "geometry": { "type": "Polygon", "coordinates": [ [ [ -97.85302, 30.54878 ], [ -97.852333, 30.549029 ], [ -97.852073, 30.549108 ], [ -97.851941, 30.549141 ], [ -97.851817, 30.549163 ], [ -97.851186, 30.549271 ], [ -97.850739, 30.549369 ], [ -97.850299, 30.549471 ], [ -97.850087, 30.54954 ], [ -97.850036, 30.549562 ], [ -97.850003, 30.549578 ], [ -97.849867, 30.549664 ], [ -97.849766, 30.549746 ], [ -97.849656, 30.549846 ], [ -97.849558, 30.54995 ], [ -97.84948, 30.550047 ], [ -97.849413, 30.550148 ], [ -97.849208, 30.550502 ], [ -97.849027, 30.5508 ], [ -97.848912, 30.550974 ], [ -97.848847, 30.551055 ], [ -97.84874, 30.551165 ], [ -97.848624, 30.551266 ], [ -97.848562, 30.551313 ], [ -97.848458, 30.551379 ], [ -97.848359, 30.551436 ], [ -97.848254, 30.551486 ], [ -97.848163, 30.551519 ], [ -97.847735, 30.551649 ], [ -97.84751, 30.551707 ], [ -97.847079, 30.551797 ], [ -97.846986, 30.551823 ], [ -97.846856, 30.55187 ], [ -97.84641, 30.552059 ], [ -97.846079, 30.552188 ], [ -97.84574, 30.5523 ], [ -97.845427, 30.552387 ], [ -97.845253, 30.55243 ], [ -97.845163, 30.552446 ], [ -97.845032, 30.552452 ], [ -97.844789, 30.552437 ], [ -97.844489, 30.552401 ], [ -97.844229, 30.552363 ], [ -97.844132, 30.55236 ], [ -97.844037, 30.552364 ], [ -97.843941, 30.552377 ], [ -97.843754, 30.55242 ], [ -97.843529, 30.552498 ], [ -97.843174, 30.552645 ], [ -97.842781, 30.552799 ], [ -97.842763, 30.552805 ], [ -97.84202, 30.553066 ], [ -97.841785, 30.553137 ], [ -97.841744, 30.553002 ], [ -97.841666, 30.552656 ], [ -97.841626, 30.552436 ], [ -97.841605, 30.552213 ], [ -97.841603, 30.551991 ], [ -97.841606, 30.551948 ], [ -97.841754, 30.549394 ], [ -97.841807, 30.548667 ], [ -97.841804, 30.548422 ], [ -97.841787, 30.548216 ], [ -97.841784, 30.548179 ], [ -97.841741, 30.547937 ], [ -97.841681, 30.547696 ], [ -97.841601, 30.547462 ], [ -97.840354, 30.544642 ], [ -97.840157, 30.544162 ], [ -97.846779, 30.542146 ], [ -97.846748, 30.542072 ], [ -97.846023, 30.540308 ], [ -97.845529, 30.53905 ], [ -97.845531, 30.538999 ], [ -97.84551, 30.538952 ], [ -97.845488, 30.538867 ], [ -97.845393, 30.537946 ], [ -97.845855, 30.537576 ], [ -97.846669, 30.536924 ], [ -97.847394, 30.536344 ], [ -97.847598, 30.53628 ], [ -97.84763, 30.536321 ], [ -97.847908, 30.536999 ], [ -97.847925, 30.537041 ], [ -97.848375, 30.538072 ], [ -97.848775, 30.539012 ], [ -97.848974, 30.53948 ], [ -97.849024, 30.539598 ], [ -97.849318, 30.540254 ], [ -97.849467, 30.5406 ], [ -97.849927, 30.541668 ], [ -97.850266, 30.542477 ], [ -97.850863, 30.543957 ], [ -97.851229, 30.544798 ], [ -97.85144, 30.545373 ], [ -97.851733, 30.546111 ], [ -97.851957, 30.546622 ], [ -97.852354, 30.547442 ], [ -97.852418, 30.547574 ], [ -97.852969, 30.548678 ], [ -97.85302, 30.54878 ] ] ] } },
{ "type": "Feature", "properties": { "GEOID": "484910203272", "NAME": "Block Group 2; Census Tract 203.27; Williamson County; Texas", "state": "48", "county": "491", "tract": "020327", "block group": "2", "population": 2263.0, "population_moe": 714.0, "area_sq_miles": 0.55127767497202596, "population_density": 4105.0093314858686, "under5": 199.0, "under5_moe": 138.7984149765407, "under18": 483.0, "under18_moe": 192.86523792534516, "age18_64": 1527.0, "age18_64_moe": 392.09947717384171, "age65plus": 253.0, "age65plus_moe": 143.26897780049944, "civilian_noninstitutionalized_population": 2263.0, "civilian_noninstitutionalized_population_moe": 714.0, "uninsured": 569.0, "uninsured_moe": 360.04999652825995, "uninsured_pct": 25.143614670790988, "disability_population_base": "<NA>", "disability_population_base_moe": "<NA>", "disability": null, "disability_moe": "<NA>", "disability_pct": null, "poverty_population_base": 2263.0, "poverty_population_base_moe": 714.0, "poverty": 299.0, "poverty_moe": 298.37727795527593, "poverty_pct": 13.212549712770658, "median_household_income": "75600.0", "median_household_income_moe": "32453.0", "per_capita_income": 42701.0, "per_capita_income_moe": 9581.0, "households": "<NA>", "households_moe": "<NA>", "no_vehicle_households": "<NA>", "no_vehicle_households_moe": "<NA>", "no_vehicle_pct": null, "youth_population_pct": 21.343349536014141, "senior_population_pct": 11.179849756959788, "healthcare_need_score": 42.65154971716705, "healthcare_need_notes": "Relative index averaging min-max normalized uninsured_pct, disability_pct, poverty_pct, no_vehicle_pct, youth_population_pct, and senior_population_pct within the retained Liberty Hill study-area block groups.", "uninsured_pct_numerator": "uninsured", "uninsured_pct_denominator": "civilian_noninstitutionalized_population", "disability_pct_numerator": "disability", "disability_pct_denominator": "disability_population_base", "poverty_pct_numerator": "poverty", "poverty_pct_denominator": "poverty_population_base", "no_vehicle_pct_numerator": "no_vehicle_households", "no_vehicle_pct_denominator": "households", "youth_population_pct_numerator": "under18", "youth_population_pct_denominator": "population", "senior_population_pct_numerator": "age65plus", "senior_population_pct_denominator": "population", "intersects_liberty_hill_city": false, "nearest_any_medical_miles": 1.4752475097221038, "nearest_primary_care_miles": 2.1880043977009889, "nearest_urgent_care_miles": 4.6246026743221949, "nearest_hospital_miles": 1.4752475097221038, "nearest_emergency_miles": 5.0219828270770961, "nearest_primary_care_minutes": null, "nearest_urgent_care_minutes": null, "nearest_hospital_minutes": null, "nearest_emergency_minutes": null, "healthcare_access_measure": "Straight-line distance", "healthcare_access_distance_band": "1-3 miles" }, "geometry": { "type": "Polygon", "coordinates": [ [ [ -97.844949, 30.529813 ], [ -97.842724, 30.530436 ], [ -97.840231, 30.531193 ], [ -97.839195, 30.531487 ], [ -97.839039, 30.531569 ], [ -97.836347, 30.532523 ], [ -97.835201, 30.532905 ], [ -97.834299, 30.530763 ], [ -97.833866, 30.529652 ], [ -97.833496, 30.528704 ], [ -97.833158, 30.527781 ], [ -97.832796, 30.526913 ], [ -97.832429, 30.526037 ], [ -97.831979, 30.52502 ], [ -97.831753, 30.524452 ], [ -97.831223, 30.523119 ], [ -97.830078, 30.520636 ], [ -97.831973, 30.520225 ], [ -97.833386, 30.519802 ], [ -97.835476, 30.519179 ], [ -97.836494, 30.518853 ], [ -97.837093, 30.518659 ], [ -97.837707, 30.518464 ], [ -97.840024, 30.517726 ], [ -97.841164, 30.520196 ], [ -97.8416, 30.521151 ], [ -97.841911, 30.521893 ], [ -97.842114, 30.522378 ], [ -97.842669, 30.523798 ], [ -97.844338, 30.528106 ], [ -97.844949, 30.529813 ] ] ] } },
{ "type": "Feature", "properties": { "GEOID": "484910203251", "NAME": "Block Group 1; Census Tract 203.25; Williamson County; Texas", "state": "48", "county": "491", "tract": "020325", "block group": "1", "population": 1503.0, "population_moe": 366.0, "area_sq_miles": 0.26015542004474101, "population_density": 5777.3157281963104, "under5": 62.0, "under5_moe": 43.324358044868937, "under18": 263.0, "under18_moe": 98.63569333664158, "age18_64": 1150.0, "age18_64_moe": 212.87555049840739, "age65plus": 90.0, "age65plus_moe": 50.685303589896748, "civilian_noninstitutionalized_population": 1503.0, "civilian_noninstitutionalized_population_moe": 366.0, "uninsured": 306.0, "uninsured_moe": 140.37449910863441, "uninsured_pct": 20.359281437125748, "disability_population_base": "<NA>", "disability_population_base_moe": "<NA>", "disability": null, "disability_moe": "<NA>", "disability_pct": null, "poverty_population_base": 1493.0, "poverty_population_base_moe": 364.0, "poverty": 80.0, "poverty_moe": 69.570108523704349, "poverty_pct": 5.35833891493637, "median_household_income": "104450.0", "median_household_income_moe": "8604.0", "per_capita_income": 42498.0, "per_capita_income_moe": 6943.0, "households": "<NA>", "households_moe": "<NA>", "no_vehicle_households": "<NA>", "no_vehicle_households_moe": "<NA>", "no_vehicle_pct": null, "youth_population_pct": 17.498336660013305, "senior_population_pct": 5.9880239520958085, "healthcare_need_score": 30.05556396030844, "healthcare_need_notes": "Relative index averaging min-max normalized uninsured_pct, disability_pct, poverty_pct, no_vehicle_pct, youth_population_pct, and senior_population_pct within the retained Liberty Hill study-area block groups.", "uninsured_pct_numerator": "uninsured", "uninsured_pct_denominator": "civilian_noninstitutionalized_population", "disability_pct_numerator": "disability", "disability_pct_denominator": "disability_population_base", "poverty_pct_numerator": "poverty", "poverty_pct_denominator": "poverty_population_base", "no_vehicle_pct_numerator": "no_vehicle_households", "no_vehicle_pct_denominator": "households", "youth_population_pct_numerator": "under18", "youth_population_pct_denominator": "population", "senior_population_pct_numerator": "age65plus", "senior_population_pct_denominator": "population", "intersects_liberty_hill_city": false, "nearest_any_medical_miles": 1.3246916293507773, "nearest_primary_care_miles": 1.3246916293507773, "nearest_urgent_care_miles": 3.7762989631904058, "nearest_hospital_miles": 1.8272955269239017, "nearest_emergency_miles": 4.1858272406443318, "nearest_primary_care_minutes": null, "nearest_urgent_care_minutes": null, "nearest_hospital_minutes": null, "nearest_emergency_minutes": null, "healthcare_access_measure": "Straight-line distance", "healthcare_access_distance_band": "1-3 miles" }, "geometry": { "type": "Polygon", "coordinates": [ [ [ -97.847598, 30.53628 ], [ -97.847394, 30.536344 ], [ -97.846669, 30.536924 ], [ -97.845855, 30.537576 ], [ -97.845393, 30.537946 ], [ -97.845488, 30.538867 ], [ -97.84551, 30.538952 ], [ -97.845531, 30.538999 ], [ -97.845529, 30.53905 ], [ -97.846023, 30.540308 ], [ -97.846748, 30.542072 ], [ -97.846779, 30.542146 ], [ -97.840157, 30.544162 ], [ -97.84004, 30.543838 ], [ -97.840211, 30.543785 ], [ -97.84054, 30.543683 ], [ -97.841267, 30.543442 ], [ -97.841995, 30.543211 ], [ -97.842782, 30.542968 ], [ -97.843542, 30.54274 ], [ -97.842274, 30.539469 ], [ -97.842196, 30.53924 ], [ -97.842075, 30.538995 ], [ -97.841956, 30.538844 ], [ -97.841797, 30.53874 ], [ -97.841631, 30.537894 ], [ -97.841353, 30.537209 ], [ -97.840376, 30.534799 ], [ -97.839885, 30.533617 ], [ -97.839595, 30.533091 ], [ -97.839322, 30.532846 ], [ -97.839386, 30.532633 ], [ -97.839346, 30.532374 ], [ -97.839039, 30.531569 ], [ -97.839195, 30.531487 ], [ -97.840231, 30.531193 ], [ -97.842724, 30.530436 ], [ -97.844949, 30.529813 ], [ -97.846444, 30.533525 ], [ -97.84694, 30.534756 ], [ -97.847358, 30.535792 ], [ -97.847503, 30.536155 ], [ -97.847598, 30.53628 ] ] ] } },
{ "type": "Feature", "properties": { "GEOID": "484910203231", "NAME": "Block Group 1; Census Tract 203.23; Williamson County; Texas", "state": "48", "county": "491", "tract": "020323", "block group": "1", "population": 2389.0, "population_moe": 446.0, "area_sq_miles": 0.35451659125243984, "population_density": 6738.7537253478504, "under5": 97.0, "under5_moe": 51.61395160225576, "under18": 635.0, "under18_moe": 208.20182516010757, "age18_64": 1678.0, "age18_64_moe": 260.20953095534378, "age65plus": 76.0, "age65plus_moe": 40.385641012617342, "civilian_noninstitutionalized_population": 2389.0, "civilian_noninstitutionalized_population_moe": 446.0, "uninsured": 776.0, "uninsured_moe": 261.60466356699379, "uninsured_pct": 32.482210129761405, "disability_population_base": "<NA>", "disability_population_base_moe": "<NA>", "disability": null, "disability_moe": "<NA>", "disability_pct": null, "poverty_population_base": 2389.0, "poverty_population_base_moe": 446.0, "poverty": 601.0, "poverty_moe": 348.46233655877359, "poverty_pct": 25.156969443281707, "median_household_income": "75833.0", "median_household_income_moe": "10041.0", "per_capita_income": 33773.0, "per_capita_income_moe": 4646.0, "households": "<NA>", "households_moe": "<NA>", "no_vehicle_households": "<NA>", "no_vehicle_households_moe": "<NA>", "no_vehicle_pct": null, "youth_population_pct": 26.580159062369191, "senior_population_pct": 3.1812473838426123, "healthcare_need_score": 56.929019558454407, "healthcare_need_notes": "Relative index averaging min-max normalized uninsured_pct, disability_pct, poverty_pct, no_vehicle_pct, youth_population_pct, and senior_population_pct within the retained Liberty Hill study-area block groups.", "uninsured_pct_numerator": "uninsured", "uninsured_pct_denominator": "civilian_noninstitutionalized_population", "disability_pct_numerator": "disability", "disability_pct_denominator": "disability_population_base", "poverty_pct_numerator": "poverty", "poverty_pct_denominator": "poverty_population_base", "no_vehicle_pct_numerator": "no_vehicle_households", "no_vehicle_pct_denominator": "households", "youth_population_pct_numerator": "under18", "youth_population_pct_denominator": "population", "senior_population_pct_numerator": "age65plus", "senior_population_pct_denominator": "population", "intersects_liberty_hill_city": false, "nearest_any_medical_miles": 1.1761328008243315, "nearest_primary_care_miles": 1.1761328008243315, "nearest_urgent_care_miles": 3.6861425412441235, "nearest_hospital_miles": 2.4268822884893062, "nearest_emergency_miles": 4.1324716195641882, "nearest_primary_care_minutes": null, "nearest_urgent_care_minutes": null, "nearest_hospital_minutes": null, "nearest_emergency_minutes": null, "healthcare_access_measure": "Straight-line distance", "healthcare_access_distance_band": "1-3 miles" }, "geometry": { "type": "Polygon", "coordinates": [ [ [ -97.861572, 30.53814 ], [ -97.860038, 30.538615 ], [ -97.859171, 30.538897 ], [ -97.858258, 30.539187 ], [ -97.857556, 30.539406 ], [ -97.857402, 30.539455 ], [ -97.856618, 30.539708 ], [ -97.856471, 30.539756 ], [ -97.855582, 30.540047 ], [ -97.854847, 30.540261 ], [ -97.854734, 30.540294 ], [ -97.854715, 30.5403 ], [ -97.853927, 30.540579 ], [ -97.85385, 30.540602 ], [ -97.853009, 30.54086 ], [ -97.852486, 30.541035 ], [ -97.852101, 30.541163 ], [ -97.852065, 30.541174 ], [ -97.851508, 30.54133 ], [ -97.851236, 30.541389 ], [ -97.850962, 30.541409 ], [ -97.850719, 30.541435 ], [ -97.850445, 30.541528 ], [ -97.850109, 30.541619 ], [ -97.849927, 30.541668 ], [ -97.849467, 30.5406 ], [ -97.849318, 30.540254 ], [ -97.849024, 30.539598 ], [ -97.848974, 30.53948 ], [ -97.848775, 30.539012 ], [ -97.848375, 30.538072 ], [ -97.847925, 30.537041 ], [ -97.847908, 30.536999 ], [ -97.84763, 30.536321 ], [ -97.847598, 30.53628 ], [ -97.847503, 30.536155 ], [ -97.847358, 30.535792 ], [ -97.84694, 30.534756 ], [ -97.848455, 30.534239 ], [ -97.849094, 30.533889 ], [ -97.849411, 30.534199 ], [ -97.849615, 30.53467 ], [ -97.850411, 30.534419 ], [ -97.851263, 30.534151 ], [ -97.850769, 30.532947 ], [ -97.851618, 30.532693 ], [ -97.851929, 30.533445 ], [ -97.852206, 30.534198 ], [ -97.852908, 30.533989 ], [ -97.853561, 30.533742 ], [ -97.853864, 30.533405 ], [ -97.8541, 30.532654 ], [ -97.854342, 30.532643 ], [ -97.854629, 30.532623 ], [ -97.855384, 30.532373 ], [ -97.855714, 30.533145 ], [ -97.856553, 30.532881 ], [ -97.857424, 30.532615 ], [ -97.858255, 30.532362 ], [ -97.859139, 30.532092 ], [ -97.859262, 30.532458 ], [ -97.859394, 30.532851 ], [ -97.859473, 30.533134 ], [ -97.859616, 30.533483 ], [ -97.859832, 30.533921 ], [ -97.859971, 30.534262 ], [ -97.860604, 30.535633 ], [ -97.861572, 30.53814 ] ] ] } },
{ "type": "Feature", "properties": { "GEOID": "484910203531", "NAME": "Block Group 1; Census Tract 203.53; Williamson County; Texas", "state": "48", "county": "491", "tract": "020353", "block group": "1", "population": 1766.0, "population_moe": 406.0, "area_sq_miles": 0.29641144417195575, "population_density": 5957.9346031440637, "under5": 75.0, "under5_moe": 65.76473218982953, "under18": 252.0, "under18_moe": 155.29327094243331, "age18_64": 1200.0, "age18_64_moe": 330.23476497788658, "age65plus": 314.0, "age65plus_moe": 145.17919961206564, "civilian_noninstitutionalized_population": 1766.0, "civilian_noninstitutionalized_population_moe": 406.0, "uninsured": 56.0, "uninsured_moe": 65.931782927507726, "uninsured_pct": 3.1710079275198186, "disability_population_base": "<NA>", "disability_population_base_moe": "<NA>", "disability": null, "disability_moe": "<NA>", "disability_pct": null, "poverty_population_base": 1766.0, "poverty_population_base_moe": 406.0, "poverty": 73.0, "poverty_moe": 70.611613775638915, "poverty_pct": 4.1336353340883356, "median_household_income": "105375.0", "median_household_income_moe": "20468.0", "per_capita_income": 64925.0, "per_capita_income_moe": 21755.0, "households": "<NA>", "households_moe": "<NA>", "no_vehicle_households": "<NA>", "no_vehicle_households_moe": "<NA>", "no_vehicle_pct": null, "youth_population_pct": 14.269535673839185, "senior_population_pct": 17.780294450736125, "healthcare_need_score": 18.136476365500869, "healthcare_need_notes": "Relative index averaging min-max normalized uninsured_pct, disability_pct, poverty_pct, no_vehicle_pct, youth_population_pct, and senior_population_pct within the retained Liberty Hill study-area block groups.", "uninsured_pct_numerator": "uninsured", "uninsured_pct_denominator": "civilian_noninstitutionalized_population", "disability_pct_numerator": "disability", "disability_pct_denominator": "disability_population_base", "poverty_pct_numerator": "poverty", "poverty_pct_denominator": "poverty_population_base", "no_vehicle_pct_numerator": "no_vehicle_households", "no_vehicle_pct_denominator": "households", "youth_population_pct_numerator": "under18", "youth_population_pct_denominator": "population", "senior_population_pct_numerator": "age65plus", "senior_population_pct_denominator": "population", "intersects_liberty_hill_city": false, "nearest_any_medical_miles": 2.1346543589381644, "nearest_primary_care_miles": 2.4307656792396015, "nearest_urgent_care_miles": 4.9407255825411092, "nearest_hospital_miles": 2.1346543589381644, "nearest_emergency_miles": 5.37057641090417, "nearest_primary_care_minutes": null, "nearest_urgent_care_minutes": null, "nearest_hospital_minutes": null, "nearest_emergency_minutes": null, "healthcare_access_measure": "Straight-line distance", "healthcare_access_distance_band": "1-3 miles" }, "geometry": { "type": "Polygon", "coordinates": [ [ [ -97.853006, 30.521127 ], [ -97.851838, 30.521271 ], [ -97.8512, 30.52136 ], [ -97.850605, 30.521466 ], [ -97.850229, 30.521594 ], [ -97.849733, 30.521722 ], [ -97.849506, 30.521731 ], [ -97.848837, 30.521645 ], [ -97.847949, 30.521473 ], [ -97.847259, 30.521284 ], [ -97.846308, 30.521109 ], [ -97.846142, 30.52144 ], [ -97.846014, 30.521893 ], [ -97.845726, 30.522602 ], [ -97.845528, 30.522837 ], [ -97.845439, 30.522912 ], [ -97.845291, 30.523017 ], [ -97.843356, 30.523608 ], [ -97.843328, 30.523615 ], [ -97.842669, 30.523798 ], [ -97.842114, 30.522378 ], [ -97.841911, 30.521893 ], [ -97.8416, 30.521151 ], [ -97.841164, 30.520196 ], [ -97.840024, 30.517726 ], [ -97.846021, 30.515975 ], [ -97.849624, 30.514901 ], [ -97.851019, 30.514503 ], [ -97.851643, 30.515976 ], [ -97.852444, 30.517864 ], [ -97.853737, 30.520916 ], [ -97.853006, 30.521127 ] ] ] } },
{ "type": "Feature", "properties": { "GEOID": "484910203532", "NAME": "Block Group 2; Census Tract 203.53; Williamson County; Texas", "state": "48", "county": "491", "tract": "020353", "block group": "2", "population": 1738.0, "population_moe": 582.0, "area_sq_miles": 0.31148015726886003, "population_density": 5579.8096907335648, "under5": 78.0, "under5_moe": 69.31089380465383, "under18": 499.0, "under18_moe": 229.9913041834408, "age18_64": 873.0, "age18_64_moe": 258.55560330420224, "age65plus": 366.0, "age65plus_moe": 155.72090418437725, "civilian_noninstitutionalized_population": 1738.0, "civilian_noninstitutionalized_population_moe": 582.0, "uninsured": 145.0, "uninsured_moe": 97.277952281079607, "uninsured_pct": 8.3429228998849254, "disability_population_base": "<NA>", "disability_population_base_moe": "<NA>", "disability": null, "disability_moe": "<NA>", "disability_pct": null, "poverty_population_base": 1738.0, "poverty_population_base_moe": 582.0, "poverty": 145.0, "poverty_moe": 114.05700329221349, "poverty_pct": 8.3429228998849254, "median_household_income": "62383.0", "median_household_income_moe": "59399.0", "per_capita_income": 44673.0, "per_capita_income_moe": 16305.0, "households": "<NA>", "households_moe": "<NA>", "no_vehicle_households": "<NA>", "no_vehicle_households_moe": "<NA>", "no_vehicle_pct": null, "youth_population_pct": 28.711162255466053, "senior_population_pct": 21.058688147295744, "healthcare_need_score": 34.527835586481451, "healthcare_need_notes": "Relative index averaging min-max normalized uninsured_pct, disability_pct, poverty_pct, no_vehicle_pct, youth_population_pct, and senior_population_pct within the retained Liberty Hill study-area block groups.", "uninsured_pct_numerator": "uninsured", "uninsured_pct_denominator": "civilian_noninstitutionalized_population", "disability_pct_numerator": "disability", "disability_pct_denominator": "disability_population_base", "poverty_pct_numerator": "poverty", "poverty_pct_denominator": "poverty_population_base", "no_vehicle_pct_numerator": "no_vehicle_households", "no_vehicle_pct_denominator": "households", "youth_population_pct_numerator": "under18", "youth_population_pct_denominator": "population", "senior_population_pct_numerator": "age65plus", "senior_population_pct_denominator": "population", "intersects_liberty_hill_city": false, "nearest_any_medical_miles": 1.946170117884731, "nearest_primary_care_miles": 1.946170117884731, "nearest_urgent_care_miles": 4.4583887102453579, "nearest_hospital_miles": 2.1295049119075098, "nearest_emergency_miles": 4.8921778024589271, "nearest_primary_care_minutes": null, "nearest_urgent_care_minutes": null, "nearest_hospital_minutes": null, "nearest_emergency_minutes": null, "healthcare_access_measure": "Straight-line distance", "healthcare_access_distance_band": "1-3 miles" }, "geometry": { "type": "Polygon", "coordinates": [ [ [ -97.855355, 30.527102 ], [ -97.853574, 30.527689 ], [ -97.85319, 30.527816 ], [ -97.850772, 30.52854 ], [ -97.849928, 30.528836 ], [ -97.848745, 30.529141 ], [ -97.847917, 30.52927 ], [ -97.846648, 30.529383 ], [ -97.846408, 30.529454 ], [ -97.844949, 30.529813 ], [ -97.844338, 30.528106 ], [ -97.842669, 30.523798 ], [ -97.843328, 30.523615 ], [ -97.843356, 30.523608 ], [ -97.845291, 30.523017 ], [ -97.845439, 30.522912 ], [ -97.845528, 30.522837 ], [ -97.845726, 30.522602 ], [ -97.846014, 30.521893 ], [ -97.846142, 30.52144 ], [ -97.846308, 30.521109 ], [ -97.847259, 30.521284 ], [ -97.847949, 30.521473 ], [ -97.848837, 30.521645 ], [ -97.849506, 30.521731 ], [ -97.849733, 30.521722 ], [ -97.850229, 30.521594 ], [ -97.850605, 30.521466 ], [ -97.8512, 30.52136 ], [ -97.851838, 30.521271 ], [ -97.853006, 30.521127 ], [ -97.853737, 30.520916 ], [ -97.853833, 30.521174 ], [ -97.853971, 30.521521 ], [ -97.853988, 30.521927 ], [ -97.853981, 30.522463 ], [ -97.85394, 30.523199 ], [ -97.85395, 30.52355 ], [ -97.853954, 30.52367 ], [ -97.854009, 30.523853 ], [ -97.854132, 30.524139 ], [ -97.854584, 30.525174 ], [ -97.855002, 30.526226 ], [ -97.855355, 30.527102 ] ] ] } },
{ "type": "Feature", "properties": { "GEOID": "484910203541", "NAME": "Block Group 1; Census Tract 203.54; Williamson County; Texas", "state": "48", "county": "491", "tract": "020354", "block group": "1", "population": 2734.0, "population_moe": 490.0, "area_sq_miles": 0.41867995308240613, "population_density": 6530.0475455577498, "under5": 104.0, "under5_moe": 66.528189513919585, "under18": 691.0, "under18_moe": 224.16957866757926, "age18_64": 1723.0, "age18_64_moe": 361.80243227485357, "age65plus": 320.0, "age65plus_moe": 115.96120040772259, "civilian_noninstitutionalized_population": 2734.0, "civilian_noninstitutionalized_population_moe": 490.0, "uninsured": 507.0, "uninsured_moe": 319.5183875773036, "uninsured_pct": 18.544257498171177, "disability_population_base": "<NA>", "disability_population_base_moe": "<NA>", "disability": null, "disability_moe": "<NA>", "disability_pct": null, "poverty_population_base": 2734.0, "poverty_population_base_moe": 490.0, "poverty": 30.0, "poverty_moe": 49.33558553417604, "poverty_pct": 1.097293343087052, "median_household_income": "166000.0", "median_household_income_moe": "27275.0", "per_capita_income": 49431.0, "per_capita_income_moe": 9285.0, "households": "<NA>", "households_moe": "<NA>", "no_vehicle_households": "<NA>", "no_vehicle_households_moe": "<NA>", "no_vehicle_pct": null, "youth_population_pct": 25.274323335771765, "senior_population_pct": 11.704462326261886, "healthcare_need_score": 32.288174045026445, "healthcare_need_notes": "Relative index averaging min-max normalized uninsured_pct, disability_pct, poverty_pct, no_vehicle_pct, youth_population_pct, and senior_population_pct within the retained Liberty Hill study-area block groups.", "uninsured_pct_numerator": "uninsured", "uninsured_pct_denominator": "civilian_noninstitutionalized_population", "disability_pct_numerator": "disability", "disability_pct_denominator": "disability_population_base", "poverty_pct_numerator": "poverty", "poverty_pct_denominator": "poverty_population_base", "no_vehicle_pct_numerator": "no_vehicle_households", "no_vehicle_pct_denominator": "households", "youth_population_pct_numerator": "under18", "youth_population_pct_denominator": "population", "senior_population_pct_numerator": "age65plus", "senior_population_pct_denominator": "population", "intersects_liberty_hill_city": false, "nearest_any_medical_miles": 2.4378591364060944, "nearest_primary_care_miles": 2.4378591364060944, "nearest_urgent_care_miles": 4.8795492116825407, "nearest_hospital_miles": 3.0916000581306013, "nearest_emergency_miles": 5.3480012787493427, "nearest_primary_care_minutes": null, "nearest_urgent_care_minutes": null, "nearest_hospital_minutes": null, "nearest_emergency_minutes": null, "healthcare_access_measure": "Straight-line distance", "healthcare_access_distance_band": "1-3 miles" }, "geometry": { "type": "Polygon", "coordinates": [ [ [ -97.871313, 30.5234 ], [ -97.87127, 30.523685 ], [ -97.871235, 30.523922 ], [ -97.871201, 30.524148 ], [ -97.87118, 30.524286 ], [ -97.871139, 30.524561 ], [ -97.871126, 30.524646 ], [ -97.871112, 30.524743 ], [ -97.870861, 30.526421 ], [ -97.87061, 30.526379 ], [ -97.870528, 30.526366 ], [ -97.870511, 30.526363 ], [ -97.870253, 30.526298 ], [ -97.87023, 30.526291 ], [ -97.870091, 30.526255 ], [ -97.869087, 30.526055 ], [ -97.868246, 30.525888 ], [ -97.868353, 30.52499 ], [ -97.867478, 30.524816 ], [ -97.867427, 30.524807 ], [ -97.867088, 30.524745 ], [ -97.866835, 30.524689 ], [ -97.866609, 30.524649 ], [ -97.866499, 30.524621 ], [ -97.866418, 30.524573 ], [ -97.865746, 30.524116 ], [ -97.865526, 30.523923 ], [ -97.865259, 30.523785 ], [ -97.865193, 30.523829 ], [ -97.865095, 30.52389 ], [ -97.865077, 30.523902 ], [ -97.865045, 30.523921 ], [ -97.864986, 30.523952 ], [ -97.864916, 30.523989 ], [ -97.864864, 30.524014 ], [ -97.864786, 30.52405 ], [ -97.864738, 30.524074 ], [ -97.864639, 30.524119 ], [ -97.8646, 30.524139 ], [ -97.864517, 30.524164 ], [ -97.864125, 30.524281 ], [ -97.860609, 30.52543 ], [ -97.860383, 30.524927 ], [ -97.860146, 30.524301 ], [ -97.860114, 30.524217 ], [ -97.859932, 30.523413 ], [ -97.859713, 30.522768 ], [ -97.859514, 30.52244 ], [ -97.859266, 30.521706 ], [ -97.859393, 30.520945 ], [ -97.859475, 30.520147 ], [ -97.859467, 30.519889 ], [ -97.859341, 30.519533 ], [ -97.859116, 30.519045 ], [ -97.858815, 30.518351 ], [ -97.858764, 30.518263 ], [ -97.858677, 30.518071 ], [ -97.858437, 30.517672 ], [ -97.85829, 30.516928 ], [ -97.859122, 30.516833 ], [ -97.859344, 30.516796 ], [ -97.859738, 30.51668 ], [ -97.859868, 30.516622 ], [ -97.86028, 30.516439 ], [ -97.860485, 30.516332 ], [ -97.860584, 30.516265 ], [ -97.860679, 30.51621 ], [ -97.860836, 30.516047 ], [ -97.860921, 30.51593 ], [ -97.861011, 30.515809 ], [ -97.860458, 30.515527 ], [ -97.860065, 30.515323 ], [ -97.859839, 30.515186 ], [ -97.859686, 30.515094 ], [ -97.859559, 30.514963 ], [ -97.859406, 30.514806 ], [ -97.859261, 30.514547 ], [ -97.859089, 30.514241 ], [ -97.858917, 30.513934 ], [ -97.858484, 30.513184 ], [ -97.858064, 30.512476 ], [ -97.85795, 30.512283 ], [ -97.858288, 30.512186 ], [ -97.859401, 30.511916 ], [ -97.859729, 30.512315 ], [ -97.864792, 30.515695 ], [ -97.86721, 30.517309 ], [ -97.868782, 30.519329 ], [ -97.869224, 30.519897 ], [ -97.871416, 30.522714 ], [ -97.871313, 30.5234 ] ] ] } },
{ "type": "Feature", "properties": { "GEOID": "484910203401", "NAME": "Block Group 1; Census Tract 203.40; Williamson County; Texas", "state": "48", "county": "491", "tract": "020340", "block group": "1", "population": 4941.0, "population_moe": 406.0, "area_sq_miles": 6.1697475228656122, "population_density": 800.84314336822229, "under5": 456.0, "under5_moe": 170.47287174210447, "under18": 1279.0, "under18_moe": 266.97752714413997, "age18_64": 3281.0, "age18_64_moe": 458.55643055135539, "age65plus": 381.0, "age65plus_moe": 116.13354381917397, "civilian_noninstitutionalized_population": 4917.0, "civilian_noninstitutionalized_population_moe": 406.0, "uninsured": 707.0, "uninsured_moe": 259.51878544721961, "uninsured_pct": 14.378686190766729, "disability_population_base": "<NA>", "disability_population_base_moe": "<NA>", "disability": null, "disability_moe": "<NA>", "disability_pct": null, "poverty_population_base": 4908.0, "poverty_population_base_moe": 406.0, "poverty": 200.0, "poverty_moe": 212.96009015775704, "poverty_pct": 4.0749796251018742, "median_household_income": "168098.0", "median_household_income_moe": "53163.0", "per_capita_income": 70500.0, "per_capita_income_moe": 9289.0, "households": "<NA>", "households_moe": "<NA>", "no_vehicle_households": "<NA>", "no_vehicle_households_moe": "<NA>", "no_vehicle_pct": null, "youth_population_pct": 25.885448289819873, "senior_population_pct": 7.7109896782027922, "healthcare_need_score": 30.492892518823982, "healthcare_need_notes": "Relative index averaging min-max normalized uninsured_pct, disability_pct, poverty_pct, no_vehicle_pct, youth_population_pct, and senior_population_pct within the retained Liberty Hill study-area block groups.", "uninsured_pct_numerator": "uninsured", "uninsured_pct_denominator": "civilian_noninstitutionalized_population", "disability_pct_numerator": "disability", "disability_pct_denominator": "disability_population_base", "poverty_pct_numerator": "poverty", "poverty_pct_denominator": "poverty_population_base", "no_vehicle_pct_numerator": "no_vehicle_households", "no_vehicle_pct_denominator": "households", "youth_population_pct_numerator": "under18", "youth_population_pct_denominator": "population", "senior_population_pct_numerator": "age65plus", "senior_population_pct_denominator": "population", "intersects_liberty_hill_city": false, "nearest_any_medical_miles": 1.10170618118741, "nearest_primary_care_miles": 3.2826699985038674, "nearest_urgent_care_miles": 1.4477152782594842, "nearest_hospital_miles": 4.9743786279386306, "nearest_emergency_miles": 1.10170618118741, "nearest_primary_care_minutes": null, "nearest_urgent_care_minutes": null, "nearest_hospital_minutes": null, "nearest_emergency_minutes": null, "healthcare_access_measure": "Straight-line distance", "healthcare_access_distance_band": "1-3 miles" }, "geometry": { "type": "Polygon", "coordinates": [ [ [ -97.861994, 30.599012 ], [ -97.861816, 30.599742 ], [ -97.861781, 30.599824 ], [ -97.861536, 30.600271 ], [ -97.86146, 30.600409 ], [ -97.861322, 30.6007 ], [ -97.861203, 30.600975 ], [ -97.861137, 30.601161 ], [ -97.861072, 30.601427 ], [ -97.861064, 30.601476 ], [ -97.86104, 30.601633 ], [ -97.861031, 30.601756 ], [ -97.861024, 30.601856 ], [ -97.86103, 30.602125 ], [ -97.861048, 30.60229 ], [ -97.861106, 30.602585 ], [ -97.86158, 30.604116 ], [ -97.861645, 30.604347 ], [ -97.861666, 30.604462 ], [ -97.861666, 30.604534 ], [ -97.861659, 30.604635 ], [ -97.861652, 30.604679 ], [ -97.861641, 30.604722 ], [ -97.861619, 30.604769 ], [ -97.861601, 30.604801 ], [ -97.861565, 30.604852 ], [ -97.861475, 30.604974 ], [ -97.861414, 30.605046 ], [ -97.861335, 30.605122 ], [ -97.861237, 30.605201 ], [ -97.861162, 30.605248 ], [ -97.861086, 30.605288 ], [ -97.86101, 30.605317 ], [ -97.860735, 30.605392 ], [ -97.860835, 30.605653 ], [ -97.861035, 30.606398 ], [ -97.861168, 30.607369 ], [ -97.861208, 30.60818 ], [ -97.861248, 30.60842 ], [ -97.861254, 30.608893 ], [ -97.861209, 30.610296 ], [ -97.861208, 30.610333 ], [ -97.8611, 30.611301 ], [ -97.861055, 30.611699 ], [ -97.860893, 30.612582 ], [ -97.860323, 30.615632 ], [ -97.860256, 30.61608 ], [ -97.860188, 30.616581 ], [ -97.860161, 30.61705 ], [ -97.860173, 30.617486 ], [ -97.86019, 30.61772 ], [ -97.860228, 30.618038 ], [ -97.860293, 30.618389 ], [ -97.860439, 30.618965 ], [ -97.86046, 30.61907 ], [ -97.860497, 30.619161 ], [ -97.860504, 30.619178 ], [ -97.86055, 30.619288 ], [ -97.860677, 30.619565 ], [ -97.861196, 30.620646 ], [ -97.861236, 30.62073 ], [ -97.86109, 30.620843 ], [ -97.860423, 30.621178 ], [ -97.860336, 30.621222 ], [ -97.859733, 30.621363 ], [ -97.859252, 30.621476 ], [ -97.858584, 30.621514 ], [ -97.858389, 30.621526 ], [ -97.857966, 30.621551 ], [ -97.857081, 30.621429 ], [ -97.855964, 30.621396 ], [ -97.855495, 30.621336 ], [ -97.8552, 30.621298 ], [ -97.855077, 30.621281 ], [ -97.855, 30.621252 ], [ -97.854824, 30.621187 ], [ -97.853739, 30.620786 ], [ -97.853418, 30.620593 ], [ -97.852925, 30.620297 ], [ -97.851573, 30.619591 ], [ -97.850648, 30.618979 ], [ -97.849437, 30.618248 ], [ -97.847284, 30.617083 ], [ -97.846366, 30.616708 ], [ -97.846191, 30.616637 ], [ -97.845396, 30.616249 ], [ -97.844744, 30.616143 ], [ -97.844718, 30.616139 ], [ -97.843032, 30.615879 ], [ -97.841525, 30.615647 ], [ -97.841065, 30.615478 ], [ -97.838277, 30.614733 ], [ -97.837506, 30.61438 ], [ -97.836777, 30.613962 ], [ -97.836357, 30.613703 ], [ -97.836185, 30.613597 ], [ -97.835949, 30.613394 ], [ -97.835066, 30.612264 ], [ -97.834763, 30.611873 ], [ -97.833765, 30.610815 ], [ -97.833348, 30.610521 ], [ -97.832803, 30.610349 ], [ -97.832535, 30.610207 ], [ -97.831879, 30.609862 ], [ -97.831022, 30.609597 ], [ -97.830213, 30.609456 ], [ -97.82983, 30.609321 ], [ -97.829603, 30.609278 ], [ -97.829374, 30.609284 ], [ -97.829249, 30.609299 ], [ -97.828772, 30.609287 ], [ -97.828481, 30.60928 ], [ -97.827966, 30.609296 ], [ -97.827783, 30.609364 ], [ -97.827556, 30.609453 ], [ -97.827442, 30.609556 ], [ -97.82714, 30.61014 ], [ -97.826996, 30.610284 ], [ -97.826952, 30.610331 ], [ -97.826916, 30.610342 ], [ -97.826353, 30.610564 ], [ -97.826067, 30.610606 ], [ -97.825706, 30.61069 ], [ -97.8256, 30.610693 ], [ -97.824916, 30.610718 ], [ -97.823465, 30.611022 ], [ -97.822529, 30.611172 ], [ -97.82226, 30.61129 ], [ -97.822002, 30.611403 ], [ -97.82127, 30.611722 ], [ -97.820711, 30.611857 ], [ -97.82038, 30.611889 ], [ -97.819804, 30.611896 ], [ -97.819388, 30.6119 ], [ -97.819063, 30.611904 ], [ -97.819016, 30.611788 ], [ -97.818667, 30.610841 ], [ -97.818528, 30.610383 ], [ -97.818148, 30.609427 ], [ -97.817662, 30.608159 ], [ -97.817035, 30.606415 ], [ -97.816374, 30.6047 ], [ -97.816093, 30.603697 ], [ -97.815727, 30.602367 ], [ -97.815344, 30.601012 ], [ -97.814968, 30.60007 ], [ -97.814052, 30.598042 ], [ -97.813404, 30.596294 ], [ -97.813108, 30.595546 ], [ -97.812987, 30.595265 ], [ -97.81225, 30.593524 ], [ -97.811194, 30.591072 ], [ -97.810176, 30.58869 ], [ -97.809427, 30.587098 ], [ -97.809506, 30.587068 ], [ -97.809672, 30.587005 ], [ -97.809701, 30.586991 ], [ -97.809738, 30.586973 ], [ -97.809938, 30.586877 ], [ -97.810193, 30.58673 ], [ -97.810356, 30.586621 ], [ -97.810436, 30.586559 ], [ -97.810541, 30.586477 ], [ -97.81076, 30.586283 ], [ -97.81096, 30.586076 ], [ -97.81114, 30.585853 ], [ -97.811296, 30.58562 ], [ -97.811427, 30.58543 ], [ -97.811875, 30.584782 ], [ -97.812022, 30.584608 ], [ -97.812182, 30.584441 ], [ -97.812326, 30.584314 ], [ -97.812357, 30.584286 ], [ -97.812544, 30.584142 ], [ -97.812839, 30.583955 ], [ -97.813103, 30.583812 ], [ -97.813379, 30.583689 ], [ -97.814165, 30.583392 ], [ -97.81444, 30.583268 ], [ -97.814709, 30.583132 ], [ -97.814969, 30.582982 ], [ -97.815523, 30.582613 ], [ -97.81564, 30.582483 ], [ -97.816226, 30.582043 ], [ -97.816362, 30.581945 ], [ -97.816641, 30.581746 ], [ -97.816757, 30.581675 ], [ -97.816986, 30.581562 ], [ -97.817225, 30.581454 ], [ -97.817266, 30.581439 ], [ -97.817473, 30.58136 ], [ -97.817725, 30.581279 ], [ -97.817981, 30.581224 ], [ -97.818242, 30.581183 ], [ -97.818273, 30.58118 ], [ -97.818503, 30.581155 ], [ -97.818974, 30.581134 ], [ -97.819416, 30.581115 ], [ -97.819575, 30.581109 ], [ -97.819894, 30.581098 ], [ -97.820255, 30.581103 ], [ -97.82028, 30.581105 ], [ -97.820616, 30.581125 ], [ -97.821336, 30.581205 ], [ -97.821852, 30.581276 ], [ -97.822143, 30.581316 ], [ -97.822608, 30.581398 ], [ -97.82307, 30.581495 ], [ -97.824806, 30.58194 ], [ -97.825237, 30.582066 ], [ -97.825501, 30.582158 ], [ -97.825658, 30.582212 ], [ -97.826236, 30.58244 ], [ -97.826522, 30.58254 ], [ -97.826902, 30.58265 ], [ -97.827218, 30.582723 ], [ -97.827399, 30.582754 ], [ -97.827703, 30.582787 ], [ -97.82801, 30.582799 ], [ -97.828318, 30.58279 ], [ -97.828622, 30.58276 ], [ -97.828923, 30.582709 ], [ -97.830328, 30.582346 ], [ -97.830631, 30.582291 ], [ -97.830802, 30.582266 ], [ -97.830987, 30.582249 ], [ -97.831449, 30.582254 ], [ -97.831602, 30.582267 ], [ -97.83206, 30.582327 ], [ -97.832964, 30.582521 ], [ -97.83433, 30.582806 ], [ -97.834572, 30.582837 ], [ -97.834786, 30.582851 ], [ -97.834896, 30.582853 ], [ -97.835139, 30.582845 ], [ -97.835376, 30.582822 ], [ -97.835461, 30.582809 ], [ -97.835698, 30.582763 ], [ -97.835931, 30.582702 ], [ -97.836237, 30.582596 ], [ -97.836509, 30.582501 ], [ -97.837036, 30.582318 ], [ -97.83727, 30.582252 ], [ -97.83751, 30.5822 ], [ -97.837754, 30.582164 ], [ -97.838, 30.582145 ], [ -97.838236, 30.58214 ], [ -97.838347, 30.582147 ], [ -97.838474, 30.582154 ], [ -97.838809, 30.582196 ], [ -97.83947, 30.582312 ], [ -97.840017, 30.582375 ], [ -97.840261, 30.582388 ], [ -97.840505, 30.582386 ], [ -97.840749, 30.582365 ], [ -97.840944, 30.582333 ], [ -97.841038, 30.582318 ], [ -97.841324, 30.58225 ], [ -97.842679, 30.581872 ], [ -97.84421, 30.581445 ], [ -97.845704, 30.581014 ], [ -97.846256, 30.580841 ], [ -97.84817, 30.580218 ], [ -97.848552, 30.580085 ], [ -97.850461, 30.579454 ], [ -97.85137, 30.579152 ], [ -97.852411, 30.578814 ], [ -97.852568, 30.578766 ], [ -97.852857, 30.578679 ], [ -97.853267, 30.57963 ], [ -97.85366, 30.580574 ], [ -97.853857, 30.581052 ], [ -97.853894, 30.581143 ], [ -97.854289, 30.582088 ], [ -97.85471, 30.583095 ], [ -97.855362, 30.584591 ], [ -97.85588, 30.585813 ], [ -97.856034, 30.586077 ], [ -97.856083, 30.586162 ], [ -97.856222, 30.586371 ], [ -97.856606, 30.586947 ], [ -97.856774, 30.5872 ], [ -97.856935, 30.587477 ], [ -97.857029, 30.587671 ], [ -97.857073, 30.587762 ], [ -97.857252, 30.588183 ], [ -97.85743, 30.588601 ], [ -97.858237, 30.590596 ], [ -97.858686, 30.591624 ], [ -97.858769, 30.591858 ], [ -97.858777, 30.591879 ], [ -97.859009, 30.592442 ], [ -97.85943, 30.593463 ], [ -97.859539, 30.593723 ], [ -97.859954, 30.594712 ], [ -97.860093, 30.595097 ], [ -97.860137, 30.595193 ], [ -97.860157, 30.595236 ], [ -97.860226, 30.595353 ], [ -97.860592, 30.595866 ], [ -97.860852, 30.596199 ], [ -97.861253, 30.596664 ], [ -97.861348, 30.59678 ], [ -97.861519, 30.597011 ], [ -97.861594, 30.597112 ], [ -97.86178, 30.597475 ], [ -97.862008, 30.598238 ], [ -97.861994, 30.599012 ] ] ] } },
{ "type": "Feature", "properties": { "GEOID": "484910203194", "NAME": "Block Group 4; Census Tract 203.19; Williamson County; Texas", "state": "48", "county": "491", "tract": "020319", "block group": "4", "population": 3152.0, "population_moe": 816.0, "area_sq_miles": 1.2017283784613364, "population_density": 2622.8888794618829, "under5": 470.0, "under5_moe": 418.72425293980763, "under18": 883.0, "under18_moe": 469.7946359847034, "age18_64": 1955.0, "age18_64_moe": 427.39209164419503, "age65plus": 314.0, "age65plus_moe": 130.29581727745523, "civilian_noninstitutionalized_population": 3038.0, "civilian_noninstitutionalized_population_moe": 773.0, "uninsured": 295.0, "uninsured_moe": 225.66346625007779, "uninsured_pct": 9.710335747202107, "disability_population_base": "<NA>", "disability_population_base_moe": "<NA>", "disability": null, "disability_moe": "<NA>", "disability_pct": null, "poverty_population_base": 3152.0, "poverty_population_base_moe": 816.0, "poverty": 416.0, "poverty_moe": 525.21424200034789, "poverty_pct": 13.197969543147209, "median_household_income": "126696.0", "median_household_income_moe": "36032.0", "per_capita_income": 54217.0, "per_capita_income_moe": 14903.0, "households": "<NA>", "households_moe": "<NA>", "no_vehicle_households": "<NA>", "no_vehicle_households_moe": "<NA>", "no_vehicle_pct": null, "youth_population_pct": 28.01395939086294, "senior_population_pct": 9.9619289340101513, "healthcare_need_score": 35.176573611576622, "healthcare_need_notes": "Relative index averaging min-max normalized uninsured_pct, disability_pct, poverty_pct, no_vehicle_pct, youth_population_pct, and senior_population_pct within the retained Liberty Hill study-area block groups.", "uninsured_pct_numerator": "uninsured", "uninsured_pct_denominator": "civilian_noninstitutionalized_population", "disability_pct_numerator": "disability", "disability_pct_denominator": "disability_population_base", "poverty_pct_numerator": "poverty", "poverty_pct_denominator": "poverty_population_base", "no_vehicle_pct_numerator": "no_vehicle_households", "no_vehicle_pct_denominator": "households", "youth_population_pct_numerator": "under18", "youth_population_pct_denominator": "population", "senior_population_pct_numerator": "age65plus", "senior_population_pct_denominator": "population", "intersects_liberty_hill_city": false, "nearest_any_medical_miles": 2.1127412570231994, "nearest_primary_care_miles": 2.6366488128863614, "nearest_urgent_care_miles": 3.4370392898816546, "nearest_hospital_miles": 2.1127412570231994, "nearest_emergency_miles": 3.5734765026519972, "nearest_primary_care_minutes": null, "nearest_urgent_care_minutes": null, "nearest_hospital_minutes": null, "nearest_emergency_minutes": null, "healthcare_access_measure": "Straight-line distance", "healthcare_access_distance_band": "1-3 miles" }, "geometry": { "type": "Polygon", "coordinates": [ [ [ -97.824606, 30.564014 ], [ -97.823027, 30.564485 ], [ -97.822836, 30.564533 ], [ -97.822398, 30.564644 ], [ -97.821806, 30.564841 ], [ -97.821467, 30.564939 ], [ -97.821397, 30.564961 ], [ -97.820318, 30.565302 ], [ -97.820045, 30.565389 ], [ -97.818859, 30.565743 ], [ -97.817936, 30.566027 ], [ -97.817059, 30.56629 ], [ -97.816064, 30.566589 ], [ -97.815653, 30.566714 ], [ -97.815398, 30.566792 ], [ -97.814725, 30.566998 ], [ -97.813355, 30.567418 ], [ -97.811655, 30.567931 ], [ -97.811367, 30.568019 ], [ -97.809236, 30.568673 ], [ -97.8064, 30.569523 ], [ -97.806146, 30.569599 ], [ -97.804365, 30.570132 ], [ -97.802834, 30.570621 ], [ -97.802592, 30.570672 ], [ -97.801994, 30.568749 ], [ -97.80185, 30.568359 ], [ -97.801588, 30.567652 ], [ -97.801451, 30.567318 ], [ -97.801026, 30.566224 ], [ -97.800544, 30.564939 ], [ -97.800526, 30.564895 ], [ -97.799054, 30.561254 ], [ -97.798962, 30.560901 ], [ -97.7986, 30.560023 ], [ -97.79559, 30.553037 ], [ -97.795724, 30.552979 ], [ -97.795869, 30.552916 ], [ -97.796003, 30.552834 ], [ -97.79613, 30.552801 ], [ -97.796219, 30.552762 ], [ -97.796562, 30.552696 ], [ -97.796708, 30.552653 ], [ -97.796886, 30.552548 ], [ -97.79707, 30.552493 ], [ -97.797236, 30.552394 ], [ -97.797464, 30.552284 ], [ -97.797655, 30.55218 ], [ -97.797865, 30.552086 ], [ -97.798053, 30.55202 ], [ -97.798151, 30.551987 ], [ -97.798297, 30.551954 ], [ -97.798392, 30.55191 ], [ -97.798481, 30.551855 ], [ -97.798577, 30.551844 ], [ -97.798774, 30.551839 ], [ -97.799168, 30.551872 ], [ -97.799365, 30.551938 ], [ -97.799485, 30.551998 ], [ -97.799581, 30.552081 ], [ -97.799733, 30.552257 ], [ -97.799809, 30.552317 ], [ -97.799949, 30.552394 ], [ -97.800006, 30.552416 ], [ -97.800064, 30.552422 ], [ -97.800127, 30.552449 ], [ -97.800311, 30.55257 ], [ -97.800369, 30.552631 ], [ -97.800473, 30.552796 ], [ -97.800508, 30.552851 ], [ -97.800635, 30.552978 ], [ -97.800826, 30.553225 ], [ -97.800883, 30.553379 ], [ -97.800921, 30.553439 ], [ -97.800915, 30.55361 ], [ -97.800953, 30.553698 ], [ -97.801125, 30.553896 ], [ -97.801144, 30.553973 ], [ -97.801268, 30.55417 ], [ -97.801296, 30.554215 ], [ -97.801372, 30.55432 ], [ -97.80143, 30.55438 ], [ -97.801474, 30.554397 ], [ -97.801556, 30.554667 ], [ -97.802199, 30.554237 ], [ -97.802364, 30.554232 ], [ -97.802879, 30.554171 ], [ -97.803012, 30.554188 ], [ -97.803533, 30.554309 ], [ -97.803673, 30.55432 ], [ -97.803799, 30.554304 ], [ -97.803851, 30.554298 ], [ -97.804029, 30.554298 ], [ -97.804124, 30.554281 ], [ -97.8042, 30.554248 ], [ -97.804245, 30.554221 ], [ -97.804353, 30.554122 ], [ -97.804442, 30.554089 ], [ -97.804541, 30.554067 ], [ -97.804592, 30.554044 ], [ -97.804671, 30.554008 ], [ -97.80476, 30.553973 ], [ -97.804836, 30.553946 ], [ -97.804868, 30.553951 ], [ -97.804906, 30.553979 ], [ -97.804925, 30.554006 ], [ -97.80502, 30.55405 ], [ -97.805372, 30.554162 ], [ -97.805782, 30.554689 ], [ -97.806297, 30.55535 ], [ -97.806364, 30.555452 ], [ -97.807102, 30.555965 ], [ -97.807829, 30.55647 ], [ -97.807919, 30.556533 ], [ -97.809754, 30.55701 ], [ -97.809665, 30.556809 ], [ -97.810274, 30.556631 ], [ -97.810303, 30.556621 ], [ -97.810632, 30.556508 ], [ -97.81095, 30.556137 ], [ -97.811585, 30.555893 ], [ -97.811994, 30.555763 ], [ -97.812217, 30.555697 ], [ -97.812442, 30.555696 ], [ -97.813331, 30.555689 ], [ -97.813345, 30.555732 ], [ -97.813388, 30.555815 ], [ -97.8136, 30.555819 ], [ -97.813992, 30.555828 ], [ -97.814128, 30.555856 ], [ -97.814428, 30.555916 ], [ -97.815114, 30.555977 ], [ -97.815265, 30.555938 ], [ -97.815347, 30.555922 ], [ -97.815565, 30.555865 ], [ -97.815589, 30.555844 ], [ -97.815703, 30.555789 ], [ -97.815799, 30.555794 ], [ -97.815894, 30.555877 ], [ -97.81597, 30.555992 ], [ -97.81597, 30.556042 ], [ -97.815958, 30.55608 ], [ -97.815919, 30.556168 ], [ -97.815878, 30.556264 ], [ -97.815868, 30.556327 ], [ -97.815862, 30.556465 ], [ -97.815945, 30.556564 ], [ -97.816161, 30.556685 ], [ -97.816339, 30.556767 ], [ -97.817179, 30.556934 ], [ -97.817348, 30.556966 ], [ -97.817449, 30.556962 ], [ -97.817584, 30.556955 ], [ -97.817675, 30.556949 ], [ -97.817751, 30.556945 ], [ -97.818177, 30.556887 ], [ -97.818541, 30.556865 ], [ -97.819081, 30.556834 ], [ -97.819378, 30.556817 ], [ -97.819495, 30.556847 ], [ -97.819533, 30.556857 ], [ -97.819664, 30.556928 ], [ -97.82001, 30.557039 ], [ -97.820207, 30.556962 ], [ -97.820292, 30.556928 ], [ -97.820414, 30.556849 ], [ -97.820548, 30.557088 ], [ -97.82108, 30.557942 ], [ -97.822667, 30.560649 ], [ -97.823962, 30.562848 ], [ -97.824427, 30.563636 ], [ -97.824606, 30.564014 ] ] ] } },
{ "type": "Feature", "properties": { "GEOID": "484910203191", "NAME": "Block Group 1; Census Tract 203.19; Williamson County; Texas", "state": "48", "county": "491", "tract": "020319", "block group": "1", "population": 2504.0, "population_moe": 744.0, "area_sq_miles": 0.44515957085501273, "population_density": 5624.9492630038185, "under5": 173.0, "under5_moe": 135.35139452550905, "under18": 738.0, "under18_moe": 269.33807751597249, "age18_64": 1439.0, "age18_64_moe": 374.46628686705566, "age65plus": 327.0, "age65plus_moe": 149.7230777134908, "civilian_noninstitutionalized_population": 2504.0, "civilian_noninstitutionalized_population_moe": 744.0, "uninsured": 77.0, "uninsured_moe": 92.881645118936177, "uninsured_pct": 3.0750798722044728, "disability_population_base": "<NA>", "disability_population_base_moe": "<NA>", "disability": null, "disability_moe": "<NA>", "disability_pct": null, "poverty_population_base": 2504.0, "poverty_population_base_moe": 744.0, "poverty": 59.0, "poverty_moe": 92.22797840135064, "poverty_pct": 2.3562300319488818, "median_household_income": "160778.0", "median_household_income_moe": "52439.0", "per_capita_income": 48972.0, "per_capita_income_moe": 9680.0, "households": "<NA>", "households_moe": "<NA>", "no_vehicle_households": "<NA>", "no_vehicle_households_moe": "<NA>", "no_vehicle_pct": null, "youth_population_pct": 29.472843450479235, "senior_population_pct": 13.059105431309902, "healthcare_need_score": 24.859952001260975, "healthcare_need_notes": "Relative index averaging min-max normalized uninsured_pct, disability_pct, poverty_pct, no_vehicle_pct, youth_population_pct, and senior_population_pct within the retained Liberty Hill study-area block groups.", "uninsured_pct_numerator": "uninsured", "uninsured_pct_denominator": "civilian_noninstitutionalized_population", "disability_pct_numerator": "disability", "disability_pct_denominator": "disability_population_base", "poverty_pct_numerator": "poverty", "poverty_pct_denominator": "poverty_population_base", "no_vehicle_pct_numerator": "no_vehicle_households", "no_vehicle_pct_denominator": "households", "youth_population_pct_numerator": "under18", "youth_population_pct_denominator": "population", "senior_population_pct_numerator": "age65plus", "senior_population_pct_denominator": "population", "intersects_liberty_hill_city": false, "nearest_any_medical_miles": 1.0128522800511139, "nearest_primary_care_miles": 1.0128522800511139, "nearest_urgent_care_miles": 2.7360604427079944, "nearest_hospital_miles": 2.1398472758530667, "nearest_emergency_miles": 3.0761602001230415, "nearest_primary_care_minutes": null, "nearest_urgent_care_minutes": null, "nearest_hospital_minutes": null, "nearest_emergency_minutes": null, "healthcare_access_measure": "Straight-line distance", "healthcare_access_distance_band": "1-3 miles" }, "geometry": { "type": "Polygon", "coordinates": [ [ [ -97.844141, 30.557959 ], [ -97.843875, 30.558039 ], [ -97.843307, 30.558209 ], [ -97.842661, 30.558372 ], [ -97.841705, 30.558695 ], [ -97.840961, 30.558947 ], [ -97.840898, 30.558968 ], [ -97.840544, 30.559072 ], [ -97.838289, 30.559755 ], [ -97.837341, 30.560066 ], [ -97.835893, 30.560543 ], [ -97.833878, 30.561207 ], [ -97.83373, 30.560666 ], [ -97.833684, 30.560516 ], [ -97.833621, 30.560372 ], [ -97.833543, 30.560233 ], [ -97.833375, 30.559997 ], [ -97.833311, 30.559892 ], [ -97.833229, 30.559732 ], [ -97.833147, 30.559509 ], [ -97.833084, 30.559255 ], [ -97.832969, 30.558857 ], [ -97.832862, 30.55857 ], [ -97.83269, 30.558143 ], [ -97.832049, 30.558296 ], [ -97.831516, 30.558494 ], [ -97.831455, 30.558494 ], [ -97.831363, 30.558494 ], [ -97.831268, 30.558532 ], [ -97.831185, 30.558587 ], [ -97.831096, 30.558631 ], [ -97.83081, 30.558637 ], [ -97.830677, 30.558615 ], [ -97.830638, 30.558602 ], [ -97.830442, 30.558538 ], [ -97.830124, 30.558384 ], [ -97.829596, 30.558219 ], [ -97.829424, 30.558124 ], [ -97.829452, 30.558049 ], [ -97.829642, 30.557625 ], [ -97.829665, 30.557593 ], [ -97.82971, 30.55753 ], [ -97.829727, 30.557474 ], [ -97.829733, 30.557383 ], [ -97.829702, 30.557176 ], [ -97.829709, 30.557153 ], [ -97.830453, 30.556928 ], [ -97.831945, 30.556475 ], [ -97.832712, 30.556241 ], [ -97.833147, 30.556108 ], [ -97.833278, 30.556068 ], [ -97.832692, 30.554638 ], [ -97.832462, 30.554074 ], [ -97.832425, 30.553983 ], [ -97.832231, 30.553502 ], [ -97.832205, 30.553443 ], [ -97.832167, 30.553345 ], [ -97.831973, 30.552871 ], [ -97.831793, 30.552416 ], [ -97.831716, 30.552194 ], [ -97.83144, 30.551406 ], [ -97.831398, 30.551287 ], [ -97.833618, 30.550643 ], [ -97.834462, 30.550347 ], [ -97.834462, 30.550264 ], [ -97.83567, 30.549876 ], [ -97.836595, 30.549579 ], [ -97.837191, 30.549387 ], [ -97.839029, 30.548809 ], [ -97.839238, 30.548732 ], [ -97.839471, 30.548766 ], [ -97.839623, 30.548685 ], [ -97.839808, 30.548603 ], [ -97.84019, 30.548528 ], [ -97.840668, 30.548344 ], [ -97.841318, 30.548204 ], [ -97.841534, 30.548189 ], [ -97.841787, 30.548216 ], [ -97.841804, 30.548422 ], [ -97.841807, 30.548667 ], [ -97.841754, 30.549394 ], [ -97.841606, 30.551948 ], [ -97.841603, 30.551991 ], [ -97.841605, 30.552213 ], [ -97.841626, 30.552436 ], [ -97.841666, 30.552656 ], [ -97.841744, 30.553002 ], [ -97.841785, 30.553137 ], [ -97.841838, 30.553326 ], [ -97.841973, 30.553616 ], [ -97.842682, 30.555048 ], [ -97.843001, 30.555693 ], [ -97.843441, 30.556565 ], [ -97.843984, 30.557657 ], [ -97.844141, 30.557959 ] ] ] } },
{ "type": "Feature", "properties": { "GEOID": "484910203441", "NAME": "Block Group 1; Census Tract 203.44; Williamson County; Texas", "state": "48", "county": "491", "tract": "020344", "block group": "1", "population": 5361.0, "population_moe": 1011.0, "area_sq_miles": 1.2067559155327336, "population_density": 4442.4890990762924, "under5": 362.0, "under5_moe": 250.76881783826315, "under18": 1310.0, "under18_moe": 432.3667424768006, "age18_64": 3511.0, "age18_64_moe": 633.34903489308329, "age65plus": 540.0, "age65plus_moe": 166.43617395265971, "civilian_noninstitutionalized_population": 5339.0, "civilian_noninstitutionalized_population_moe": 1008.0, "uninsured": 370.0, "uninsured_moe": 194.56361427563994, "uninsured_pct": 6.9301367297246674, "disability_population_base": "<NA>", "disability_population_base_moe": "<NA>", "disability": null, "disability_moe": "<NA>", "disability_pct": null, "poverty_population_base": 5361.0, "poverty_population_base_moe": 1011.0, "poverty": 790.0, "poverty_moe": 400.55211895582329, "poverty_pct": 14.736056705838463, "median_household_income": "101638.0", "median_household_income_moe": "18324.0", "per_capita_income": 45460.0, "per_capita_income_moe": 6341.0, "households": "<NA>", "households_moe": "<NA>", "no_vehicle_households": "<NA>", "no_vehicle_households_moe": "<NA>", "no_vehicle_pct": null, "youth_population_pct": 24.435739600820742, "senior_population_pct": 10.072747621712368, "healthcare_need_score": 32.023098807193456, "healthcare_need_notes": "Relative index averaging min-max normalized uninsured_pct, disability_pct, poverty_pct, no_vehicle_pct, youth_population_pct, and senior_population_pct within the retained Liberty Hill study-area block groups.", "uninsured_pct_numerator": "uninsured", "uninsured_pct_denominator": "civilian_noninstitutionalized_population", "disability_pct_numerator": "disability", "disability_pct_denominator": "disability_population_base", "poverty_pct_numerator": "poverty", "poverty_pct_denominator": "poverty_population_base", "no_vehicle_pct_numerator": "no_vehicle_households", "no_vehicle_pct_denominator": "households", "youth_population_pct_numerator": "under18", "youth_population_pct_denominator": "population", "senior_population_pct_numerator": "age65plus", "senior_population_pct_denominator": "population", "intersects_liberty_hill_city": false, "nearest_any_medical_miles": 0.5115920123921498, "nearest_primary_care_miles": 2.3749107180595863, "nearest_urgent_care_miles": 0.5115920123921498, "nearest_hospital_miles": 4.9244623755240582, "nearest_emergency_miles": 0.94127317335957439, "nearest_primary_care_minutes": null, "nearest_urgent_care_minutes": null, "nearest_hospital_minutes": null, "nearest_emergency_minutes": null, "healthcare_access_measure": "Straight-line distance", "healthcare_access_distance_band": "0-1 miles" }, "geometry": { "type": "Polygon", "coordinates": [ [ [ -97.879367, 30.588095 ], [ -97.878456, 30.588491 ], [ -97.877914, 30.588846 ], [ -97.87613, 30.590184 ], [ -97.875828, 30.590446 ], [ -97.875499, 30.590834 ], [ -97.87524, 30.591286 ], [ -97.875103, 30.591665 ], [ -97.875034, 30.592019 ], [ -97.875023, 30.592526 ], [ -97.875051, 30.593109 ], [ -97.875054, 30.593172 ], [ -97.875119, 30.594539 ], [ -97.875086, 30.594966 ], [ -97.875024, 30.59524 ], [ -97.874928, 30.595561 ], [ -97.87487, 30.595541 ], [ -97.874788, 30.595519 ], [ -97.874737, 30.595506 ], [ -97.874679, 30.595491 ], [ -97.874616, 30.595476 ], [ -97.874548, 30.595459 ], [ -97.874472, 30.59544 ], [ -97.874391, 30.595421 ], [ -97.874306, 30.595401 ], [ -97.874215, 30.595379 ], [ -97.874118, 30.595357 ], [ -97.874018, 30.595336 ], [ -97.873915, 30.595313 ], [ -97.87381, 30.595291 ], [ -97.873699, 30.595268 ], [ -97.873587, 30.595246 ], [ -97.873474, 30.595223 ], [ -97.873357, 30.595198 ], [ -97.873235, 30.595172 ], [ -97.87311, 30.595145 ], [ -97.872984, 30.595117 ], [ -97.872728, 30.595061 ], [ -97.872471, 30.595005 ], [ -97.872342, 30.594977 ], [ -97.87221, 30.594948 ], [ -97.872074, 30.594919 ], [ -97.871935, 30.594889 ], [ -97.871648, 30.594827 ], [ -97.871507, 30.594794 ], [ -97.871233, 30.594732 ], [ -97.871099, 30.594702 ], [ -97.870832, 30.594641 ], [ -97.870562, 30.594577 ], [ -97.870425, 30.594545 ], [ -97.870149, 30.594478 ], [ -97.87001, 30.594445 ], [ -97.869732, 30.594381 ], [ -97.869591, 30.594348 ], [ -97.869448, 30.594314 ], [ -97.869303, 30.59428 ], [ -97.869155, 30.594245 ], [ -97.868853, 30.594177 ], [ -97.868701, 30.594143 ], [ -97.868547, 30.594108 ], [ -97.868392, 30.594073 ], [ -97.868237, 30.594038 ], [ -97.868082, 30.594001 ], [ -97.867929, 30.593966 ], [ -97.867775, 30.593932 ], [ -97.867624, 30.593898 ], [ -97.867474, 30.593864 ], [ -97.867326, 30.59383 ], [ -97.867179, 30.593798 ], [ -97.867032, 30.593765 ], [ -97.866886, 30.593733 ], [ -97.866741, 30.593701 ], [ -97.866595, 30.593668 ], [ -97.866449, 30.593636 ], [ -97.866301, 30.593603 ], [ -97.866154, 30.593571 ], [ -97.866009, 30.593539 ], [ -97.865863, 30.593506 ], [ -97.865717, 30.593473 ], [ -97.865572, 30.59344 ], [ -97.865285, 30.593373 ], [ -97.865142, 30.59334 ], [ -97.865001, 30.593307 ], [ -97.864863, 30.593275 ], [ -97.864594, 30.593215 ], [ -97.864464, 30.593187 ], [ -97.864336, 30.593161 ], [ -97.864211, 30.593137 ], [ -97.864086, 30.593116 ], [ -97.863961, 30.593096 ], [ -97.863834, 30.59308 ], [ -97.863706, 30.593067 ], [ -97.863576, 30.593054 ], [ -97.863444, 30.593046 ], [ -97.863309, 30.59304 ], [ -97.863292, 30.59304 ], [ -97.863171, 30.593036 ], [ -97.863028, 30.593033 ], [ -97.862885, 30.593033 ], [ -97.862742, 30.593037 ], [ -97.862599, 30.593043 ], [ -97.862455, 30.593052 ], [ -97.862307, 30.593064 ], [ -97.862158, 30.593079 ], [ -97.861864, 30.593118 ], [ -97.861718, 30.59314 ], [ -97.861436, 30.593195 ], [ -97.861303, 30.593229 ], [ -97.861173, 30.593264 ], [ -97.860917, 30.593335 ], [ -97.860789, 30.593371 ], [ -97.860661, 30.593408 ], [ -97.860414, 30.593477 ], [ -97.860296, 30.593511 ], [ -97.860181, 30.593544 ], [ -97.859965, 30.593604 ], [ -97.859875, 30.59363 ], [ -97.859799, 30.593651 ], [ -97.859737, 30.593668 ], [ -97.859656, 30.593689 ], [ -97.859595, 30.593707 ], [ -97.859539, 30.593723 ], [ -97.85943, 30.593463 ], [ -97.859009, 30.592442 ], [ -97.858777, 30.591879 ], [ -97.858769, 30.591858 ], [ -97.858686, 30.591624 ], [ -97.858237, 30.590596 ], [ -97.85743, 30.588601 ], [ -97.857252, 30.588183 ], [ -97.857073, 30.587762 ], [ -97.857029, 30.587671 ], [ -97.856935, 30.587477 ], [ -97.856774, 30.5872 ], [ -97.856606, 30.586947 ], [ -97.856222, 30.586371 ], [ -97.856083, 30.586162 ], [ -97.856034, 30.586077 ], [ -97.85588, 30.585813 ], [ -97.855362, 30.584591 ], [ -97.85471, 30.583095 ], [ -97.854289, 30.582088 ], [ -97.853894, 30.581143 ], [ -97.853857, 30.581052 ], [ -97.85366, 30.580574 ], [ -97.854061, 30.580462 ], [ -97.854709, 30.580248 ], [ -97.855444, 30.580019 ], [ -97.855697, 30.579956 ], [ -97.855887, 30.579918 ], [ -97.856155, 30.579879 ], [ -97.856418, 30.57986 ], [ -97.856653, 30.579859 ], [ -97.856858, 30.579866 ], [ -97.857018, 30.579882 ], [ -97.85864, 30.580041 ], [ -97.859235, 30.5801 ], [ -97.859993, 30.580179 ], [ -97.860325, 30.580195 ], [ -97.86061, 30.580194 ], [ -97.860766, 30.580184 ], [ -97.861025, 30.580154 ], [ -97.861272, 30.580112 ], [ -97.861513, 30.580052 ], [ -97.861863, 30.579943 ], [ -97.864508, 30.579085 ], [ -97.867711, 30.578053 ], [ -97.868586, 30.577762 ], [ -97.868978, 30.577632 ], [ -97.869491, 30.577461 ], [ -97.87037, 30.577169 ], [ -97.870593, 30.577095 ], [ -97.870876, 30.577001 ], [ -97.871332, 30.576855 ], [ -97.872035, 30.576629 ], [ -97.873265, 30.579334 ], [ -97.873482, 30.579812 ], [ -97.874043, 30.581176 ], [ -97.874166, 30.581476 ], [ -97.874256, 30.581623 ], [ -97.874339, 30.581723 ], [ -97.87477, 30.582247 ], [ -97.874959, 30.582476 ], [ -97.875016, 30.582548 ], [ -97.875429, 30.583072 ], [ -97.875613, 30.583304 ], [ -97.875674, 30.583405 ], [ -97.875902, 30.583699 ], [ -97.875931, 30.583735 ], [ -97.876049, 30.583886 ], [ -97.876566, 30.584555 ], [ -97.876828, 30.584901 ], [ -97.877202, 30.585383 ], [ -97.877427, 30.585667 ], [ -97.877503, 30.585762 ], [ -97.877848, 30.586198 ], [ -97.878219, 30.586641 ], [ -97.878558, 30.587037 ], [ -97.878868, 30.5874 ], [ -97.879202, 30.587853 ], [ -97.879367, 30.588095 ] ] ] } },
{ "type": "Feature", "properties": { "GEOID": "484910203193", "NAME": "Block Group 3; Census Tract 203.19; Williamson County; Texas", "state": "48", "county": "491", "tract": "020319", "block group": "3", "population": 1433.0, "population_moe": 636.0, "area_sq_miles": 0.23287772126577552, "population_density": 6153.443928475087, "under5": 95.0, "under5_moe": 108.00462953040486, "under18": 457.0, "under18_moe": 261.24700955226263, "age18_64": 841.0, "age18_64_moe": 259.89228537992426, "age65plus": 135.0, "age65plus_moe": 104.90948479522717, "civilian_noninstitutionalized_population": 1433.0, "civilian_noninstitutionalized_population_moe": 636.0, "uninsured": 20.0, "uninsured_moe": 42.790185790669334, "uninsured_pct": 1.3956734124214933, "disability_population_base": "<NA>", "disability_population_base_moe": "<NA>", "disability": null, "disability_moe": "<NA>", "disability_pct": null, "poverty_population_base": 1433.0, "poverty_population_base_moe": 636.0, "poverty": 49.0, "poverty_moe": 57.982756057296896, "poverty_pct": 3.4193998604326583, "median_household_income": "134173.0", "median_household_income_moe": "15987.0", "per_capita_income": 40252.0, "per_capita_income_moe": 6565.0, "households": "<NA>", "households_moe": "<NA>", "no_vehicle_households": "<NA>", "no_vehicle_households_moe": "<NA>", "no_vehicle_pct": null, "youth_population_pct": 31.891137473831122, "senior_population_pct": 9.4207955338450802, "healthcare_need_score": 24.797437841507655, "healthcare_need_notes": "Relative index averaging min-max normalized uninsured_pct, disability_pct, poverty_pct, no_vehicle_pct, youth_population_pct, and senior_population_pct within the retained Liberty Hill study-area block groups.", "uninsured_pct_numerator": "uninsured", "uninsured_pct_denominator": "civilian_noninstitutionalized_population", "disability_pct_numerator": "disability", "disability_pct_denominator": "disability_population_base", "poverty_pct_numerator": "poverty", "poverty_pct_denominator": "poverty_population_base", "no_vehicle_pct_numerator": "no_vehicle_households", "no_vehicle_pct_denominator": "households", "youth_population_pct_numerator": "under18", "youth_population_pct_denominator": "population", "senior_population_pct_numerator": "age65plus", "senior_population_pct_denominator": "population", "intersects_liberty_hill_city": false, "nearest_any_medical_miles": 1.5420220308394286, "nearest_primary_care_miles": 1.5420220308394286, "nearest_urgent_care_miles": 3.0751004601630334, "nearest_hospital_miles": 1.7779430513429122, "nearest_emergency_miles": 3.3612294539231855, "nearest_primary_care_minutes": null, "nearest_urgent_care_minutes": null, "nearest_hospital_minutes": null, "nearest_emergency_minutes": null, "healthcare_access_measure": "Straight-line distance", "healthcare_access_distance_band": "1-3 miles" }, "geometry": { "type": "Polygon", "coordinates": [ [ [ -97.839029, 30.548809 ], [ -97.837191, 30.549387 ], [ -97.836595, 30.549579 ], [ -97.83567, 30.549876 ], [ -97.834462, 30.550264 ], [ -97.834462, 30.550347 ], [ -97.833618, 30.550643 ], [ -97.831398, 30.551287 ], [ -97.83144, 30.551406 ], [ -97.831716, 30.552194 ], [ -97.831793, 30.552416 ], [ -97.831973, 30.552871 ], [ -97.832167, 30.553345 ], [ -97.832205, 30.553443 ], [ -97.832231, 30.553502 ], [ -97.832425, 30.553983 ], [ -97.832462, 30.554074 ], [ -97.832692, 30.554638 ], [ -97.833278, 30.556068 ], [ -97.833147, 30.556108 ], [ -97.832712, 30.556241 ], [ -97.831945, 30.556475 ], [ -97.830453, 30.556928 ], [ -97.829709, 30.557153 ], [ -97.829643, 30.557165 ], [ -97.82828, 30.55759 ], [ -97.826151, 30.558238 ], [ -97.825258, 30.55851 ], [ -97.825003, 30.558588 ], [ -97.824948, 30.558605 ], [ -97.824194, 30.558835 ], [ -97.823077, 30.559173 ], [ -97.821621, 30.55675 ], [ -97.821424, 30.556403 ], [ -97.821262, 30.556147 ], [ -97.821253, 30.556132 ], [ -97.82135, 30.556076 ], [ -97.821518, 30.556036 ], [ -97.821677, 30.555987 ], [ -97.822217, 30.555783 ], [ -97.822287, 30.555739 ], [ -97.822383, 30.555695 ], [ -97.822395, 30.555634 ], [ -97.82244, 30.555557 ], [ -97.822561, 30.555447 ], [ -97.822745, 30.555365 ], [ -97.823025, 30.555282 ], [ -97.823317, 30.555271 ], [ -97.823399, 30.555299 ], [ -97.823768, 30.555222 ], [ -97.824156, 30.555101 ], [ -97.824327, 30.555073 ], [ -97.824467, 30.555007 ], [ -97.824543, 30.55493 ], [ -97.824581, 30.55487 ], [ -97.824613, 30.554749 ], [ -97.824734, 30.5546 ], [ -97.824918, 30.554446 ], [ -97.824944, 30.554329 ], [ -97.824969, 30.554221 ], [ -97.824994, 30.554177 ], [ -97.825102, 30.553874 ], [ -97.825141, 30.553803 ], [ -97.82516, 30.553748 ], [ -97.825198, 30.553687 ], [ -97.82521, 30.553616 ], [ -97.825204, 30.5535 ], [ -97.825172, 30.553368 ], [ -97.82521, 30.553236 ], [ -97.825255, 30.553104 ], [ -97.825306, 30.552994 ], [ -97.825452, 30.552703 ], [ -97.825522, 30.552538 ], [ -97.825579, 30.55245 ], [ -97.825655, 30.552384 ], [ -97.825865, 30.552279 ], [ -97.825914, 30.552233 ], [ -97.825935, 30.552213 ], [ -97.826005, 30.552098 ], [ -97.826132, 30.551971 ], [ -97.826214, 30.551812 ], [ -97.826341, 30.551652 ], [ -97.826456, 30.551471 ], [ -97.826615, 30.551328 ], [ -97.826697, 30.551185 ], [ -97.826773, 30.551091 ], [ -97.827091, 30.550937 ], [ -97.827358, 30.550965 ], [ -97.827466, 30.550959 ], [ -97.827695, 30.550981 ], [ -97.828108, 30.550975 ], [ -97.828235, 30.550942 ], [ -97.828591, 30.550887 ], [ -97.828718, 30.550887 ], [ -97.828998, 30.550865 ], [ -97.829169, 30.550832 ], [ -97.829373, 30.550821 ], [ -97.829709, 30.550865 ], [ -97.829881, 30.550909 ], [ -97.830015, 30.550931 ], [ -97.830218, 30.550948 ], [ -97.830517, 30.550942 ], [ -97.830599, 30.550959 ], [ -97.830631, 30.550981 ], [ -97.830656, 30.551036 ], [ -97.830676, 30.55114 ], [ -97.830714, 30.551173 ], [ -97.830885, 30.551201 ], [ -97.830932, 30.551216 ], [ -97.831019, 30.551245 ], [ -97.831101, 30.551223 ], [ -97.831269, 30.551194 ], [ -97.831483, 30.551157 ], [ -97.831654, 30.551118 ], [ -97.831819, 30.551069 ], [ -97.832232, 30.550903 ], [ -97.833383, 30.550557 ], [ -97.834431, 30.550205 ], [ -97.837405, 30.549269 ], [ -97.838511, 30.548895 ], [ -97.838714, 30.548812 ], [ -97.838809, 30.54879 ], [ -97.838924, 30.54879 ], [ -97.839029, 30.548809 ] ] ] } },
{ "type": "Feature", "properties": { "GEOID": "484910203192", "NAME": "Block Group 2; Census Tract 203.19; Williamson County; Texas", "state": "48", "county": "491", "tract": "020319", "block group": "2", "population": 1185.0, "population_moe": 518.0, "area_sq_miles": 0.20676021228055369, "population_density": 5731.2767622431593, "under5": 89.0, "under5_moe": 126.88971589533961, "under18": 245.0, "under18_moe": 160.82599292402955, "age18_64": 820.0, "age18_64_moe": 328.76435329883316, "age65plus": 120.0, "age65plus_moe": 90.691785736085265, "civilian_noninstitutionalized_population": 1185.0, "civilian_noninstitutionalized_population_moe": 518.0, "uninsured": 25.0, "uninsured_moe": 64.467045845144796, "uninsured_pct": 2.109704641350211, "disability_population_base": "<NA>", "disability_population_base_moe": "<NA>", "disability": null, "disability_moe": "<NA>", "disability_pct": null, "poverty_population_base": 1185.0, "poverty_population_base_moe": 518.0, "poverty": 0.0, "poverty_moe": 21.213203435596427, "poverty_pct": 0.0, "median_household_income": "118125.0", "median_household_income_moe": "20292.0", "per_capita_income": 54660.0, "per_capita_income_moe": 7818.0, "households": "<NA>", "households_moe": "<NA>", "no_vehicle_households": "<NA>", "no_vehicle_households_moe": "<NA>", "no_vehicle_pct": null, "youth_population_pct": 20.675105485232066, "senior_population_pct": 10.126582278481013, "healthcare_need_score": 16.334235199417861, "healthcare_need_notes": "Relative index averaging min-max normalized uninsured_pct, disability_pct, poverty_pct, no_vehicle_pct, youth_population_pct, and senior_population_pct within the retained Liberty Hill study-area block groups.", "uninsured_pct_numerator": "uninsured", "uninsured_pct_denominator": "civilian_noninstitutionalized_population", "disability_pct_numerator": "disability", "disability_pct_denominator": "disability_population_base", "poverty_pct_numerator": "poverty", "poverty_pct_denominator": "poverty_population_base", "no_vehicle_pct_numerator": "no_vehicle_households", "no_vehicle_pct_denominator": "households", "youth_population_pct_numerator": "under18", "youth_population_pct_denominator": "population", "senior_population_pct_numerator": "age65plus", "senior_population_pct_denominator": "population", "intersects_liberty_hill_city": false, "nearest_any_medical_miles": 1.6544888149332311, "nearest_primary_care_miles": 1.6544888149332311, "nearest_urgent_care_miles": 2.7819259660686808, "nearest_hospital_miles": 2.1341626150117112, "nearest_emergency_miles": 3.0293219646209648, "nearest_primary_care_minutes": null, "nearest_urgent_care_minutes": null, "nearest_hospital_minutes": null, "nearest_emergency_minutes": null, "healthcare_access_measure": "Straight-line distance", "healthcare_access_distance_band": "1-3 miles" }, "geometry": { "type": "Polygon", "coordinates": [ [ [ -97.833878, 30.561207 ], [ -97.833153, 30.561438 ], [ -97.831585, 30.561924 ], [ -97.831464, 30.561962 ], [ -97.831311, 30.562007 ], [ -97.83016, 30.562346 ], [ -97.829769, 30.56248 ], [ -97.829125, 30.562702 ], [ -97.827256, 30.563225 ], [ -97.826594, 30.563422 ], [ -97.825617, 30.563712 ], [ -97.825545, 30.563734 ], [ -97.825197, 30.563838 ], [ -97.824878, 30.563933 ], [ -97.824606, 30.564014 ], [ -97.824427, 30.563636 ], [ -97.823962, 30.562848 ], [ -97.822667, 30.560649 ], [ -97.82108, 30.557942 ], [ -97.820548, 30.557088 ], [ -97.820414, 30.556849 ], [ -97.82051, 30.556789 ], [ -97.820648, 30.55668 ], [ -97.820807, 30.556575 ], [ -97.82095, 30.556436 ], [ -97.821096, 30.556289 ], [ -97.821253, 30.556132 ], [ -97.821262, 30.556147 ], [ -97.821424, 30.556403 ], [ -97.821621, 30.55675 ], [ -97.823077, 30.559173 ], [ -97.824194, 30.558835 ], [ -97.824948, 30.558605 ], [ -97.825003, 30.558588 ], [ -97.825258, 30.55851 ], [ -97.826151, 30.558238 ], [ -97.82828, 30.55759 ], [ -97.829643, 30.557165 ], [ -97.829709, 30.557153 ], [ -97.829702, 30.557176 ], [ -97.829733, 30.557383 ], [ -97.829727, 30.557474 ], [ -97.82971, 30.55753 ], [ -97.829665, 30.557593 ], [ -97.829642, 30.557625 ], [ -97.829452, 30.558049 ], [ -97.829424, 30.558124 ], [ -97.829596, 30.558219 ], [ -97.830124, 30.558384 ], [ -97.830442, 30.558538 ], [ -97.830638, 30.558602 ], [ -97.830677, 30.558615 ], [ -97.83081, 30.558637 ], [ -97.831096, 30.558631 ], [ -97.831185, 30.558587 ], [ -97.831268, 30.558532 ], [ -97.831363, 30.558494 ], [ -97.831455, 30.558494 ], [ -97.831516, 30.558494 ], [ -97.832049, 30.558296 ], [ -97.83269, 30.558143 ], [ -97.832862, 30.55857 ], [ -97.832969, 30.558857 ], [ -97.833084, 30.559255 ], [ -97.833147, 30.559509 ], [ -97.833229, 30.559732 ], [ -97.833311, 30.559892 ], [ -97.833375, 30.559997 ], [ -97.833543, 30.560233 ], [ -97.833621, 30.560372 ], [ -97.833684, 30.560516 ], [ -97.83373, 30.560666 ], [ -97.833878, 30.561207 ] ] ] } },
{ "type": "Feature", "properties": { "GEOID": "484910203512", "NAME": "Block Group 2; Census Tract 203.51; Williamson County; Texas", "state": "48", "county": "491", "tract": "020351", "block group": "2", "population": 979.0, "population_moe": 322.0, "area_sq_miles": 0.27375431679290296, "population_density": 3576.1993142947231, "under5": 14.0, "under5_moe": 26.627053911388696, "under18": 85.0, "under18_moe": 60.074953183502359, "age18_64": 766.0, "age18_64_moe": 210.53978246402744, "age65plus": 128.0, "age65plus_moe": 79.54872720540537, "civilian_noninstitutionalized_population": 972.0, "civilian_noninstitutionalized_population_moe": 320.0, "uninsured": 90.0, "uninsured_moe": 64.838260309789305, "uninsured_pct": 9.2592592592592595, "disability_population_base": "<NA>", "disability_population_base_moe": "<NA>", "disability": null, "disability_moe": "<NA>", "disability_pct": null, "poverty_population_base": 979.0, "poverty_population_base_moe": 322.0, "poverty": 65.0, "poverty_moe": 69.634761434214738, "poverty_pct": 6.6394279877425939, "median_household_income": "106860.0", "median_household_income_moe": "27415.0", "per_capita_income": 60122.0, "per_capita_income_moe": 19318.0, "households": "<NA>", "households_moe": "<NA>", "no_vehicle_households": "<NA>", "no_vehicle_households_moe": "<NA>", "no_vehicle_pct": null, "youth_population_pct": 8.6823289070480083, "senior_population_pct": 13.074565883554648, "healthcare_need_score": 19.463976851925491, "healthcare_need_notes": "Relative index averaging min-max normalized uninsured_pct, disability_pct, poverty_pct, no_vehicle_pct, youth_population_pct, and senior_population_pct within the retained Liberty Hill study-area block groups.", "uninsured_pct_numerator": "uninsured", "uninsured_pct_denominator": "civilian_noninstitutionalized_population", "disability_pct_numerator": "disability", "disability_pct_denominator": "disability_population_base", "poverty_pct_numerator": "poverty", "poverty_pct_denominator": "poverty_population_base", "no_vehicle_pct_numerator": "no_vehicle_households", "no_vehicle_pct_denominator": "households", "youth_population_pct_numerator": "under18", "youth_population_pct_denominator": "population", "senior_population_pct_numerator": "age65plus", "senior_population_pct_denominator": "population", "intersects_liberty_hill_city": false, "nearest_any_medical_miles": 1.2904577458284492, "nearest_primary_care_miles": 1.7642556212757254, "nearest_urgent_care_miles": 3.5545622879267036, "nearest_hospital_miles": 1.2904577458284492, "nearest_emergency_miles": 3.8531513286338392, "nearest_primary_care_minutes": null, "nearest_urgent_care_minutes": null, "nearest_hospital_minutes": null, "nearest_emergency_minutes": null, "healthcare_access_measure": "Straight-line distance", "healthcare_access_distance_band": "1-3 miles" }, "geometry": { "type": "Polygon", "coordinates": [ [ [ -97.834061, 30.540552 ], [ -97.833972, 30.540635 ], [ -97.833654, 30.54108 ], [ -97.833425, 30.541416 ], [ -97.833254, 30.54163 ], [ -97.833012, 30.541878 ], [ -97.832885, 30.54196 ], [ -97.832796, 30.542032 ], [ -97.832701, 30.542202 ], [ -97.832434, 30.542494 ], [ -97.832326, 30.542582 ], [ -97.832142, 30.542675 ], [ -97.831913, 30.542851 ], [ -97.831786, 30.542961 ], [ -97.831443, 30.543291 ], [ -97.831316, 30.543539 ], [ -97.831214, 30.543693 ], [ -97.831081, 30.543962 ], [ -97.830948, 30.544194 ], [ -97.830795, 30.544392 ], [ -97.830693, 30.544562 ], [ -97.830401, 30.544936 ], [ -97.830255, 30.545013 ], [ -97.829963, 30.5452 ], [ -97.829728, 30.545365 ], [ -97.829575, 30.545437 ], [ -97.829543, 30.545497 ], [ -97.829467, 30.545574 ], [ -97.829359, 30.545651 ], [ -97.829213, 30.545734 ], [ -97.829073, 30.545827 ], [ -97.828876, 30.545882 ], [ -97.828622, 30.545921 ], [ -97.828558, 30.545888 ], [ -97.828387, 30.545882 ], [ -97.828342, 30.545888 ], [ -97.828209, 30.545954 ], [ -97.828145, 30.546009 ], [ -97.828088, 30.546091 ], [ -97.828057, 30.546152 ], [ -97.828025, 30.546361 ], [ -97.827999, 30.54685 ], [ -97.827999, 30.54696 ], [ -97.828019, 30.547147 ], [ -97.828063, 30.547307 ], [ -97.828146, 30.547686 ], [ -97.828184, 30.54778 ], [ -97.828279, 30.54789 ], [ -97.82833, 30.547994 ], [ -97.828356, 30.548132 ], [ -97.828349, 30.548324 ], [ -97.828324, 30.548561 ], [ -97.828368, 30.548627 ], [ -97.828559, 30.548792 ], [ -97.828602, 30.548845 ], [ -97.828667, 30.548924 ], [ -97.828724, 30.549072 ], [ -97.828762, 30.54927 ], [ -97.828858, 30.549474 ], [ -97.828896, 30.549628 ], [ -97.828909, 30.549716 ], [ -97.828902, 30.549903 ], [ -97.828851, 30.550013 ], [ -97.828566, 30.550343 ], [ -97.828419, 30.550442 ], [ -97.82821, 30.550519 ], [ -97.828076, 30.550601 ], [ -97.827803, 30.550728 ], [ -97.82772, 30.550755 ], [ -97.827377, 30.550805 ], [ -97.827282, 30.550833 ], [ -97.827199, 30.550866 ], [ -97.827091, 30.550937 ], [ -97.826773, 30.551091 ], [ -97.826697, 30.551185 ], [ -97.826615, 30.551328 ], [ -97.826456, 30.551471 ], [ -97.826341, 30.551652 ], [ -97.826214, 30.551812 ], [ -97.826132, 30.551971 ], [ -97.826005, 30.552098 ], [ -97.825935, 30.552213 ], [ -97.825914, 30.552233 ], [ -97.825865, 30.552279 ], [ -97.825655, 30.552384 ], [ -97.825579, 30.55245 ], [ -97.825522, 30.552538 ], [ -97.825452, 30.552703 ], [ -97.825306, 30.552994 ], [ -97.825255, 30.553104 ], [ -97.82521, 30.553236 ], [ -97.825172, 30.553368 ], [ -97.825204, 30.5535 ], [ -97.82521, 30.553616 ], [ -97.825198, 30.553687 ], [ -97.82516, 30.553748 ], [ -97.825141, 30.553803 ], [ -97.825102, 30.553874 ], [ -97.824994, 30.554177 ], [ -97.824969, 30.554221 ], [ -97.824944, 30.554329 ], [ -97.824888, 30.554299 ], [ -97.824669, 30.554163 ], [ -97.824444, 30.554003 ], [ -97.824249, 30.553842 ], [ -97.824065, 30.553672 ], [ -97.823908, 30.553507 ], [ -97.823738, 30.553302 ], [ -97.823662, 30.553194 ], [ -97.823574, 30.55307 ], [ -97.823151, 30.552196 ], [ -97.823119, 30.552026 ], [ -97.823086, 30.551805 ], [ -97.823071, 30.551537 ], [ -97.823054, 30.550057 ], [ -97.823054, 30.550017 ], [ -97.823071, 30.549316 ], [ -97.823057, 30.548968 ], [ -97.823021, 30.548639 ], [ -97.82297, 30.548367 ], [ -97.822718, 30.547531 ], [ -97.824098, 30.547079 ], [ -97.823851, 30.546581 ], [ -97.823483, 30.545919 ], [ -97.8239, 30.545681 ], [ -97.824316, 30.545292 ], [ -97.824744, 30.54441 ], [ -97.82384, 30.54418 ], [ -97.823837, 30.543555 ], [ -97.82375, 30.542802 ], [ -97.824098, 30.542792 ], [ -97.825075, 30.542909 ], [ -97.825999, 30.543083 ], [ -97.825847, 30.543808 ], [ -97.826367, 30.543926 ], [ -97.826567, 30.54336 ], [ -97.826847, 30.542429 ], [ -97.82703, 30.541949 ], [ -97.82723, 30.541641 ], [ -97.8275, 30.541407 ], [ -97.827719, 30.541267 ], [ -97.829767, 30.540607 ], [ -97.832594, 30.539702 ], [ -97.833079, 30.540073 ], [ -97.833343, 30.540176 ], [ -97.833892, 30.540395 ], [ -97.834092, 30.54051 ], [ -97.834061, 30.540552 ] ] ] } },
{ "type": "Feature", "properties": { "GEOID": "484910203481", "NAME": "Block Group 1; Census Tract 203.48; Williamson County; Texas", "state": "48", "county": "491", "tract": "020348", "block group": "1", "population": 3350.0, "population_moe": 468.0, "area_sq_miles": 1.3698806672323154, "population_density": 2445.4684850529975, "under5": 88.0, "under5_moe": 56.568542494923804, "under18": 781.0, "under18_moe": 212.46176126540982, "age18_64": 2336.0, "age18_64_moe": 362.20574263807578, "age65plus": 233.0, "age65plus_moe": 89.777502749853767, "civilian_noninstitutionalized_population": 3209.0, "civilian_noninstitutionalized_population_moe": 468.0, "uninsured": 213.0, "uninsured_moe": 123.51113310143342, "uninsured_pct": 6.6375818011841696, "disability_population_base": "<NA>", "disability_population_base_moe": "<NA>", "disability": null, "disability_moe": "<NA>", "disability_pct": null, "poverty_population_base": 3120.0, "poverty_population_base_moe": 346.0, "poverty": 197.0, "poverty_moe": 127.4244874425634, "poverty_pct": 6.3141025641025639, "median_household_income": "89919.0", "median_household_income_moe": "25353.0", "per_capita_income": 58914.0, "per_capita_income_moe": 11243.0, "households": "<NA>", "households_moe": "<NA>", "no_vehicle_households": "<NA>", "no_vehicle_households_moe": "<NA>", "no_vehicle_pct": null, "youth_population_pct": 23.313432835820898, "senior_population_pct": 6.955223880597015, "healthcare_need_score": 24.575488815852832, "healthcare_need_notes": "Relative index averaging min-max normalized uninsured_pct, disability_pct, poverty_pct, no_vehicle_pct, youth_population_pct, and senior_population_pct within the retained Liberty Hill study-area block groups.", "uninsured_pct_numerator": "uninsured", "uninsured_pct_denominator": "civilian_noninstitutionalized_population", "disability_pct_numerator": "disability", "disability_pct_denominator": "disability_population_base", "poverty_pct_numerator": "poverty", "poverty_pct_denominator": "poverty_population_base", "no_vehicle_pct_numerator": "no_vehicle_households", "no_vehicle_pct_denominator": "households", "youth_population_pct_numerator": "under18", "youth_population_pct_denominator": "population", "senior_population_pct_numerator": "age65plus", "senior_population_pct_denominator": "population", "intersects_liberty_hill_city": false, "nearest_any_medical_miles": 1.1860489163812, "nearest_primary_care_miles": 3.9573237788710189, "nearest_urgent_care_miles": 5.6786300805264194, "nearest_hospital_miles": 1.1860489163812, "nearest_emergency_miles": 5.9050220753262206, "nearest_primary_care_minutes": null, "nearest_urgent_care_minutes": null, "nearest_hospital_minutes": null, "nearest_emergency_minutes": null, "healthcare_access_measure": "Straight-line distance", "healthcare_access_distance_band": "1-3 miles" }, "geometry": { "type": "Polygon", "coordinates": [ [ [ -97.815699, 30.525409 ], [ -97.813703, 30.526023 ], [ -97.810941, 30.526803 ], [ -97.809454, 30.527223 ], [ -97.807046, 30.527904 ], [ -97.805798, 30.528276 ], [ -97.806056, 30.528997 ], [ -97.806276, 30.529561 ], [ -97.806621, 30.530397 ], [ -97.806821, 30.530883 ], [ -97.807139, 30.531684 ], [ -97.807326, 30.532138 ], [ -97.807493, 30.532598 ], [ -97.807514, 30.532663 ], [ -97.807559, 30.532806 ], [ -97.807666, 30.53305 ], [ -97.808049, 30.533928 ], [ -97.8081, 30.534045 ], [ -97.808202, 30.534324 ], [ -97.808276, 30.534506 ], [ -97.8083, 30.534564 ], [ -97.808336, 30.534653 ], [ -97.80857, 30.535226 ], [ -97.808644, 30.535389 ], [ -97.808958, 30.536076 ], [ -97.809135, 30.536485 ], [ -97.808666, 30.536552 ], [ -97.807401, 30.536751 ], [ -97.807334, 30.536762 ], [ -97.807095, 30.536815 ], [ -97.806918, 30.536864 ], [ -97.806697, 30.536933 ], [ -97.806468, 30.536985 ], [ -97.806343, 30.537005 ], [ -97.804685, 30.537273 ], [ -97.80386, 30.537424 ], [ -97.802945, 30.537594 ], [ -97.802371, 30.537768 ], [ -97.802367, 30.537822 ], [ -97.802568, 30.538869 ], [ -97.802583, 30.539003 ], [ -97.802592, 30.539244 ], [ -97.802585, 30.539401 ], [ -97.80256, 30.5396 ], [ -97.80255, 30.539648 ], [ -97.802538, 30.539705 ], [ -97.802507, 30.539809 ], [ -97.802468, 30.53991 ], [ -97.802417, 30.540007 ], [ -97.802357, 30.540101 ], [ -97.80229, 30.540189 ], [ -97.802211, 30.540272 ], [ -97.802126, 30.54035 ], [ -97.802036, 30.54042 ], [ -97.801444, 30.540779 ], [ -97.800963, 30.541064 ], [ -97.800469, 30.541377 ], [ -97.800344, 30.541486 ], [ -97.800231, 30.541605 ], [ -97.800131, 30.54173 ], [ -97.800043, 30.541865 ], [ -97.799993, 30.541957 ], [ -97.799949, 30.542082 ], [ -97.799918, 30.542221 ], [ -97.799904, 30.542324 ], [ -97.799903, 30.542481 ], [ -97.799912, 30.542586 ], [ -97.799932, 30.542689 ], [ -97.800006, 30.542976 ], [ -97.799811, 30.542593 ], [ -97.799723, 30.542421 ], [ -97.79941, 30.541643 ], [ -97.798988, 30.540572 ], [ -97.79892, 30.540399 ], [ -97.798845, 30.540208 ], [ -97.798743, 30.539948 ], [ -97.798782, 30.539885 ], [ -97.798926, 30.539803 ], [ -97.79917, 30.539747 ], [ -97.799075, 30.539726 ], [ -97.798903, 30.539637 ], [ -97.798881, 30.539626 ], [ -97.798595, 30.539547 ], [ -97.798057, 30.539304 ], [ -97.797886, 30.5392 ], [ -97.79783, 30.539133 ], [ -97.797753, 30.53904 ], [ -97.797619, 30.538787 ], [ -97.797587, 30.538699 ], [ -97.797556, 30.53838 ], [ -97.797562, 30.538209 ], [ -97.797549, 30.538171 ], [ -97.797556, 30.538105 ], [ -97.797505, 30.538033 ], [ -97.797422, 30.537879 ], [ -97.797327, 30.537786 ], [ -97.79727, 30.537714 ], [ -97.797124, 30.537577 ], [ -97.797016, 30.537527 ], [ -97.796939, 30.537511 ], [ -97.796685, 30.537489 ], [ -97.796584, 30.537489 ], [ -97.796495, 30.537511 ], [ -97.796368, 30.53756 ], [ -97.796202, 30.537681 ], [ -97.796113, 30.53772 ], [ -97.795993, 30.53772 ], [ -97.795897, 30.537698 ], [ -97.795777, 30.537604 ], [ -97.795535, 30.537285 ], [ -97.79544, 30.537071 ], [ -97.795408, 30.5369 ], [ -97.79537, 30.536504 ], [ -97.795339, 30.536378 ], [ -97.795237, 30.536174 ], [ -97.79518, 30.536114 ], [ -97.795103, 30.536075 ], [ -97.795046, 30.536075 ], [ -97.794983, 30.536119 ], [ -97.794735, 30.536108 ], [ -97.794684, 30.536136 ], [ -97.794582, 30.536246 ], [ -97.794525, 30.536323 ], [ -97.794474, 30.536356 ], [ -97.794284, 30.536416 ], [ -97.79403, 30.536399 ], [ -97.793706, 30.536344 ], [ -97.79354, 30.536295 ], [ -97.793464, 30.536218 ], [ -97.793401, 30.536124 ], [ -97.792747, 30.534219 ], [ -97.793888, 30.533898 ], [ -97.794454, 30.533694 ], [ -97.79463, 30.533558 ], [ -97.794694, 30.53325 ], [ -97.794574, 30.532626 ], [ -97.794714, 30.532501 ], [ -97.795094, 30.532455 ], [ -97.795574, 30.532381 ], [ -97.795949, 30.532242 ], [ -97.796137, 30.532106 ], [ -97.796199, 30.531833 ], [ -97.796032, 30.531656 ], [ -97.796007, 30.531547 ], [ -97.795987, 30.531285 ], [ -97.796026, 30.531147 ], [ -97.796115, 30.531004 ], [ -97.796204, 30.530916 ], [ -97.796324, 30.530674 ], [ -97.796343, 30.530647 ], [ -97.796338, 30.530561 ], [ -97.79374, 30.531322 ], [ -97.792012, 30.531859 ], [ -97.79187, 30.531903 ], [ -97.7903, 30.53239 ], [ -97.788208, 30.533038 ], [ -97.787897, 30.533117 ], [ -97.787583, 30.533197 ], [ -97.787009, 30.533367 ], [ -97.782664, 30.534656 ], [ -97.782421, 30.53407 ], [ -97.782295, 30.533727 ], [ -97.781989, 30.53307 ], [ -97.781837, 30.532769 ], [ -97.781648, 30.532456 ], [ -97.781325, 30.53203 ], [ -97.781196, 30.531861 ], [ -97.780993, 30.531611 ], [ -97.780705, 30.531318 ], [ -97.780452, 30.531106 ], [ -97.780825, 30.530825 ], [ -97.781468, 30.530353 ], [ -97.781587, 30.530265 ], [ -97.781695, 30.530185 ], [ -97.781948, 30.530001 ], [ -97.782045, 30.529929 ], [ -97.782122, 30.529876 ], [ -97.782148, 30.529859 ], [ -97.782297, 30.529781 ], [ -97.782458, 30.529702 ], [ -97.782667, 30.529598 ], [ -97.782907, 30.5295 ], [ -97.78298, 30.529472 ], [ -97.783154, 30.529406 ], [ -97.783399, 30.529351 ], [ -97.783682, 30.529293 ], [ -97.783957, 30.529259 ], [ -97.784204, 30.52925 ], [ -97.78427, 30.529249 ], [ -97.78436, 30.529253 ], [ -97.78449, 30.529256 ], [ -97.78467, 30.529239 ], [ -97.784744, 30.529232 ], [ -97.784818, 30.529226 ], [ -97.784921, 30.529218 ], [ -97.785023, 30.529185 ], [ -97.785157, 30.529163 ], [ -97.785276, 30.52912 ], [ -97.785389, 30.529086 ], [ -97.785611, 30.52902 ], [ -97.785768, 30.528953 ], [ -97.785837, 30.528922 ], [ -97.78607, 30.528836 ], [ -97.786271, 30.528758 ], [ -97.786451, 30.52868 ], [ -97.786671, 30.528587 ], [ -97.787015, 30.528453 ], [ -97.787363, 30.528299 ], [ -97.787715, 30.528184 ], [ -97.788036, 30.528116 ], [ -97.788333, 30.528042 ], [ -97.788527, 30.527991 ], [ -97.788965, 30.527898 ], [ -97.78952, 30.527788 ], [ -97.789822, 30.527757 ], [ -97.78998, 30.527752 ], [ -97.789907, 30.52728 ], [ -97.789889, 30.52706 ], [ -97.789923, 30.526808 ], [ -97.790027, 30.526353 ], [ -97.790184, 30.525883 ], [ -97.790335, 30.52545 ], [ -97.790545, 30.524757 ], [ -97.790687, 30.524355 ], [ -97.790777, 30.524053 ], [ -97.790999, 30.523058 ], [ -97.790985, 30.5228 ], [ -97.790949, 30.522568 ], [ -97.790861, 30.52229 ], [ -97.790763, 30.521816 ], [ -97.790684, 30.521396 ], [ -97.79049, 30.520692 ], [ -97.790302, 30.519971 ], [ -97.79017, 30.519288 ], [ -97.789994, 30.518602 ], [ -97.789769, 30.517675 ], [ -97.79052, 30.517546 ], [ -97.790852, 30.517472 ], [ -97.791283, 30.517349 ], [ -97.791706, 30.517223 ], [ -97.793719, 30.516587 ], [ -97.793947, 30.516516 ], [ -97.79432, 30.5164 ], [ -97.794433, 30.516597 ], [ -97.794458, 30.516656 ], [ -97.794657, 30.517124 ], [ -97.794965, 30.517832 ], [ -97.795108, 30.518174 ], [ -97.795173, 30.518328 ], [ -97.795266, 30.518512 ], [ -97.795353, 30.518659 ], [ -97.795427, 30.518771 ], [ -97.795512, 30.518863 ], [ -97.795575, 30.518931 ], [ -97.795625, 30.518985 ], [ -97.795753, 30.519198 ], [ -97.795771, 30.519235 ], [ -97.795888, 30.519478 ], [ -97.795946, 30.519627 ], [ -97.79603, 30.519843 ], [ -97.796072, 30.519944 ], [ -97.796115, 30.520047 ], [ -97.796202, 30.520258 ], [ -97.796254, 30.520401 ], [ -97.794741, 30.520863 ], [ -97.794806, 30.520994 ], [ -97.794863, 30.521139 ], [ -97.794956, 30.521382 ], [ -97.795067, 30.521634 ], [ -97.795209, 30.521993 ], [ -97.795368, 30.522381 ], [ -97.795627, 30.523017 ], [ -97.795674, 30.523132 ], [ -97.795841, 30.523541 ], [ -97.795941, 30.523789 ], [ -97.796105, 30.52398 ], [ -97.796176, 30.524063 ], [ -97.796684, 30.525359 ], [ -97.796788, 30.525553 ], [ -97.796993, 30.525707 ], [ -97.797262, 30.525757 ], [ -97.797368, 30.525778 ], [ -97.798146, 30.525934 ], [ -97.798168, 30.525493 ], [ -97.798206, 30.525367 ], [ -97.79832, 30.525196 ], [ -97.798441, 30.524745 ], [ -97.798505, 30.524531 ], [ -97.79867, 30.524294 ], [ -97.798975, 30.524113 ], [ -97.799273, 30.524014 ], [ -97.799674, 30.523926 ], [ -97.799826, 30.523844 ], [ -97.799979, 30.523822 ], [ -97.800181, 30.523843 ], [ -97.801001, 30.523932 ], [ -97.801094, 30.523949 ], [ -97.801237, 30.523976 ], [ -97.801478, 30.524003 ], [ -97.801675, 30.524036 ], [ -97.802082, 30.523992 ], [ -97.802399, 30.523937 ], [ -97.802596, 30.523871 ], [ -97.802736, 30.523805 ], [ -97.802838, 30.52375 ], [ -97.802946, 30.523673 ], [ -97.803015, 30.523574 ], [ -97.803263, 30.523321 ], [ -97.803352, 30.523195 ], [ -97.80355, 30.523055 ], [ -97.803569, 30.523043 ], [ -97.803689, 30.522986 ], [ -97.803784, 30.522975 ], [ -97.803892, 30.523008 ], [ -97.804191, 30.523167 ], [ -97.804464, 30.523272 ], [ -97.804648, 30.523338 ], [ -97.804852, 30.523376 ], [ -97.80504, 30.523381 ], [ -97.805264, 30.523388 ], [ -97.805843, 30.523371 ], [ -97.806345, 30.523256 ], [ -97.806516, 30.523201 ], [ -97.806669, 30.523091 ], [ -97.806732, 30.523019 ], [ -97.806776, 30.52297 ], [ -97.806993, 30.522678 ], [ -97.807107, 30.522612 ], [ -97.807159, 30.522598 ], [ -97.807272, 30.522568 ], [ -97.807539, 30.52248 ], [ -97.807812, 30.522359 ], [ -97.808066, 30.52215 ], [ -97.808193, 30.521996 ], [ -97.808263, 30.521875 ], [ -97.808327, 30.521826 ], [ -97.808365, 30.52182 ], [ -97.80839, 30.52182 ], [ -97.808498, 30.521892 ], [ -97.808733, 30.521974 ], [ -97.808873, 30.522057 ], [ -97.809, 30.522079 ], [ -97.809102, 30.522046 ], [ -97.809216, 30.521969 ], [ -97.809286, 30.521897 ], [ -97.809356, 30.521848 ], [ -97.809496, 30.521776 ], [ -97.809655, 30.521754 ], [ -97.810137, 30.521886 ], [ -97.810243, 30.521939 ], [ -97.810303, 30.521969 ], [ -97.810423, 30.52204 ], [ -97.810538, 30.522161 ], [ -97.810715, 30.52226 ], [ -97.810804, 30.522359 ], [ -97.810893, 30.522409 ], [ -97.810995, 30.522414 ], [ -97.811103, 30.522387 ], [ -97.811173, 30.522359 ], [ -97.81137, 30.522134 ], [ -97.811427, 30.522139 ], [ -97.811554, 30.522057 ], [ -97.811643, 30.521963 ], [ -97.811732, 30.521848 ], [ -97.811834, 30.521754 ], [ -97.811961, 30.521716 ], [ -97.812075, 30.521716 ], [ -97.812374, 30.521809 ], [ -97.81259, 30.521903 ], [ -97.812844, 30.522046 ], [ -97.81332, 30.522282 ], [ -97.813638, 30.522464 ], [ -97.813811, 30.522604 ], [ -97.814133, 30.522865 ], [ -97.814597, 30.523261 ], [ -97.814651, 30.523407 ], [ -97.814921, 30.523569 ], [ -97.815017, 30.523646 ], [ -97.815126, 30.523706 ], [ -97.815188, 30.52374 ], [ -97.815327, 30.52379 ], [ -97.815441, 30.524532 ], [ -97.815699, 30.525409 ] ] ] } },
{ "type": "Feature", "properties": { "GEOID": "484910202072", "NAME": "Block Group 2; Census Tract 202.07; Williamson County; Texas", "state": "48", "county": "491", "tract": "020207", "block group": "2", "population": 1463.0, "population_moe": 625.0, "area_sq_miles": 2.7284606732767882, "population_density": 536.19977532715802, "under5": 1.0, "under5_moe": 17.4928556845359, "under18": 370.0, "under18_moe": 220.46995260125584, "age18_64": 796.0, "age18_64_moe": 263.17484682241195, "age65plus": 297.0, "age65plus_moe": 137.41542853697325, "civilian_noninstitutionalized_population": 1463.0, "civilian_noninstitutionalized_population_moe": 625.0, "uninsured": 41.0, "uninsured_moe": 48.703182647543684, "uninsured_pct": 2.8024606971975392, "disability_population_base": "<NA>", "disability_population_base_moe": "<NA>", "disability": null, "disability_moe": "<NA>", "disability_pct": null, "poverty_population_base": 1463.0, "poverty_population_base_moe": 625.0, "poverty": 45.0, "poverty_moe": 53.160135440008048, "poverty_pct": 3.0758714969241283, "median_household_income": "197530.0", "median_household_income_moe": "40995.0", "per_capita_income": 64385.0, "per_capita_income_moe": 11242.0, "households": "<NA>", "households_moe": "<NA>", "no_vehicle_households": "<NA>", "no_vehicle_households_moe": "<NA>", "no_vehicle_pct": null, "youth_population_pct": 25.290498974709504, "senior_population_pct": 20.300751879699249, "healthcare_need_score": 24.648731219260455, "healthcare_need_notes": "Relative index averaging min-max normalized uninsured_pct, disability_pct, poverty_pct, no_vehicle_pct, youth_population_pct, and senior_population_pct within the retained Liberty Hill study-area block groups.", "uninsured_pct_numerator": "uninsured", "uninsured_pct_denominator": "civilian_noninstitutionalized_population", "disability_pct_numerator": "disability", "disability_pct_denominator": "disability_population_base", "poverty_pct_numerator": "poverty", "poverty_pct_denominator": "poverty_population_base", "no_vehicle_pct_numerator": "no_vehicle_households", "no_vehicle_pct_denominator": "households", "youth_population_pct_numerator": "under18", "youth_population_pct_denominator": "population", "senior_population_pct_numerator": "age65plus", "senior_population_pct_denominator": "population", "intersects_liberty_hill_city": true, "nearest_any_medical_miles": 2.1543635719221346, "nearest_primary_care_miles": 2.5374926319352342, "nearest_urgent_care_miles": 2.1543635719221346, "nearest_hospital_miles": 12.671285969302597, "nearest_emergency_miles": 7.5374010485696017, "nearest_primary_care_minutes": null, "nearest_urgent_care_minutes": null, "nearest_hospital_minutes": null, "nearest_emergency_minutes": null, "healthcare_access_measure": "Straight-line distance", "healthcare_access_distance_band": "1-3 miles" }, "geometry": { "type": "Polygon", "coordinates": [ [ [ -97.936605, 30.68855 ], [ -97.93655, 30.688931 ], [ -97.936451, 30.689262 ], [ -97.936306, 30.689618 ], [ -97.936137, 30.69004 ], [ -97.935886, 30.690547 ], [ -97.935815, 30.69069 ], [ -97.935609, 30.691215 ], [ -97.9352, 30.692168 ], [ -97.934853, 30.692877 ], [ -97.934779, 30.693009 ], [ -97.934474, 30.693555 ], [ -97.934383, 30.693726 ], [ -97.934117, 30.694224 ], [ -97.933676, 30.695088 ], [ -97.933424, 30.695479 ], [ -97.93293, 30.696417 ], [ -97.931991, 30.698209 ], [ -97.931621, 30.698972 ], [ -97.931474, 30.699249 ], [ -97.931204, 30.699808 ], [ -97.93084, 30.700516 ], [ -97.930753, 30.700685 ], [ -97.930642, 30.70089 ], [ -97.930542, 30.701077 ], [ -97.930379, 30.701396 ], [ -97.930115, 30.701913 ], [ -97.929941, 30.702245 ], [ -97.929451, 30.703206 ], [ -97.929151, 30.703833 ], [ -97.929052, 30.704048 ], [ -97.92896, 30.704246 ], [ -97.928793, 30.704659 ], [ -97.927357, 30.704149 ], [ -97.925451, 30.703472 ], [ -97.920802, 30.701819 ], [ -97.916769, 30.700378 ], [ -97.916636, 30.700488 ], [ -97.916502, 30.700538 ], [ -97.916305, 30.700653 ], [ -97.915694, 30.700691 ], [ -97.915528, 30.700686 ], [ -97.915324, 30.700812 ], [ -97.915277, 30.700903 ], [ -97.915201, 30.700916 ], [ -97.915189, 30.701024 ], [ -97.915108, 30.701043 ], [ -97.91507, 30.701153 ], [ -97.915114, 30.701208 ], [ -97.915223, 30.701269 ], [ -97.915242, 30.701296 ], [ -97.915242, 30.701329 ], [ -97.915216, 30.701373 ], [ -97.915159, 30.701412 ], [ -97.915019, 30.701472 ], [ -97.914968, 30.701511 ], [ -97.914917, 30.701593 ], [ -97.914866, 30.701648 ], [ -97.914821, 30.701681 ], [ -97.914751, 30.701692 ], [ -97.914707, 30.701687 ], [ -97.914656, 30.701659 ], [ -97.914605, 30.701648 ], [ -97.914529, 30.701687 ], [ -97.91449, 30.701753 ], [ -97.914484, 30.701808 ], [ -97.914465, 30.701846 ], [ -97.914287, 30.702077 ], [ -97.914217, 30.702176 ], [ -97.914172, 30.702259 ], [ -97.914146, 30.70238 ], [ -97.914172, 30.70244 ], [ -97.914191, 30.702561 ], [ -97.914083, 30.702671 ], [ -97.914045, 30.702743 ], [ -97.913873, 30.702974 ], [ -97.913784, 30.70304 ], [ -97.913656, 30.703117 ], [ -97.913198, 30.703336 ], [ -97.913083, 30.703408 ], [ -97.912867, 30.703587 ], [ -97.912759, 30.703677 ], [ -97.912587, 30.703853 ], [ -97.912498, 30.70393 ], [ -97.912256, 30.704117 ], [ -97.911791, 30.704552 ], [ -97.911676, 30.704634 ], [ -97.911415, 30.704788 ], [ -97.911212, 30.704882 ], [ -97.910919, 30.704981 ], [ -97.910537, 30.705096 ], [ -97.910448, 30.705162 ], [ -97.910384, 30.705244 ], [ -97.910352, 30.705349 ], [ -97.910333, 30.705525 ], [ -97.910352, 30.705695 ], [ -97.910352, 30.705794 ], [ -97.91032, 30.705998 ], [ -97.910282, 30.706135 ], [ -97.910148, 30.706372 ], [ -97.909951, 30.706592 ], [ -97.909849, 30.706724 ], [ -97.909676, 30.707007 ], [ -97.90962, 30.707098 ], [ -97.909537, 30.707175 ], [ -97.909416, 30.707246 ], [ -97.909301, 30.707296 ], [ -97.90919, 30.707319 ], [ -97.909133, 30.707229 ], [ -97.909046, 30.707071 ], [ -97.908982, 30.706923 ], [ -97.908762, 30.706339 ], [ -97.908679, 30.706119 ], [ -97.908614, 30.705946 ], [ -97.908369, 30.705382 ], [ -97.907613, 30.703613 ], [ -97.907421, 30.70312 ], [ -97.906969, 30.701996 ], [ -97.906602, 30.701111 ], [ -97.906499, 30.700776 ], [ -97.906488, 30.700723 ], [ -97.90648, 30.700642 ], [ -97.906478, 30.700562 ], [ -97.906497, 30.700354 ], [ -97.90672, 30.699848 ], [ -97.907743, 30.698779 ], [ -97.908564, 30.697946 ], [ -97.909961, 30.696525 ], [ -97.910206, 30.696213 ], [ -97.910884, 30.695086 ], [ -97.912125, 30.692988 ], [ -97.91294, 30.691647 ], [ -97.9133, 30.690969 ], [ -97.91348, 30.690376 ], [ -97.913757, 30.689615 ], [ -97.913816, 30.688968 ], [ -97.913782, 30.688444 ], [ -97.913694, 30.687747 ], [ -97.913579, 30.686832 ], [ -97.913482, 30.686116 ], [ -97.913284, 30.684661 ], [ -97.913258, 30.684461 ], [ -97.913068, 30.683007 ], [ -97.913006, 30.68253 ], [ -97.912688, 30.680143 ], [ -97.912622, 30.679915 ], [ -97.912371, 30.679302 ], [ -97.912233, 30.67899 ], [ -97.911135, 30.676459 ], [ -97.91101, 30.675769 ], [ -97.911082, 30.675134 ], [ -97.911243, 30.674702 ], [ -97.911528, 30.674229 ], [ -97.911742, 30.673878 ], [ -97.912916, 30.671969 ], [ -97.913264, 30.671413 ], [ -97.91354, 30.670974 ], [ -97.913618, 30.670848 ], [ -97.91376, 30.670619 ], [ -97.913789, 30.670575 ], [ -97.913862, 30.670458 ], [ -97.914151, 30.669996 ], [ -97.914332, 30.6695 ], [ -97.914497, 30.669584 ], [ -97.914924, 30.6698 ], [ -97.915592, 30.670138 ], [ -97.916259, 30.670477 ], [ -97.91759, 30.671152 ], [ -97.918564, 30.671712 ], [ -97.920333, 30.672527 ], [ -97.920385, 30.672554 ], [ -97.921493, 30.673132 ], [ -97.921628, 30.673202 ], [ -97.922856, 30.673824 ], [ -97.923382, 30.674086 ], [ -97.923706, 30.674264 ], [ -97.923744, 30.674283 ], [ -97.924258, 30.674531 ], [ -97.92488, 30.674779 ], [ -97.925111, 30.674841 ], [ -97.925541, 30.674958 ], [ -97.925843, 30.675033 ], [ -97.926292, 30.675126 ], [ -97.926867, 30.675201 ], [ -97.927469, 30.675217 ], [ -97.927851, 30.675221 ], [ -97.928409, 30.675183 ], [ -97.928969, 30.67512 ], [ -97.93014, 30.674948 ], [ -97.931076, 30.674811 ], [ -97.931948, 30.674691 ], [ -97.932264, 30.675781 ], [ -97.932434, 30.676368 ], [ -97.932486, 30.67655 ], [ -97.932511, 30.676634 ], [ -97.932813, 30.677678 ], [ -97.933559, 30.680255 ], [ -97.933737, 30.680984 ], [ -97.933795, 30.681223 ], [ -97.933883, 30.68155 ], [ -97.934013, 30.68199 ], [ -97.934149, 30.682481 ], [ -97.934209, 30.682696 ], [ -97.934333, 30.683085 ], [ -97.934723, 30.684019 ], [ -97.934911, 30.684446 ], [ -97.935045, 30.68475 ], [ -97.935302, 30.685322 ], [ -97.93556, 30.685935 ], [ -97.93583, 30.686469 ], [ -97.935957, 30.686756 ], [ -97.936022, 30.686903 ], [ -97.936141, 30.687151 ], [ -97.936408, 30.687821 ], [ -97.936596, 30.688452 ], [ -97.936605, 30.68855 ] ] ] } },
{ "type": "Feature", "properties": { "GEOID": "484910202061", "NAME": "Block Group 1; Census Tract 202.06; Williamson County; Texas", "state": "48", "county": "491", "tract": "020206", "block group": "1", "population": 1247.0, "population_moe": 337.0, "area_sq_miles": 29.674767389585281, "population_density": 42.022233354983257, "under5": 127.0, "under5_moe": 94.403389769647575, "under18": 365.0, "under18_moe": 130.93127968518448, "age18_64": 751.0, "age18_64_moe": 184.03532269648673, "age65plus": 131.0, "age65plus_moe": 57.078892771321343, "civilian_noninstitutionalized_population": 1247.0, "civilian_noninstitutionalized_population_moe": 337.0, "uninsured": 223.0, "uninsured_moe": 114.1052146047673, "uninsured_pct": 17.882919005613473, "disability_population_base": "<NA>", "disability_population_base_moe": "<NA>", "disability": null, "disability_moe": "<NA>", "disability_pct": null, "poverty_population_base": 1247.0, "poverty_population_base_moe": 337.0, "poverty": 152.0, "poverty_moe": 156.72268502038881, "poverty_pct": 12.18925421010425, "median_household_income": "69375.0", "median_household_income_moe": "12337.0", "per_capita_income": 31840.0, "per_capita_income_moe": 7283.0, "households": "<NA>", "households_moe": "<NA>", "no_vehicle_households": "<NA>", "no_vehicle_households_moe": "<NA>", "no_vehicle_pct": null, "youth_population_pct": 29.270248596631916, "senior_population_pct": 10.505212510024057, "healthcare_need_score": 41.364547761579558, "healthcare_need_notes": "Relative index averaging min-max normalized uninsured_pct, disability_pct, poverty_pct, no_vehicle_pct, youth_population_pct, and senior_population_pct within the retained Liberty Hill study-area block groups.", "uninsured_pct_numerator": "uninsured", "uninsured_pct_denominator": "civilian_noninstitutionalized_population", "disability_pct_numerator": "disability", "disability_pct_denominator": "disability_population_base", "poverty_pct_numerator": "poverty", "poverty_pct_denominator": "poverty_population_base", "no_vehicle_pct_numerator": "no_vehicle_households", "no_vehicle_pct_denominator": "households", "youth_population_pct_numerator": "under18", "youth_population_pct_denominator": "population", "senior_population_pct_numerator": "age65plus", "senior_population_pct_denominator": "population", "intersects_liberty_hill_city": false, "nearest_any_medical_miles": 10.53234114504423, "nearest_primary_care_miles": 10.53234114504423, "nearest_urgent_care_miles": 12.739361262325634, "nearest_hospital_miles": 16.242969426398492, "nearest_emergency_miles": 16.540109304063233, "nearest_primary_care_minutes": null, "nearest_urgent_care_minutes": null, "nearest_hospital_minutes": null, "nearest_emergency_minutes": null, "healthcare_access_measure": "Straight-line distance", "healthcare_access_distance_band": "10+ miles" }, "geometry": { "type": "Polygon", "coordinates": [ [ [ -97.879144, 30.859907 ], [ -97.878446, 30.860552 ], [ -97.878317, 30.860436 ], [ -97.876503, 30.862003 ], [ -97.874915, 30.863381 ], [ -97.874816, 30.863467 ], [ -97.873681, 30.864465 ], [ -97.873585, 30.86455 ], [ -97.873172, 30.864913 ], [ -97.869748, 30.867924 ], [ -97.866809, 30.870504 ], [ -97.866604, 30.870684 ], [ -97.865525, 30.871631 ], [ -97.859937, 30.876535 ], [ -97.85893, 30.87742 ], [ -97.858203, 30.878056 ], [ -97.857594, 30.878589 ], [ -97.856948, 30.879155 ], [ -97.856638, 30.879426 ], [ -97.855498, 30.880424 ], [ -97.855474, 30.880445 ], [ -97.8554, 30.880509 ], [ -97.855364, 30.880541 ], [ -97.854759, 30.881071 ], [ -97.852735, 30.882843 ], [ -97.851751, 30.883704 ], [ -97.851712, 30.883738 ], [ -97.851388, 30.884021 ], [ -97.847675, 30.887263 ], [ -97.84726, 30.887625 ], [ -97.847085, 30.887778 ], [ -97.846839, 30.887993 ], [ -97.846689, 30.888124 ], [ -97.846592, 30.88821 ], [ -97.846269, 30.888493 ], [ -97.845294, 30.88935 ], [ -97.844992, 30.889614 ], [ -97.842496, 30.891811 ], [ -97.838606, 30.895231 ], [ -97.836045, 30.897484 ], [ -97.833819, 30.899441 ], [ -97.833424, 30.899785 ], [ -97.831208, 30.901712 ], [ -97.831116, 30.901792 ], [ -97.830515, 30.902315 ], [ -97.830286, 30.902514 ], [ -97.829511, 30.903188 ], [ -97.8281, 30.904414 ], [ -97.826781, 30.904188 ], [ -97.825902, 30.904038 ], [ -97.824556, 30.903808 ], [ -97.8239, 30.903696 ], [ -97.821247, 30.903241 ], [ -97.820843, 30.903172 ], [ -97.820224, 30.903065 ], [ -97.818216, 30.902721 ], [ -97.817702, 30.902633 ], [ -97.814982, 30.902163 ], [ -97.812817, 30.901788 ], [ -97.811965, 30.90164 ], [ -97.810899, 30.901456 ], [ -97.807924, 30.900942 ], [ -97.80732, 30.900837 ], [ -97.806132, 30.900631 ], [ -97.805926, 30.900596 ], [ -97.801261, 30.899788 ], [ -97.800749, 30.8997 ], [ -97.800349, 30.89963 ], [ -97.800271, 30.898832 ], [ -97.800264, 30.898366 ], [ -97.800312, 30.897649 ], [ -97.80044, 30.896688 ], [ -97.800681, 30.894916 ], [ -97.801098, 30.891687 ], [ -97.801178, 30.891115 ], [ -97.801299, 30.890213 ], [ -97.801316, 30.890082 ], [ -97.801334, 30.889948 ], [ -97.801485, 30.888809 ], [ -97.801494, 30.888744 ], [ -97.801504, 30.888669 ], [ -97.801604, 30.887669 ], [ -97.801622, 30.887209 ], [ -97.801627, 30.886923 ], [ -97.801622, 30.886494 ], [ -97.801595, 30.886101 ], [ -97.801577, 30.885954 ], [ -97.80151, 30.885462 ], [ -97.801408, 30.884921 ], [ -97.801305, 30.884479 ], [ -97.801068, 30.883773 ], [ -97.800407, 30.882536 ], [ -97.800027, 30.881964 ], [ -97.798573, 30.880226 ], [ -97.798064, 30.879625 ], [ -97.79788, 30.879346 ], [ -97.797773, 30.879147 ], [ -97.797632, 30.87885 ], [ -97.797567, 30.878688 ], [ -97.797432, 30.878237 ], [ -97.79737, 30.87789 ], [ -97.797356, 30.877654 ], [ -97.79737, 30.877216 ], [ -97.797425, 30.876849 ], [ -97.797543, 30.876404 ], [ -97.797749, 30.875909 ], [ -97.797838, 30.875696 ], [ -97.797936, 30.875472 ], [ -97.798427, 30.874355 ], [ -97.798972, 30.873133 ], [ -97.799396, 30.87218 ], [ -97.799925, 30.870996 ], [ -97.799949, 30.870944 ], [ -97.800013, 30.870796 ], [ -97.800279, 30.870186 ], [ -97.800624, 30.869355 ], [ -97.801028, 30.868167 ], [ -97.802598, 30.86337 ], [ -97.802945, 30.862293 ], [ -97.803029, 30.862033 ], [ -97.803129, 30.861696 ], [ -97.803205, 30.861354 ], [ -97.803258, 30.861008 ], [ -97.803286, 30.860661 ], [ -97.803297, 30.860355 ], [ -97.803289, 30.860055 ], [ -97.803239, 30.859597 ], [ -97.803187, 30.859262 ], [ -97.80312, 30.858986 ], [ -97.802791, 30.857811 ], [ -97.802692, 30.857488 ], [ -97.802663, 30.857394 ], [ -97.802562, 30.857116 ], [ -97.802375, 30.856661 ], [ -97.802154, 30.856235 ], [ -97.801322, 30.854752 ], [ -97.801275, 30.854666 ], [ -97.800869, 30.853921 ], [ -97.800786, 30.853779 ], [ -97.800682, 30.853631 ], [ -97.800559, 30.853478 ], [ -97.80039, 30.853293 ], [ -97.800159, 30.85306 ], [ -97.799491, 30.852469 ], [ -97.799269, 30.852245 ], [ -97.798838, 30.851762 ], [ -97.798531, 30.851386 ], [ -97.79826, 30.851014 ], [ -97.798032, 30.850662 ], [ -97.79781, 30.850272 ], [ -97.797557, 30.84979 ], [ -97.797363, 30.849337 ], [ -97.797201, 30.848935 ], [ -97.796667, 30.847572 ], [ -97.796325, 30.846725 ], [ -97.795959, 30.84588 ], [ -97.795261, 30.844278 ], [ -97.794757, 30.843099 ], [ -97.794476, 30.842442 ], [ -97.794153, 30.8417 ], [ -97.794147, 30.841684 ], [ -97.793995, 30.841308 ], [ -97.793892, 30.841 ], [ -97.79376, 30.840517 ], [ -97.793645, 30.840137 ], [ -97.793422, 30.839355 ], [ -97.79324, 30.838708 ], [ -97.793004, 30.837929 ], [ -97.792868, 30.837565 ], [ -97.792713, 30.837208 ], [ -97.792536, 30.836858 ], [ -97.792342, 30.836515 ], [ -97.791998, 30.836036 ], [ -97.791606, 30.835527 ], [ -97.791373, 30.835241 ], [ -97.791287, 30.835136 ], [ -97.790758, 30.834497 ], [ -97.790387, 30.834023 ], [ -97.790192, 30.833774 ], [ -97.790012, 30.83353 ], [ -97.78981, 30.833287 ], [ -97.788843, 30.832118 ], [ -97.788686, 30.831921 ], [ -97.787219, 30.830077 ], [ -97.786777, 30.829521 ], [ -97.784855, 30.827113 ], [ -97.78344, 30.825308 ], [ -97.783079, 30.824922 ], [ -97.782394, 30.824294 ], [ -97.782135, 30.824111 ], [ -97.781749, 30.823873 ], [ -97.781479, 30.823728 ], [ -97.781091, 30.823519 ], [ -97.780836, 30.823382 ], [ -97.780366, 30.823045 ], [ -97.77998, 30.822722 ], [ -97.779545, 30.822273 ], [ -97.779229, 30.821873 ], [ -97.778977, 30.821459 ], [ -97.778745, 30.82101 ], [ -97.778549, 30.820483 ], [ -97.777738, 30.818019 ], [ -97.777614, 30.817856 ], [ -97.77741, 30.817599 ], [ -97.777389, 30.817571 ], [ -97.773629, 30.812885 ], [ -97.772857, 30.811747 ], [ -97.772662, 30.811435 ], [ -97.771991, 30.809847 ], [ -97.77147, 30.808615 ], [ -97.770744, 30.806923 ], [ -97.770031, 30.805233 ], [ -97.769326, 30.803583 ], [ -97.769122, 30.803088 ], [ -97.768796, 30.802267 ], [ -97.768617, 30.801751 ], [ -97.768485, 30.801326 ], [ -97.768327, 30.800759 ], [ -97.768195, 30.800187 ], [ -97.76787, 30.79886 ], [ -97.766718, 30.793898 ], [ -97.766161, 30.792136 ], [ -97.765442, 30.790242 ], [ -97.764847, 30.788855 ], [ -97.764655, 30.788909 ], [ -97.764376, 30.78893 ], [ -97.764046, 30.788848 ], [ -97.763684, 30.788631 ], [ -97.763385, 30.788094 ], [ -97.762672, 30.786349 ], [ -97.762109, 30.785093 ], [ -97.761576, 30.784412 ], [ -97.761305, 30.784081 ], [ -97.760908, 30.783606 ], [ -97.760852, 30.783536 ], [ -97.7601, 30.782603 ], [ -97.759682, 30.782111 ], [ -97.759633, 30.782053 ], [ -97.75923, 30.781542 ], [ -97.758759, 30.780973 ], [ -97.757901, 30.779936 ], [ -97.757527, 30.77947 ], [ -97.756676, 30.778431 ], [ -97.756112, 30.777715 ], [ -97.755906, 30.777453 ], [ -97.755661, 30.777113 ], [ -97.755479, 30.776837 ], [ -97.755321, 30.776548 ], [ -97.75508, 30.776029 ], [ -97.755029, 30.775919 ], [ -97.754791, 30.775342 ], [ -97.754692, 30.775102 ], [ -97.754403, 30.774437 ], [ -97.75425, 30.774145 ], [ -97.754086, 30.773883 ], [ -97.75372, 30.773382 ], [ -97.753663, 30.773311 ], [ -97.753301, 30.772863 ], [ -97.753822, 30.772527 ], [ -97.75435, 30.772211 ], [ -97.755577, 30.77146 ], [ -97.756003, 30.771206 ], [ -97.756666, 30.770809 ], [ -97.757004, 30.770607 ], [ -97.757871, 30.770089 ], [ -97.757908, 30.770062 ], [ -97.757937, 30.77003 ], [ -97.757966, 30.769973 ], [ -97.757973, 30.769932 ], [ -97.757972, 30.769891 ], [ -97.757959, 30.769851 ], [ -97.757538, 30.768868 ], [ -97.757161, 30.768017 ], [ -97.756529, 30.766459 ], [ -97.756155, 30.765505 ], [ -97.755865, 30.764812 ], [ -97.755797, 30.764541 ], [ -97.755907, 30.764483 ], [ -97.756066, 30.764384 ], [ -97.756213, 30.764346 ], [ -97.75662, 30.764363 ], [ -97.756811, 30.76439 ], [ -97.757308, 30.764512 ], [ -97.757607, 30.764605 ], [ -97.757907, 30.764721 ], [ -97.758308, 30.764891 ], [ -97.759537, 30.765365 ], [ -97.76004, 30.765657 ], [ -97.760218, 30.765833 ], [ -97.760364, 30.765954 ], [ -97.760632, 30.766124 ], [ -97.760657, 30.76624 ], [ -97.760657, 30.766311 ], [ -97.760727, 30.766383 ], [ -97.760804, 30.766493 ], [ -97.760848, 30.766575 ], [ -97.760918, 30.766966 ], [ -97.760931, 30.767098 ], [ -97.760835, 30.767197 ], [ -97.760778, 30.76729 ], [ -97.760695, 30.767494 ], [ -97.760682, 30.767686 ], [ -97.760758, 30.76778 ], [ -97.760879, 30.768005 ], [ -97.761007, 30.76811 ], [ -97.761318, 30.768319 ], [ -97.761433, 30.768402 ], [ -97.761516, 30.768534 ], [ -97.761509, 30.768913 ], [ -97.761573, 30.769018 ], [ -97.761808, 30.769172 ], [ -97.762152, 30.769436 ], [ -97.762375, 30.769474 ], [ -97.762522, 30.76954 ], [ -97.762649, 30.769585 ], [ -97.762725, 30.769651 ], [ -97.762757, 30.769728 ], [ -97.76277, 30.76981 ], [ -97.76277, 30.76992 ], [ -97.762681, 30.770096 ], [ -97.762681, 30.770173 ], [ -97.762738, 30.770245 ], [ -97.763158, 30.770421 ], [ -97.763285, 30.770492 ], [ -97.763438, 30.770542 ], [ -97.763642, 30.770602 ], [ -97.763801, 30.770624 ], [ -97.763948, 30.77063 ], [ -97.764209, 30.770575 ], [ -97.764292, 30.770476 ], [ -97.764585, 30.770201 ], [ -97.764751, 30.770025 ], [ -97.764827, 30.769921 ], [ -97.764974, 30.769822 ], [ -97.765126, 30.76974 ], [ -97.765248, 30.769657 ], [ -97.765362, 30.769608 ], [ -97.765547, 30.769558 ], [ -97.765738, 30.769564 ], [ -97.765986, 30.76952 ], [ -97.766292, 30.769316 ], [ -97.76642, 30.769289 ], [ -97.766643, 30.769218 ], [ -97.766948, 30.769152 ], [ -97.767286, 30.769229 ], [ -97.767502, 30.769267 ], [ -97.767598, 30.769273 ], [ -97.767764, 30.769322 ], [ -97.768082, 30.769554 ], [ -97.768254, 30.769559 ], [ -97.768458, 30.769548 ], [ -97.768655, 30.769493 ], [ -97.768776, 30.769482 ], [ -97.769012, 30.769405 ], [ -97.769126, 30.769345 ], [ -97.769254, 30.769235 ], [ -97.769292, 30.76918 ], [ -97.769235, 30.769147 ], [ -97.769222, 30.769108 ], [ -97.769273, 30.76907 ], [ -97.769369, 30.769037 ], [ -97.769483, 30.768977 ], [ -97.769655, 30.768905 ], [ -97.769974, 30.768817 ], [ -97.770337, 30.76879 ], [ -97.770624, 30.768718 ], [ -97.770827, 30.768559 ], [ -97.770891, 30.768444 ], [ -97.77114, 30.767888 ], [ -97.771286, 30.767718 ], [ -97.771401, 30.767619 ], [ -97.771509, 30.767558 ], [ -97.771605, 30.76752 ], [ -97.771949, 30.767487 ], [ -97.772261, 30.767487 ], [ -97.772751, 30.767443 ], [ -97.773127, 30.767449 ], [ -97.774, 30.767515 ], [ -97.774337, 30.767625 ], [ -97.77442, 30.767763 ], [ -97.774509, 30.76806 ], [ -97.774674, 30.768401 ], [ -97.774687, 30.768533 ], [ -97.774719, 30.768654 ], [ -97.774763, 30.768709 ], [ -97.774859, 30.768775 ], [ -97.775101, 30.768813 ], [ -97.775655, 30.768923 ], [ -97.775935, 30.768946 ], [ -97.776209, 30.768918 ], [ -97.776458, 30.768869 ], [ -97.776725, 30.76883 ], [ -97.777311, 30.769067 ], [ -97.777922, 30.769419 ], [ -97.778075, 30.769573 ], [ -97.778234, 30.769749 ], [ -97.778291, 30.769887 ], [ -97.7784, 30.770453 ], [ -97.778444, 30.770547 ], [ -97.77847, 30.770673 ], [ -97.778629, 30.77075 ], [ -97.778826, 30.770783 ], [ -97.77924, 30.770877 ], [ -97.779495, 30.770888 ], [ -97.779794, 30.771031 ], [ -97.779934, 30.771163 ], [ -97.780157, 30.771515 ], [ -97.780176, 30.771587 ], [ -97.780297, 30.771763 ], [ -97.780673, 30.772148 ], [ -97.780832, 30.772428 ], [ -97.780985, 30.772577 ], [ -97.781189, 30.772725 ], [ -97.781399, 30.77283 ], [ -97.781857, 30.772929 ], [ -97.78208, 30.772951 ], [ -97.782673, 30.772907 ], [ -97.783291, 30.772632 ], [ -97.783564, 30.7725 ], [ -97.783921, 30.772352 ], [ -97.784246, 30.77227 ], [ -97.784647, 30.772204 ], [ -97.784972, 30.772204 ], [ -97.785214, 30.772281 ], [ -97.785418, 30.772319 ], [ -97.786017, 30.772622 ], [ -97.786717, 30.773112 ], [ -97.786806, 30.773189 ], [ -97.786832, 30.773271 ], [ -97.786902, 30.773337 ], [ -97.786959, 30.773409 ], [ -97.787086, 30.773469 ], [ -97.787411, 30.773486 ], [ -97.78759, 30.773568 ], [ -97.788016, 30.773651 ], [ -97.788188, 30.773651 ], [ -97.788271, 30.773673 ], [ -97.788539, 30.773948 ], [ -97.78866, 30.774195 ], [ -97.788863, 30.774509 ], [ -97.789003, 30.774624 ], [ -97.789131, 30.774691 ], [ -97.789239, 30.774723 ], [ -97.789417, 30.774795 ], [ -97.789717, 30.774823 ], [ -97.79029, 30.774922 ], [ -97.790567, 30.774995 ], [ -97.790598, 30.775007 ], [ -97.790691, 30.775054 ], [ -97.790806, 30.775131 ], [ -97.790901, 30.775252 ], [ -97.790971, 30.775367 ], [ -97.791118, 30.775692 ], [ -97.79122, 30.775994 ], [ -97.791296, 30.776181 ], [ -97.791372, 30.776324 ], [ -97.791583, 30.776621 ], [ -97.791678, 30.776726 ], [ -97.792073, 30.777006 ], [ -97.792181, 30.777006 ], [ -97.7925, 30.776985 ], [ -97.792653, 30.77699 ], [ -97.792825, 30.777023 ], [ -97.793047, 30.777095 ], [ -97.793302, 30.777232 ], [ -97.793391, 30.777271 ], [ -97.793557, 30.777458 ], [ -97.793748, 30.777711 ], [ -97.793933, 30.777925 ], [ -97.794308, 30.778244 ], [ -97.794525, 30.778354 ], [ -97.794697, 30.778481 ], [ -97.794875, 30.778547 ], [ -97.795474, 30.778866 ], [ -97.795831, 30.779014 ], [ -97.796015, 30.77913 ], [ -97.796219, 30.779202 ], [ -97.796319, 30.779245 ], [ -97.796436, 30.779295 ], [ -97.798302, 30.779774 ], [ -97.798378, 30.779796 ], [ -97.79855, 30.779906 ], [ -97.798786, 30.780027 ], [ -97.799328, 30.78039 ], [ -97.799621, 30.780621 ], [ -97.799748, 30.780698 ], [ -97.800073, 30.780808 ], [ -97.800417, 30.78105 ], [ -97.800965, 30.781369 ], [ -97.801003, 30.78138 ], [ -97.801066, 30.781374 ], [ -97.80155, 30.781699 ], [ -97.801793, 30.781991 ], [ -97.80199, 30.782211 ], [ -97.802117, 30.782387 ], [ -97.802175, 30.782519 ], [ -97.802225, 30.782592 ], [ -97.802289, 30.782684 ], [ -97.802468, 30.78286 ], [ -97.802614, 30.783014 ], [ -97.802735, 30.783107 ], [ -97.802869, 30.78319 ], [ -97.802977, 30.783278 ], [ -97.803066, 30.783333 ], [ -97.803264, 30.783492 ], [ -97.803487, 30.783652 ], [ -97.803614, 30.783729 ], [ -97.80371, 30.783762 ], [ -97.803984, 30.783811 ], [ -97.80413, 30.783817 ], [ -97.804232, 30.783839 ], [ -97.804347, 30.783938 ], [ -97.804436, 30.783993 ], [ -97.804512, 30.78402 ], [ -97.804602, 30.784075 ], [ -97.804659, 30.78418 ], [ -97.804659, 30.784229 ], [ -97.804614, 30.784301 ], [ -97.804531, 30.784383 ], [ -97.804493, 30.784504 ], [ -97.804436, 30.784614 ], [ -97.804436, 30.784719 ], [ -97.804391, 30.784983 ], [ -97.804359, 30.785263 ], [ -97.804404, 30.785351 ], [ -97.804544, 30.785527 ], [ -97.804621, 30.785676 ], [ -97.804812, 30.785896 ], [ -97.805003, 30.786072 ], [ -97.805117, 30.786193 ], [ -97.805156, 30.786314 ], [ -97.805245, 30.78644 ], [ -97.805391, 30.786528 ], [ -97.805423, 30.786556 ], [ -97.805493, 30.786567 ], [ -97.805557, 30.786556 ], [ -97.805729, 30.786462 ], [ -97.806315, 30.786325 ], [ -97.806582, 30.786314 ], [ -97.806793, 30.786325 ], [ -97.807264, 30.786451 ], [ -97.807449, 30.786479 ], [ -97.807532, 30.786501 ], [ -97.807869, 30.786468 ], [ -97.808067, 30.786407 ], [ -97.80822, 30.786391 ], [ -97.808404, 30.786385 ], [ -97.808634, 30.786435 ], [ -97.808901, 30.786468 ], [ -97.80908, 30.786506 ], [ -97.809175, 30.786512 ], [ -97.809481, 30.786451 ], [ -97.809602, 30.786435 ], [ -97.809685, 30.786435 ], [ -97.80985, 30.786479 ], [ -97.809895, 30.786501 ], [ -97.809978, 30.786572 ], [ -97.810048, 30.78666 ], [ -97.810131, 30.786792 ], [ -97.810112, 30.787001 ], [ -97.810131, 30.787172 ], [ -97.810156, 30.787397 ], [ -97.81029, 30.787667 ], [ -97.810322, 30.787711 ], [ -97.810443, 30.787782 ], [ -97.810577, 30.787832 ], [ -97.81071, 30.787832 ], [ -97.8108, 30.787815 ], [ -97.811067, 30.787738 ], [ -97.811156, 30.787733 ], [ -97.811297, 30.787777 ], [ -97.811755, 30.78803 ], [ -97.811965, 30.788239 ], [ -97.812188, 30.788426 ], [ -97.812379, 30.788635 ], [ -97.81243, 30.788734 ], [ -97.812622, 30.789014 ], [ -97.812825, 30.789421 ], [ -97.812927, 30.789548 ], [ -97.813036, 30.789597 ], [ -97.813144, 30.789696 ], [ -97.813246, 30.789773 ], [ -97.813507, 30.789867 ], [ -97.813838, 30.790037 ], [ -97.813998, 30.790164 ], [ -97.814106, 30.790285 ], [ -97.814157, 30.790428 ], [ -97.814163, 30.790721 ], [ -97.814176, 30.791297 ], [ -97.81417, 30.791429 ], [ -97.814201, 30.791489 ], [ -97.814495, 30.791715 ], [ -97.814635, 30.791874 ], [ -97.814673, 30.79199 ], [ -97.814826, 30.792166 ], [ -97.81496, 30.792281 ], [ -97.815533, 30.792705 ], [ -97.81624, 30.793304 ], [ -97.816329, 30.793486 ], [ -97.816355, 30.793607 ], [ -97.81654, 30.793761 ], [ -97.816648, 30.793876 ], [ -97.816807, 30.793986 ], [ -97.816986, 30.794157 ], [ -97.817279, 30.794415 ], [ -97.817387, 30.79447 ], [ -97.817578, 30.794657 ], [ -97.817674, 30.794883 ], [ -97.817814, 30.795042 ], [ -97.817999, 30.795152 ], [ -97.818158, 30.795323 ], [ -97.818253, 30.79546 ], [ -97.818355, 30.795576 ], [ -97.818559, 30.795735 ], [ -97.818763, 30.79595 ], [ -97.819107, 30.796274 ], [ -97.819184, 30.796324 ], [ -97.819438, 30.796456 ], [ -97.819904, 30.796687 ], [ -97.819935, 30.796692 ], [ -97.820101, 30.796802 ], [ -97.820146, 30.796896 ], [ -97.820146, 30.79727 ], [ -97.820158, 30.797374 ], [ -97.820197, 30.79749 ], [ -97.820254, 30.797891 ], [ -97.820362, 30.798249 ], [ -97.82042, 30.798529 ], [ -97.820483, 30.798744 ], [ -97.820579, 30.799013 ], [ -97.820936, 30.799899 ], [ -97.820872, 30.800009 ], [ -97.820847, 30.800102 ], [ -97.820758, 30.800256 ], [ -97.820643, 30.800355 ], [ -97.820413, 30.800487 ], [ -97.820057, 30.800619 ], [ -97.819891, 30.800729 ], [ -97.819834, 30.800894 ], [ -97.819815, 30.801059 ], [ -97.819815, 30.801318 ], [ -97.819827, 30.801384 ], [ -97.820121, 30.801922 ], [ -97.820248, 30.802197 ], [ -97.820293, 30.802434 ], [ -97.820363, 30.802715 ], [ -97.82035, 30.803006 ], [ -97.820375, 30.803413 ], [ -97.820363, 30.803479 ], [ -97.820395, 30.803638 ], [ -97.820426, 30.803732 ], [ -97.820541, 30.803864 ], [ -97.820694, 30.804018 ], [ -97.820923, 30.804232 ], [ -97.821102, 30.804452 ], [ -97.821344, 30.804694 ], [ -97.821412, 30.804751 ], [ -97.821631, 30.804936 ], [ -97.821694, 30.80503 ], [ -97.821752, 30.805272 ], [ -97.821822, 30.805332 ], [ -97.821847, 30.805382 ], [ -97.821937, 30.805448 ], [ -97.822045, 30.805486 ], [ -97.822172, 30.805574 ], [ -97.822281, 30.805668 ], [ -97.822351, 30.805767 ], [ -97.822434, 30.805866 ], [ -97.822485, 30.805954 ], [ -97.822599, 30.806091 ], [ -97.82309, 30.806482 ], [ -97.823632, 30.806938 ], [ -97.82381, 30.807175 ], [ -97.823912, 30.807268 ], [ -97.824384, 30.80745 ], [ -97.824619, 30.80751 ], [ -97.824715, 30.807604 ], [ -97.824906, 30.807807 ], [ -97.82497, 30.808005 ], [ -97.825065, 30.808176 ], [ -97.825123, 30.808346 ], [ -97.825511, 30.809314 ], [ -97.825569, 30.809578 ], [ -97.825843, 30.810359 ], [ -97.825971, 30.810645 ], [ -97.826006, 30.810707 ], [ -97.826066, 30.810815 ], [ -97.826079, 30.81087 ], [ -97.826117, 30.810925 ], [ -97.826174, 30.810991 ], [ -97.826264, 30.811024 ], [ -97.826397, 30.811024 ], [ -97.826461, 30.811002 ], [ -97.826659, 30.810876 ], [ -97.826786, 30.810843 ], [ -97.826939, 30.810876 ], [ -97.827162, 30.810986 ], [ -97.82727, 30.811074 ], [ -97.827411, 30.811151 ], [ -97.827653, 30.811393 ], [ -97.827838, 30.811701 ], [ -97.82794, 30.811965 ], [ -97.827965, 30.812146 ], [ -97.827946, 30.812322 ], [ -97.827895, 30.81241 ], [ -97.827697, 30.812625 ], [ -97.827659, 30.812729 ], [ -97.827698, 30.812812 ], [ -97.827723, 30.812911 ], [ -97.827806, 30.813054 ], [ -97.827921, 30.813186 ], [ -97.828035, 30.813224 ], [ -97.828105, 30.813279 ], [ -97.828188, 30.813312 ], [ -97.828316, 30.813395 ], [ -97.828443, 30.813444 ], [ -97.828494, 30.813455 ], [ -97.828583, 30.813499 ], [ -97.82866, 30.81356 ], [ -97.828736, 30.813631 ], [ -97.829023, 30.813972 ], [ -97.829176, 30.814275 ], [ -97.829393, 30.814533 ], [ -97.829769, 30.814747 ], [ -97.830113, 30.814835 ], [ -97.830387, 30.814923 ], [ -97.830597, 30.815 ], [ -97.830693, 30.81505 ], [ -97.830846, 30.815165 ], [ -97.830935, 30.815286 ], [ -97.831101, 30.815457 ], [ -97.831515, 30.81566 ], [ -97.831636, 30.815704 ], [ -97.831712, 30.815776 ], [ -97.831942, 30.815952 ], [ -97.832057, 30.816007 ], [ -97.83221, 30.816117 ], [ -97.832337, 30.816249 ], [ -97.832541, 30.816309 ], [ -97.832681, 30.816331 ], [ -97.832828, 30.816375 ], [ -97.833127, 30.81649 ], [ -97.833433, 30.816622 ], [ -97.833714, 30.816804 ], [ -97.834166, 30.817249 ], [ -97.83423, 30.817326 ], [ -97.834319, 30.817469 ], [ -97.834453, 30.817585 ], [ -97.834542, 30.81764 ], [ -97.835237, 30.817992 ], [ -97.835638, 30.818212 ], [ -97.835798, 30.818283 ], [ -97.835944, 30.818333 ], [ -97.836301, 30.818393 ], [ -97.836448, 30.818431 ], [ -97.836607, 30.818492 ], [ -97.837002, 30.818706 ], [ -97.837149, 30.818772 ], [ -97.837225, 30.818794 ], [ -97.837315, 30.818811 ], [ -97.837576, 30.818827 ], [ -97.837843, 30.818794 ], [ -97.838066, 30.818816 ], [ -97.838245, 30.818822 ], [ -97.83836, 30.818855 ], [ -97.838545, 30.819042 ], [ -97.838768, 30.819229 ], [ -97.839022, 30.819322 ], [ -97.839265, 30.819338 ], [ -97.839367, 30.819393 ], [ -97.839424, 30.819448 ], [ -97.839469, 30.819525 ], [ -97.839443, 30.819564 ], [ -97.839424, 30.819619 ], [ -97.839348, 30.819729 ], [ -97.839271, 30.819866 ], [ -97.839322, 30.820075 ], [ -97.839373, 30.820218 ], [ -97.839469, 30.820603 ], [ -97.839737, 30.821076 ], [ -97.839877, 30.821214 ], [ -97.839992, 30.821302 ], [ -97.840055, 30.821368 ], [ -97.840304, 30.821538 ], [ -97.840355, 30.821582 ], [ -97.840451, 30.821588 ], [ -97.840514, 30.821626 ], [ -97.840718, 30.821687 ], [ -97.841451, 30.82239 ], [ -97.841566, 30.822555 ], [ -97.841623, 30.822577 ], [ -97.841757, 30.822708 ], [ -97.841859, 30.822808 ], [ -97.842618, 30.823298 ], [ -97.842847, 30.823474 ], [ -97.843026, 30.82365 ], [ -97.843109, 30.823787 ], [ -97.843141, 30.823881 ], [ -97.843026, 30.824398 ], [ -97.842784, 30.824997 ], [ -97.842319, 30.825663 ], [ -97.842223, 30.825822 ], [ -97.842172, 30.825954 ], [ -97.842172, 30.826114 ], [ -97.842281, 30.826372 ], [ -97.842447, 30.82662 ], [ -97.842708, 30.827082 ], [ -97.843231, 30.827868 ], [ -97.843511, 30.828143 ], [ -97.843881, 30.828792 ], [ -97.844226, 30.829133 ], [ -97.844251, 30.829127 ], [ -97.844461, 30.829215 ], [ -97.844672, 30.829199 ], [ -97.844793, 30.829303 ], [ -97.84485, 30.829424 ], [ -97.844959, 30.829562 ], [ -97.845099, 30.829837 ], [ -97.845443, 30.830326 ], [ -97.845558, 30.830551 ], [ -97.84587, 30.830947 ], [ -97.846132, 30.831167 ], [ -97.846266, 30.831261 ], [ -97.846406, 30.831354 ], [ -97.846865, 30.831717 ], [ -97.847075, 30.831904 ], [ -97.84747, 30.831981 ], [ -97.848102, 30.832311 ], [ -97.848178, 30.832454 ], [ -97.848197, 30.832542 ], [ -97.848229, 30.832619 ], [ -97.848261, 30.833064 ], [ -97.848376, 30.833499 ], [ -97.848427, 30.833647 ], [ -97.848548, 30.833917 ], [ -97.848784, 30.833955 ], [ -97.84923, 30.834197 ], [ -97.849473, 30.834356 ], [ -97.849594, 30.834455 ], [ -97.849919, 30.834851 ], [ -97.850014, 30.835022 ], [ -97.850314, 30.835198 ], [ -97.850474, 30.835308 ], [ -97.850646, 30.835445 ], [ -97.850811, 30.8355 ], [ -97.851059, 30.835556 ], [ -97.85157, 30.835395 ], [ -97.852867, 30.835001 ], [ -97.852972, 30.835076 ], [ -97.853227, 30.835263 ], [ -97.853393, 30.8354 ], [ -97.853603, 30.835736 ], [ -97.853769, 30.835884 ], [ -97.853967, 30.835994 ], [ -97.85403, 30.836076 ], [ -97.854037, 30.836175 ], [ -97.854126, 30.836335 ], [ -97.85419, 30.836434 ], [ -97.854266, 30.836511 ], [ -97.854375, 30.836593 ], [ -97.854572, 30.836643 ], [ -97.854783, 30.836736 ], [ -97.854904, 30.836808 ], [ -97.855095, 30.837083 ], [ -97.85514, 30.837275 ], [ -97.855299, 30.837446 ], [ -97.855369, 30.837484 ], [ -97.855586, 30.837566 ], [ -97.855733, 30.837665 ], [ -97.855848, 30.83772 ], [ -97.856708, 30.838441 ], [ -97.856772, 30.838507 ], [ -97.856817, 30.838578 ], [ -97.856938, 30.838941 ], [ -97.857008, 30.839073 ], [ -97.857066, 30.839216 ], [ -97.857238, 30.839524 ], [ -97.857423, 30.839821 ], [ -97.857742, 30.840376 ], [ -97.857908, 30.840756 ], [ -97.858144, 30.841212 ], [ -97.858322, 30.841586 ], [ -97.858475, 30.841872 ], [ -97.858533, 30.842015 ], [ -97.858552, 30.842125 ], [ -97.85845, 30.842449 ], [ -97.858431, 30.842631 ], [ -97.858457, 30.842846 ], [ -97.85852, 30.842972 ], [ -97.858559, 30.843142 ], [ -97.858691, 30.843425 ], [ -97.858833, 30.843808 ], [ -97.859101, 30.844644 ], [ -97.859312, 30.845084 ], [ -97.859337, 30.845172 ], [ -97.859369, 30.845227 ], [ -97.859446, 30.845271 ], [ -97.859459, 30.845364 ], [ -97.859484, 30.845436 ], [ -97.85951, 30.845463 ], [ -97.859529, 30.845551 ], [ -97.859535, 30.845678 ], [ -97.859631, 30.84576 ], [ -97.859701, 30.845793 ], [ -97.859797, 30.845798 ], [ -97.859918, 30.845848 ], [ -97.860032, 30.845881 ], [ -97.860077, 30.845875 ], [ -97.860128, 30.845936 ], [ -97.860134, 30.846035 ], [ -97.860128, 30.846084 ], [ -97.860217, 30.846156 ], [ -97.860326, 30.846205 ], [ -97.860817, 30.846387 ], [ -97.860963, 30.846409 ], [ -97.861148, 30.846392 ], [ -97.861225, 30.846414 ], [ -97.861461, 30.846513 ], [ -97.861728, 30.846579 ], [ -97.861818, 30.846623 ], [ -97.861926, 30.846623 ], [ -97.86213, 30.846562 ], [ -97.862308, 30.846458 ], [ -97.862659, 30.846391 ], [ -97.862914, 30.84638 ], [ -97.862959, 30.846419 ], [ -97.862984, 30.846523 ], [ -97.862984, 30.846622 ], [ -97.863016, 30.846743 ], [ -97.863029, 30.846848 ], [ -97.863086, 30.846919 ], [ -97.863156, 30.846936 ], [ -97.863207, 30.846925 ], [ -97.863278, 30.846892 ], [ -97.863582, 30.846872 ], [ -97.863877, 30.847126 ], [ -97.864453, 30.847408 ], [ -97.864719, 30.847738 ], [ -97.865012, 30.848745 ], [ -97.865076, 30.848805 ], [ -97.865159, 30.849008 ], [ -97.865255, 30.849113 ], [ -97.865484, 30.849278 ], [ -97.866186, 30.849718 ], [ -97.866402, 30.849718 ], [ -97.866555, 30.849783 ], [ -97.866689, 30.849904 ], [ -97.86676, 30.849998 ], [ -97.866906, 30.85024 ], [ -97.866836, 30.850366 ], [ -97.866824, 30.850454 ], [ -97.867174, 30.850806 ], [ -97.867548, 30.851313 ], [ -97.8678, 30.851653 ], [ -97.867953, 30.851818 ], [ -97.868036, 30.851889 ], [ -97.868144, 30.852027 ], [ -97.868374, 30.852269 ], [ -97.868769, 30.852373 ], [ -97.868871, 30.852516 ], [ -97.868846, 30.852714 ], [ -97.868852, 30.852862 ], [ -97.86889, 30.853044 ], [ -97.869044, 30.853247 ], [ -97.869114, 30.853313 ], [ -97.86935, 30.853445 ], [ -97.869484, 30.853506 ], [ -97.869668, 30.853649 ], [ -97.869777, 30.853819 ], [ -97.869988, 30.854358 ], [ -97.870326, 30.854891 ], [ -97.870479, 30.855062 ], [ -97.870562, 30.855188 ], [ -97.870645, 30.855282 ], [ -97.870709, 30.855392 ], [ -97.872022, 30.856329 ], [ -97.87208, 30.85637 ], [ -97.872303, 30.856513 ], [ -97.872462, 30.8567 ], [ -97.872628, 30.85676 ], [ -97.872711, 30.856821 ], [ -97.872947, 30.856942 ], [ -97.873138, 30.857024 ], [ -97.87361, 30.857194 ], [ -97.87377, 30.857469 ], [ -97.873942, 30.857491 ], [ -97.874331, 30.857651 ], [ -97.874599, 30.857738 ], [ -97.87463, 30.857727 ], [ -97.874751, 30.857788 ], [ -97.874808, 30.857804 ], [ -97.875, 30.857925 ], [ -97.875097, 30.857978 ], [ -97.875231, 30.858099 ], [ -97.875435, 30.858204 ], [ -97.875983, 30.85853 ], [ -97.876467, 30.858766 ], [ -97.876811, 30.858976 ], [ -97.876932, 30.859113 ], [ -97.877066, 30.859212 ], [ -97.877511, 30.859427 ], [ -97.877734, 30.859565 ], [ -97.877824, 30.85957 ], [ -97.877945, 30.859554 ], [ -97.878091, 30.859609 ], [ -97.8782, 30.859708 ], [ -97.878327, 30.859757 ], [ -97.878735, 30.859791 ], [ -97.878952, 30.859846 ], [ -97.879144, 30.859907 ] ] ] } },
{ "type": "Feature", "properties": { "GEOID": "484910202062", "NAME": "Block Group 2; Census Tract 202.06; Williamson County; Texas", "state": "48", "county": "491", "tract": "020206", "block group": "2", "population": 1633.0, "population_moe": 738.0, "area_sq_miles": 21.815976559371276, "population_density": 74.853399092901398, "under5": 179.0, "under5_moe": 128.31601614763451, "under18": 512.0, "under18_moe": 241.48084810187328, "age18_64": 875.0, "age18_64_moe": 234.32456123932036, "age65plus": 246.0, "age65plus_moe": 107.77754868245984, "civilian_noninstitutionalized_population": 1633.0, "civilian_noninstitutionalized_population_moe": 738.0, "uninsured": 396.0, "uninsured_moe": 230.95237604320073, "uninsured_pct": 24.249846907532149, "disability_population_base": "<NA>", "disability_population_base_moe": "<NA>", "disability": null, "disability_moe": "<NA>", "disability_pct": null, "poverty_population_base": 1633.0, "poverty_population_base_moe": 738.0, "poverty": 53.0, "poverty_moe": 52.201532544552748, "poverty_pct": 3.2455603184323332, "median_household_income": "115125.0", "median_household_income_moe": "48326.0", "per_capita_income": 34363.0, "per_capita_income_moe": 9879.0, "households": "<NA>", "households_moe": "<NA>", "no_vehicle_households": "<NA>", "no_vehicle_households_moe": "<NA>", "no_vehicle_pct": null, "youth_population_pct": 31.353337415799142, "senior_population_pct": 15.064298836497244, "healthcare_need_score": 42.570966789167187, "healthcare_need_notes": "Relative index averaging min-max normalized uninsured_pct, disability_pct, poverty_pct, no_vehicle_pct, youth_population_pct, and senior_population_pct within the retained Liberty Hill study-area block groups.", "uninsured_pct_numerator": "uninsured", "uninsured_pct_denominator": "civilian_noninstitutionalized_population", "disability_pct_numerator": "disability", "disability_pct_denominator": "disability_population_base", "poverty_pct_numerator": "poverty", "poverty_pct_denominator": "poverty_population_base", "no_vehicle_pct_numerator": "no_vehicle_households", "no_vehicle_pct_denominator": "households", "youth_population_pct_numerator": "under18", "youth_population_pct_denominator": "population", "senior_population_pct_numerator": "age65plus", "senior_population_pct_denominator": "population", "intersects_liberty_hill_city": false, "nearest_any_medical_miles": 10.277143007103147, "nearest_primary_care_miles": 10.37172441454149, "nearest_urgent_care_miles": 10.277143007103147, "nearest_hospital_miles": 15.985298906306614, "nearest_emergency_miles": 14.570580680078992, "nearest_primary_care_minutes": null, "nearest_urgent_care_minutes": null, "nearest_hospital_minutes": null, "nearest_emergency_minutes": null, "healthcare_access_measure": "Straight-line distance", "healthcare_access_distance_band": "10+ miles" }, "geometry": { "type": "Polygon", "coordinates": [ [ [ -97.903179, 30.838749 ], [ -97.902253, 30.839556 ], [ -97.899558, 30.841929 ], [ -97.899374, 30.842088 ], [ -97.899161, 30.842271 ], [ -97.898884, 30.842511 ], [ -97.898236, 30.843093 ], [ -97.892834, 30.847839 ], [ -97.891855, 30.848726 ], [ -97.887911, 30.852156 ], [ -97.887174, 30.85282 ], [ -97.885025, 30.854713 ], [ -97.879144, 30.859907 ], [ -97.878952, 30.859846 ], [ -97.878735, 30.859791 ], [ -97.878327, 30.859757 ], [ -97.8782, 30.859708 ], [ -97.878091, 30.859609 ], [ -97.877945, 30.859554 ], [ -97.877824, 30.85957 ], [ -97.877734, 30.859565 ], [ -97.877511, 30.859427 ], [ -97.877066, 30.859212 ], [ -97.876932, 30.859113 ], [ -97.876811, 30.858976 ], [ -97.876467, 30.858766 ], [ -97.875983, 30.85853 ], [ -97.875435, 30.858204 ], [ -97.875231, 30.858099 ], [ -97.875097, 30.857978 ], [ -97.875, 30.857925 ], [ -97.874808, 30.857804 ], [ -97.874751, 30.857788 ], [ -97.87463, 30.857727 ], [ -97.874599, 30.857738 ], [ -97.874331, 30.857651 ], [ -97.873942, 30.857491 ], [ -97.87377, 30.857469 ], [ -97.87361, 30.857194 ], [ -97.873138, 30.857024 ], [ -97.872947, 30.856942 ], [ -97.872711, 30.856821 ], [ -97.872628, 30.85676 ], [ -97.872462, 30.8567 ], [ -97.872303, 30.856513 ], [ -97.87208, 30.85637 ], [ -97.872022, 30.856329 ], [ -97.870709, 30.855392 ], [ -97.870645, 30.855282 ], [ -97.870562, 30.855188 ], [ -97.870479, 30.855062 ], [ -97.870326, 30.854891 ], [ -97.869988, 30.854358 ], [ -97.869777, 30.853819 ], [ -97.869668, 30.853649 ], [ -97.869484, 30.853506 ], [ -97.86935, 30.853445 ], [ -97.869114, 30.853313 ], [ -97.869044, 30.853247 ], [ -97.86889, 30.853044 ], [ -97.868852, 30.852862 ], [ -97.868846, 30.852714 ], [ -97.868871, 30.852516 ], [ -97.868769, 30.852373 ], [ -97.868374, 30.852269 ], [ -97.868144, 30.852027 ], [ -97.868036, 30.851889 ], [ -97.867953, 30.851818 ], [ -97.8678, 30.851653 ], [ -97.867548, 30.851313 ], [ -97.867174, 30.850806 ], [ -97.866824, 30.850454 ], [ -97.866836, 30.850366 ], [ -97.866906, 30.85024 ], [ -97.86676, 30.849998 ], [ -97.866689, 30.849904 ], [ -97.866555, 30.849783 ], [ -97.866402, 30.849718 ], [ -97.866186, 30.849718 ], [ -97.865484, 30.849278 ], [ -97.865255, 30.849113 ], [ -97.865159, 30.849008 ], [ -97.865076, 30.848805 ], [ -97.865012, 30.848745 ], [ -97.864719, 30.847738 ], [ -97.864453, 30.847408 ], [ -97.863877, 30.847126 ], [ -97.863582, 30.846872 ], [ -97.863278, 30.846892 ], [ -97.863207, 30.846925 ], [ -97.863156, 30.846936 ], [ -97.863086, 30.846919 ], [ -97.863029, 30.846848 ], [ -97.863016, 30.846743 ], [ -97.862984, 30.846622 ], [ -97.862984, 30.846523 ], [ -97.862959, 30.846419 ], [ -97.862914, 30.84638 ], [ -97.862659, 30.846391 ], [ -97.862308, 30.846458 ], [ -97.86213, 30.846562 ], [ -97.861926, 30.846623 ], [ -97.861818, 30.846623 ], [ -97.861728, 30.846579 ], [ -97.861461, 30.846513 ], [ -97.861225, 30.846414 ], [ -97.861148, 30.846392 ], [ -97.860963, 30.846409 ], [ -97.860817, 30.846387 ], [ -97.860326, 30.846205 ], [ -97.860217, 30.846156 ], [ -97.860128, 30.846084 ], [ -97.860134, 30.846035 ], [ -97.860128, 30.845936 ], [ -97.860077, 30.845875 ], [ -97.860032, 30.845881 ], [ -97.859918, 30.845848 ], [ -97.859797, 30.845798 ], [ -97.859701, 30.845793 ], [ -97.859631, 30.84576 ], [ -97.859535, 30.845678 ], [ -97.859529, 30.845551 ], [ -97.85951, 30.845463 ], [ -97.859484, 30.845436 ], [ -97.859459, 30.845364 ], [ -97.859446, 30.845271 ], [ -97.859369, 30.845227 ], [ -97.859337, 30.845172 ], [ -97.859312, 30.845084 ], [ -97.859101, 30.844644 ], [ -97.858833, 30.843808 ], [ -97.858691, 30.843425 ], [ -97.858559, 30.843142 ], [ -97.85852, 30.842972 ], [ -97.858457, 30.842846 ], [ -97.858431, 30.842631 ], [ -97.85845, 30.842449 ], [ -97.858552, 30.842125 ], [ -97.858533, 30.842015 ], [ -97.858475, 30.841872 ], [ -97.858322, 30.841586 ], [ -97.858144, 30.841212 ], [ -97.857908, 30.840756 ], [ -97.857742, 30.840376 ], [ -97.857423, 30.839821 ], [ -97.857238, 30.839524 ], [ -97.857066, 30.839216 ], [ -97.857008, 30.839073 ], [ -97.856938, 30.838941 ], [ -97.856817, 30.838578 ], [ -97.856772, 30.838507 ], [ -97.856708, 30.838441 ], [ -97.855848, 30.83772 ], [ -97.855733, 30.837665 ], [ -97.855586, 30.837566 ], [ -97.855369, 30.837484 ], [ -97.855299, 30.837446 ], [ -97.85514, 30.837275 ], [ -97.855095, 30.837083 ], [ -97.854904, 30.836808 ], [ -97.854783, 30.836736 ], [ -97.854572, 30.836643 ], [ -97.854375, 30.836593 ], [ -97.854266, 30.836511 ], [ -97.85419, 30.836434 ], [ -97.854126, 30.836335 ], [ -97.854037, 30.836175 ], [ -97.85403, 30.836076 ], [ -97.853967, 30.835994 ], [ -97.853769, 30.835884 ], [ -97.853603, 30.835736 ], [ -97.853393, 30.8354 ], [ -97.853227, 30.835263 ], [ -97.852972, 30.835076 ], [ -97.852867, 30.835001 ], [ -97.85157, 30.835395 ], [ -97.851059, 30.835556 ], [ -97.850811, 30.8355 ], [ -97.850646, 30.835445 ], [ -97.850474, 30.835308 ], [ -97.850314, 30.835198 ], [ -97.850014, 30.835022 ], [ -97.849919, 30.834851 ], [ -97.849594, 30.834455 ], [ -97.849473, 30.834356 ], [ -97.84923, 30.834197 ], [ -97.848784, 30.833955 ], [ -97.848548, 30.833917 ], [ -97.848427, 30.833647 ], [ -97.848376, 30.833499 ], [ -97.848261, 30.833064 ], [ -97.848229, 30.832619 ], [ -97.848197, 30.832542 ], [ -97.848178, 30.832454 ], [ -97.848102, 30.832311 ], [ -97.84747, 30.831981 ], [ -97.847075, 30.831904 ], [ -97.846865, 30.831717 ], [ -97.846406, 30.831354 ], [ -97.846266, 30.831261 ], [ -97.846132, 30.831167 ], [ -97.84587, 30.830947 ], [ -97.845558, 30.830551 ], [ -97.845443, 30.830326 ], [ -97.845099, 30.829837 ], [ -97.844959, 30.829562 ], [ -97.84485, 30.829424 ], [ -97.844793, 30.829303 ], [ -97.844672, 30.829199 ], [ -97.844461, 30.829215 ], [ -97.844251, 30.829127 ], [ -97.844226, 30.829133 ], [ -97.843881, 30.828792 ], [ -97.843511, 30.828143 ], [ -97.843231, 30.827868 ], [ -97.842708, 30.827082 ], [ -97.842447, 30.82662 ], [ -97.842281, 30.826372 ], [ -97.842172, 30.826114 ], [ -97.842172, 30.825954 ], [ -97.842223, 30.825822 ], [ -97.842319, 30.825663 ], [ -97.842784, 30.824997 ], [ -97.843026, 30.824398 ], [ -97.843141, 30.823881 ], [ -97.843109, 30.823787 ], [ -97.843026, 30.82365 ], [ -97.842847, 30.823474 ], [ -97.842618, 30.823298 ], [ -97.841859, 30.822808 ], [ -97.841757, 30.822708 ], [ -97.841623, 30.822577 ], [ -97.841566, 30.822555 ], [ -97.841451, 30.82239 ], [ -97.840718, 30.821687 ], [ -97.840514, 30.821626 ], [ -97.840451, 30.821588 ], [ -97.840355, 30.821582 ], [ -97.840304, 30.821538 ], [ -97.840055, 30.821368 ], [ -97.839992, 30.821302 ], [ -97.839877, 30.821214 ], [ -97.839737, 30.821076 ], [ -97.839469, 30.820603 ], [ -97.839373, 30.820218 ], [ -97.839322, 30.820075 ], [ -97.839271, 30.819866 ], [ -97.839348, 30.819729 ], [ -97.839424, 30.819619 ], [ -97.839443, 30.819564 ], [ -97.839469, 30.819525 ], [ -97.839424, 30.819448 ], [ -97.839367, 30.819393 ], [ -97.839265, 30.819338 ], [ -97.839022, 30.819322 ], [ -97.838768, 30.819229 ], [ -97.838545, 30.819042 ], [ -97.83836, 30.818855 ], [ -97.838245, 30.818822 ], [ -97.838066, 30.818816 ], [ -97.837843, 30.818794 ], [ -97.837576, 30.818827 ], [ -97.837315, 30.818811 ], [ -97.837225, 30.818794 ], [ -97.837149, 30.818772 ], [ -97.837002, 30.818706 ], [ -97.836607, 30.818492 ], [ -97.836448, 30.818431 ], [ -97.836301, 30.818393 ], [ -97.835944, 30.818333 ], [ -97.835798, 30.818283 ], [ -97.835638, 30.818212 ], [ -97.835237, 30.817992 ], [ -97.834542, 30.81764 ], [ -97.834453, 30.817585 ], [ -97.834319, 30.817469 ], [ -97.83423, 30.817326 ], [ -97.834166, 30.817249 ], [ -97.833714, 30.816804 ], [ -97.833433, 30.816622 ], [ -97.833127, 30.81649 ], [ -97.832828, 30.816375 ], [ -97.832681, 30.816331 ], [ -97.832541, 30.816309 ], [ -97.832337, 30.816249 ], [ -97.83221, 30.816117 ], [ -97.832057, 30.816007 ], [ -97.831942, 30.815952 ], [ -97.831712, 30.815776 ], [ -97.831636, 30.815704 ], [ -97.831515, 30.81566 ], [ -97.831101, 30.815457 ], [ -97.830935, 30.815286 ], [ -97.830846, 30.815165 ], [ -97.830693, 30.81505 ], [ -97.830597, 30.815 ], [ -97.830387, 30.814923 ], [ -97.830113, 30.814835 ], [ -97.829769, 30.814747 ], [ -97.829393, 30.814533 ], [ -97.829176, 30.814275 ], [ -97.829023, 30.813972 ], [ -97.828736, 30.813631 ], [ -97.82866, 30.81356 ], [ -97.828583, 30.813499 ], [ -97.828494, 30.813455 ], [ -97.828443, 30.813444 ], [ -97.828316, 30.813395 ], [ -97.828188, 30.813312 ], [ -97.828105, 30.813279 ], [ -97.828035, 30.813224 ], [ -97.827921, 30.813186 ], [ -97.827806, 30.813054 ], [ -97.827723, 30.812911 ], [ -97.827698, 30.812812 ], [ -97.827659, 30.812729 ], [ -97.827697, 30.812625 ], [ -97.827895, 30.81241 ], [ -97.827946, 30.812322 ], [ -97.827965, 30.812146 ], [ -97.82794, 30.811965 ], [ -97.827838, 30.811701 ], [ -97.827653, 30.811393 ], [ -97.827411, 30.811151 ], [ -97.82727, 30.811074 ], [ -97.827162, 30.810986 ], [ -97.826939, 30.810876 ], [ -97.826786, 30.810843 ], [ -97.826659, 30.810876 ], [ -97.826461, 30.811002 ], [ -97.826397, 30.811024 ], [ -97.826264, 30.811024 ], [ -97.826174, 30.810991 ], [ -97.826117, 30.810925 ], [ -97.826079, 30.81087 ], [ -97.826066, 30.810815 ], [ -97.826006, 30.810707 ], [ -97.825971, 30.810645 ], [ -97.825843, 30.810359 ], [ -97.825569, 30.809578 ], [ -97.825511, 30.809314 ], [ -97.825123, 30.808346 ], [ -97.825065, 30.808176 ], [ -97.82497, 30.808005 ], [ -97.824906, 30.807807 ], [ -97.824715, 30.807604 ], [ -97.824619, 30.80751 ], [ -97.824384, 30.80745 ], [ -97.823912, 30.807268 ], [ -97.82381, 30.807175 ], [ -97.823632, 30.806938 ], [ -97.82309, 30.806482 ], [ -97.822599, 30.806091 ], [ -97.822485, 30.805954 ], [ -97.822434, 30.805866 ], [ -97.822351, 30.805767 ], [ -97.822281, 30.805668 ], [ -97.822172, 30.805574 ], [ -97.822045, 30.805486 ], [ -97.821937, 30.805448 ], [ -97.821847, 30.805382 ], [ -97.821822, 30.805332 ], [ -97.821752, 30.805272 ], [ -97.821694, 30.80503 ], [ -97.821631, 30.804936 ], [ -97.821412, 30.804751 ], [ -97.821344, 30.804694 ], [ -97.821102, 30.804452 ], [ -97.820923, 30.804232 ], [ -97.820694, 30.804018 ], [ -97.820541, 30.803864 ], [ -97.820426, 30.803732 ], [ -97.820395, 30.803638 ], [ -97.820363, 30.803479 ], [ -97.820375, 30.803413 ], [ -97.82035, 30.803006 ], [ -97.820363, 30.802715 ], [ -97.820293, 30.802434 ], [ -97.820248, 30.802197 ], [ -97.820121, 30.801922 ], [ -97.819827, 30.801384 ], [ -97.819815, 30.801318 ], [ -97.819815, 30.801059 ], [ -97.819834, 30.800894 ], [ -97.819891, 30.800729 ], [ -97.820057, 30.800619 ], [ -97.820413, 30.800487 ], [ -97.820643, 30.800355 ], [ -97.820758, 30.800256 ], [ -97.820847, 30.800102 ], [ -97.820872, 30.800009 ], [ -97.820936, 30.799899 ], [ -97.820579, 30.799013 ], [ -97.820483, 30.798744 ], [ -97.82042, 30.798529 ], [ -97.820362, 30.798249 ], [ -97.820254, 30.797891 ], [ -97.820197, 30.79749 ], [ -97.820158, 30.797374 ], [ -97.820146, 30.79727 ], [ -97.820146, 30.796896 ], [ -97.820101, 30.796802 ], [ -97.819935, 30.796692 ], [ -97.819904, 30.796687 ], [ -97.819438, 30.796456 ], [ -97.819184, 30.796324 ], [ -97.819107, 30.796274 ], [ -97.818763, 30.79595 ], [ -97.818559, 30.795735 ], [ -97.818355, 30.795576 ], [ -97.818253, 30.79546 ], [ -97.818158, 30.795323 ], [ -97.817999, 30.795152 ], [ -97.817814, 30.795042 ], [ -97.817674, 30.794883 ], [ -97.817578, 30.794657 ], [ -97.817387, 30.79447 ], [ -97.817279, 30.794415 ], [ -97.816986, 30.794157 ], [ -97.816807, 30.793986 ], [ -97.816648, 30.793876 ], [ -97.81654, 30.793761 ], [ -97.816355, 30.793607 ], [ -97.816329, 30.793486 ], [ -97.81624, 30.793304 ], [ -97.815533, 30.792705 ], [ -97.81496, 30.792281 ], [ -97.814826, 30.792166 ], [ -97.814673, 30.79199 ], [ -97.814635, 30.791874 ], [ -97.814495, 30.791715 ], [ -97.814201, 30.791489 ], [ -97.81417, 30.791429 ], [ -97.814176, 30.791297 ], [ -97.814163, 30.790721 ], [ -97.814157, 30.790428 ], [ -97.814106, 30.790285 ], [ -97.813998, 30.790164 ], [ -97.813838, 30.790037 ], [ -97.813507, 30.789867 ], [ -97.813246, 30.789773 ], [ -97.813144, 30.789696 ], [ -97.813036, 30.789597 ], [ -97.812927, 30.789548 ], [ -97.812825, 30.789421 ], [ -97.812622, 30.789014 ], [ -97.81243, 30.788734 ], [ -97.812379, 30.788635 ], [ -97.812188, 30.788426 ], [ -97.811965, 30.788239 ], [ -97.811755, 30.78803 ], [ -97.811297, 30.787777 ], [ -97.811156, 30.787733 ], [ -97.811067, 30.787738 ], [ -97.8108, 30.787815 ], [ -97.81071, 30.787832 ], [ -97.810577, 30.787832 ], [ -97.810443, 30.787782 ], [ -97.810322, 30.787711 ], [ -97.81029, 30.787667 ], [ -97.810156, 30.787397 ], [ -97.810131, 30.787172 ], [ -97.810112, 30.787001 ], [ -97.810131, 30.786792 ], [ -97.810048, 30.78666 ], [ -97.809978, 30.786572 ], [ -97.809895, 30.786501 ], [ -97.80985, 30.786479 ], [ -97.809685, 30.786435 ], [ -97.809602, 30.786435 ], [ -97.809481, 30.786451 ], [ -97.809175, 30.786512 ], [ -97.80908, 30.786506 ], [ -97.808901, 30.786468 ], [ -97.808634, 30.786435 ], [ -97.808404, 30.786385 ], [ -97.80822, 30.786391 ], [ -97.808067, 30.786407 ], [ -97.807869, 30.786468 ], [ -97.807532, 30.786501 ], [ -97.807449, 30.786479 ], [ -97.807264, 30.786451 ], [ -97.806793, 30.786325 ], [ -97.806582, 30.786314 ], [ -97.806315, 30.786325 ], [ -97.805729, 30.786462 ], [ -97.805557, 30.786556 ], [ -97.805493, 30.786567 ], [ -97.805423, 30.786556 ], [ -97.805391, 30.786528 ], [ -97.805245, 30.78644 ], [ -97.805156, 30.786314 ], [ -97.805117, 30.786193 ], [ -97.805003, 30.786072 ], [ -97.804812, 30.785896 ], [ -97.804621, 30.785676 ], [ -97.804544, 30.785527 ], [ -97.804404, 30.785351 ], [ -97.804359, 30.785263 ], [ -97.804391, 30.784983 ], [ -97.804436, 30.784719 ], [ -97.804436, 30.784614 ], [ -97.804493, 30.784504 ], [ -97.804531, 30.784383 ], [ -97.804614, 30.784301 ], [ -97.804659, 30.784229 ], [ -97.804659, 30.78418 ], [ -97.804602, 30.784075 ], [ -97.804512, 30.78402 ], [ -97.804436, 30.783993 ], [ -97.804347, 30.783938 ], [ -97.804232, 30.783839 ], [ -97.80413, 30.783817 ], [ -97.803984, 30.783811 ], [ -97.80371, 30.783762 ], [ -97.803614, 30.783729 ], [ -97.803487, 30.783652 ], [ -97.803264, 30.783492 ], [ -97.803066, 30.783333 ], [ -97.802977, 30.783278 ], [ -97.802869, 30.78319 ], [ -97.802735, 30.783107 ], [ -97.802614, 30.783014 ], [ -97.802468, 30.78286 ], [ -97.802289, 30.782684 ], [ -97.802225, 30.782592 ], [ -97.802175, 30.782519 ], [ -97.802117, 30.782387 ], [ -97.80199, 30.782211 ], [ -97.801793, 30.781991 ], [ -97.80155, 30.781699 ], [ -97.801066, 30.781374 ], [ -97.801003, 30.78138 ], [ -97.800965, 30.781369 ], [ -97.800417, 30.78105 ], [ -97.800073, 30.780808 ], [ -97.799748, 30.780698 ], [ -97.799621, 30.780621 ], [ -97.799328, 30.78039 ], [ -97.798786, 30.780027 ], [ -97.79855, 30.779906 ], [ -97.798378, 30.779796 ], [ -97.798302, 30.779774 ], [ -97.796436, 30.779295 ], [ -97.796319, 30.779245 ], [ -97.7966, 30.779149 ], [ -97.797376, 30.778881 ], [ -97.799222, 30.778258 ], [ -97.800051, 30.777988 ], [ -97.800625, 30.777822 ], [ -97.801352, 30.777632 ], [ -97.801709, 30.777528 ], [ -97.802207, 30.777383 ], [ -97.803695, 30.776907 ], [ -97.804734, 30.776587 ], [ -97.805482, 30.776346 ], [ -97.8063, 30.776095 ], [ -97.806896, 30.775904 ], [ -97.808391, 30.775438 ], [ -97.809011, 30.775245 ], [ -97.809287, 30.775152 ], [ -97.809741, 30.774999 ], [ -97.809851, 30.774964 ], [ -97.813625, 30.773769 ], [ -97.815181, 30.773294 ], [ -97.815454, 30.773195 ], [ -97.815608, 30.773134 ], [ -97.815698, 30.773098 ], [ -97.815717, 30.773087 ], [ -97.815966, 30.772946 ], [ -97.816288, 30.772793 ], [ -97.816655, 30.772651 ], [ -97.817404, 30.772415 ], [ -97.817487, 30.772328 ], [ -97.817545, 30.772227 ], [ -97.81767, 30.772236 ], [ -97.817946, 30.772244 ], [ -97.818219, 30.772233 ], [ -97.818488, 30.772205 ], [ -97.818754, 30.772158 ], [ -97.819016, 30.772094 ], [ -97.819568, 30.771924 ], [ -97.820619, 30.771603 ], [ -97.822274, 30.771086 ], [ -97.822455, 30.771031 ], [ -97.823388, 30.770749 ], [ -97.824761, 30.770321 ], [ -97.825026, 30.77024 ], [ -97.825578, 30.770072 ], [ -97.825816, 30.77 ], [ -97.828271, 30.769234 ], [ -97.830681, 30.768497 ], [ -97.832061, 30.768066 ], [ -97.833881, 30.767504 ], [ -97.835354, 30.767058 ], [ -97.836599, 30.766681 ], [ -97.837838, 30.766281 ], [ -97.838956, 30.765948 ], [ -97.840329, 30.765522 ], [ -97.841546, 30.765131 ], [ -97.841811, 30.765049 ], [ -97.842077, 30.764988 ], [ -97.84235, 30.764945 ], [ -97.842579, 30.764922 ], [ -97.842737, 30.764914 ], [ -97.842853, 30.764806 ], [ -97.842912, 30.76474 ], [ -97.84301, 30.764669 ], [ -97.843066, 30.764641 ], [ -97.843814, 30.76441 ], [ -97.844864, 30.764103 ], [ -97.845428, 30.763923 ], [ -97.849357, 30.762732 ], [ -97.853021, 30.761582 ], [ -97.85674, 30.760422 ], [ -97.856812, 30.760399 ], [ -97.85755, 30.76017 ], [ -97.858965, 30.759709 ], [ -97.859088, 30.759675 ], [ -97.860043, 30.759407 ], [ -97.860239, 30.759328 ], [ -97.860992, 30.759101 ], [ -97.865796, 30.757607 ], [ -97.867373, 30.75712 ], [ -97.868803, 30.756678 ], [ -97.869675, 30.756396 ], [ -97.870058, 30.756273 ], [ -97.873184, 30.755299 ], [ -97.875858, 30.75445 ], [ -97.87662, 30.754208 ], [ -97.876642, 30.756185 ], [ -97.876652, 30.75714 ], [ -97.876707, 30.761282 ], [ -97.876722, 30.762432 ], [ -97.876825, 30.771286 ], [ -97.87685, 30.773091 ], [ -97.87686, 30.773463 ], [ -97.876893, 30.773835 ], [ -97.87706, 30.774885 ], [ -97.877168, 30.775423 ], [ -97.877297, 30.775953 ], [ -97.877449, 30.776478 ], [ -97.877607, 30.776955 ], [ -97.87803, 30.778023 ], [ -97.878181, 30.778405 ], [ -97.878768, 30.779836 ], [ -97.880186, 30.78325 ], [ -97.882199, 30.7881 ], [ -97.882641, 30.78917 ], [ -97.883497, 30.791242 ], [ -97.885689, 30.79655 ], [ -97.886289, 30.797982 ], [ -97.887639, 30.801241 ], [ -97.889306, 30.805291 ], [ -97.891425, 30.810397 ], [ -97.891553, 30.810704 ], [ -97.891644, 30.810924 ], [ -97.891667, 30.810977 ], [ -97.894412, 30.817593 ], [ -97.894559, 30.817945 ], [ -97.894746, 30.818393 ], [ -97.895451, 30.820073 ], [ -97.895826, 30.820991 ], [ -97.896577, 30.822794 ], [ -97.897118, 30.824108 ], [ -97.897338, 30.824627 ], [ -97.898597, 30.827671 ], [ -97.898951, 30.828536 ], [ -97.899442, 30.82968 ], [ -97.899837, 30.830648 ], [ -97.90004, 30.831135 ], [ -97.901246, 30.83403 ], [ -97.901713, 30.835153 ], [ -97.901982, 30.835798 ], [ -97.902041, 30.835943 ], [ -97.90216, 30.836238 ], [ -97.902273, 30.836517 ], [ -97.90287, 30.837996 ], [ -97.90297, 30.838243 ], [ -97.903179, 30.838749 ] ] ] } },
{ "type": "Feature", "properties": { "GEOID": "484910202032", "NAME": "Block Group 2; Census Tract 202.03; Williamson County; Texas", "state": "48", "county": "491", "tract": "020203", "block group": "2", "population": 791.0, "population_moe": 159.0, "area_sq_miles": 0.64895870532932598, "population_density": 1218.8757058102681, "under5": 17.0, "under5_moe": 30.886890422961002, "under18": 17.0, "under18_moe": 48.0, "age18_64": 74.0, "age18_64_moe": 89.649316784903604, "age65plus": 700.0, "age65plus_moe": 137.07297326606729, "civilian_noninstitutionalized_population": 791.0, "civilian_noninstitutionalized_population_moe": 159.0, "uninsured": 0.0, "uninsured_moe": 30.0, "uninsured_pct": 0.0, "disability_population_base": "<NA>", "disability_population_base_moe": "<NA>", "disability": null, "disability_moe": "<NA>", "disability_pct": null, "poverty_population_base": 791.0, "poverty_population_base_moe": 159.0, "poverty": 22.0, "poverty_moe": 27.018512172212592, "poverty_pct": 2.781289506953224, "median_household_income": "85703.0", "median_household_income_moe": "6939.0", "per_capita_income": 54127.0, "per_capita_income_moe": 7468.0, "households": "<NA>", "households_moe": "<NA>", "no_vehicle_households": "<NA>", "no_vehicle_households_moe": "<NA>", "no_vehicle_pct": null, "youth_population_pct": 2.1491782553729455, "senior_population_pct": 88.495575221238937, "healthcare_need_score": 27.718372758164385, "healthcare_need_notes": "Relative index averaging min-max normalized uninsured_pct, disability_pct, poverty_pct, no_vehicle_pct, youth_population_pct, and senior_population_pct within the retained Liberty Hill study-area block groups.", "uninsured_pct_numerator": "uninsured", "uninsured_pct_denominator": "civilian_noninstitutionalized_population", "disability_pct_numerator": "disability", "disability_pct_denominator": "disability_population_base", "poverty_pct_numerator": "poverty", "poverty_pct_denominator": "poverty_population_base", "no_vehicle_pct_numerator": "no_vehicle_households", "no_vehicle_pct_denominator": "households", "youth_population_pct_numerator": "under18", "youth_population_pct_denominator": "population", "senior_population_pct_numerator": "age65plus", "senior_population_pct_denominator": "population", "intersects_liberty_hill_city": false, "nearest_any_medical_miles": 2.2082775464756401, "nearest_primary_care_miles": 2.2082775464756401, "nearest_urgent_care_miles": 10.884490521768868, "nearest_hospital_miles": 7.5884004961597142, "nearest_emergency_miles": 11.862989942315556, "nearest_primary_care_minutes": null, "nearest_urgent_care_minutes": null, "nearest_hospital_minutes": null, "nearest_emergency_minutes": null, "healthcare_access_measure": "Straight-line distance", "healthcare_access_distance_band": "1-3 miles" }, "geometry": { "type": "Polygon", "coordinates": [ [ [ -97.737324, 30.742619 ], [ -97.73717, 30.742632 ], [ -97.736574, 30.742709 ], [ -97.73596, 30.742802 ], [ -97.735928, 30.742683 ], [ -97.735902, 30.742588 ], [ -97.735892, 30.742566 ], [ -97.735852, 30.742474 ], [ -97.735848, 30.742464 ], [ -97.735836, 30.742436 ], [ -97.735816, 30.74239 ], [ -97.735805, 30.742372 ], [ -97.735792, 30.742353 ], [ -97.735673, 30.742185 ], [ -97.735618, 30.742107 ], [ -97.735501, 30.741939 ], [ -97.735265, 30.74156 ], [ -97.735055, 30.74134 ], [ -97.734851, 30.741021 ], [ -97.734558, 30.74074 ], [ -97.734067, 30.740317 ], [ -97.733749, 30.739943 ], [ -97.733004, 30.739382 ], [ -97.732488, 30.739046 ], [ -97.732456, 30.739025 ], [ -97.731736, 30.738728 ], [ -97.731514, 30.738585 ], [ -97.731195, 30.738344 ], [ -97.731176, 30.7383 ], [ -97.7311, 30.738223 ], [ -97.730953, 30.738102 ], [ -97.730787, 30.737986 ], [ -97.730609, 30.737959 ], [ -97.730475, 30.73792 ], [ -97.730323, 30.73786 ], [ -97.730151, 30.737733 ], [ -97.729877, 30.73759 ], [ -97.729762, 30.737563 ], [ -97.729119, 30.737222 ], [ -97.729068, 30.737156 ], [ -97.728966, 30.737074 ], [ -97.728769, 30.736881 ], [ -97.728641, 30.736705 ], [ -97.728501, 30.736535 ], [ -97.728355, 30.736254 ], [ -97.72831, 30.736188 ], [ -97.728076, 30.735555 ], [ -97.727462, 30.734273 ], [ -97.727429, 30.733953 ], [ -97.727462, 30.733598 ], [ -97.727456, 30.733466 ], [ -97.727494, 30.733318 ], [ -97.727519, 30.733125 ], [ -97.727526, 30.732966 ], [ -97.727468, 30.732361 ], [ -97.727462, 30.732337 ], [ -97.727392, 30.732042 ], [ -97.72736, 30.731525 ], [ -97.727318, 30.731142 ], [ -97.72729, 30.730875 ], [ -97.727288, 30.730848 ], [ -97.727283, 30.730804 ], [ -97.727296, 30.730716 ], [ -97.727321, 30.730678 ], [ -97.727334, 30.730623 ], [ -97.727343, 30.730566 ], [ -97.727353, 30.730497 ], [ -97.727327, 30.730403 ], [ -97.727108, 30.729837 ], [ -97.727085, 30.729776 ], [ -97.726824, 30.729331 ], [ -97.726614, 30.729061 ], [ -97.726467, 30.728896 ], [ -97.726416, 30.728858 ], [ -97.726378, 30.728874 ], [ -97.725963, 30.728341 ], [ -97.72496, 30.727291 ], [ -97.723754, 30.72623 ], [ -97.723455, 30.726169 ], [ -97.723302, 30.726103 ], [ -97.72306, 30.725966 ], [ -97.722322, 30.725438 ], [ -97.722022, 30.725207 ], [ -97.721844, 30.72502 ], [ -97.721742, 30.724894 ], [ -97.721698, 30.724591 ], [ -97.721653, 30.724272 ], [ -97.72164, 30.723865 ], [ -97.72171, 30.723392 ], [ -97.721767, 30.723205 ], [ -97.721952, 30.723002 ], [ -97.722003, 30.722897 ], [ -97.722372, 30.722512 ], [ -97.722531, 30.721819 ], [ -97.722581, 30.721209 ], [ -97.722626, 30.720967 ], [ -97.722683, 30.72084 ], [ -97.72288, 30.720587 ], [ -97.722893, 30.720488 ], [ -97.722855, 30.720356 ], [ -97.722906, 30.719971 ], [ -97.722906, 30.719768 ], [ -97.72295, 30.719608 ], [ -97.722988, 30.719531 ], [ -97.723058, 30.719273 ], [ -97.723103, 30.719042 ], [ -97.723141, 30.719003 ], [ -97.723243, 30.718937 ], [ -97.723453, 30.718876 ], [ -97.723841, 30.718788 ], [ -97.724299, 30.718717 ], [ -97.724821, 30.718695 ], [ -97.726158, 30.718738 ], [ -97.726814, 30.718832 ], [ -97.726967, 30.718864 ], [ -97.727088, 30.71887 ], [ -97.727281, 30.718818 ], [ -97.727374, 30.71895 ], [ -97.727522, 30.719151 ], [ -97.727745, 30.719362 ], [ -97.728165, 30.719973 ], [ -97.72852, 30.72048 ], [ -97.728609, 30.720613 ], [ -97.728713, 30.720768 ], [ -97.728765, 30.720846 ], [ -97.728976, 30.721147 ], [ -97.729163, 30.721403 ], [ -97.729319, 30.721657 ], [ -97.729467, 30.721935 ], [ -97.729567, 30.722144 ], [ -97.729858, 30.722795 ], [ -97.729894, 30.722868 ], [ -97.730305, 30.7238 ], [ -97.730451, 30.724161 ], [ -97.730686, 30.724652 ], [ -97.730726, 30.724734 ], [ -97.730858, 30.725002 ], [ -97.731046, 30.725339 ], [ -97.731184, 30.725545 ], [ -97.731375, 30.725761 ], [ -97.731481, 30.725881 ], [ -97.731756, 30.726193 ], [ -97.731781, 30.72622 ], [ -97.732243, 30.726606 ], [ -97.7325, 30.726824 ], [ -97.733048, 30.727307 ], [ -97.734398, 30.728326 ], [ -97.734969, 30.728734 ], [ -97.73553, 30.729188 ], [ -97.73573, 30.729361 ], [ -97.735917, 30.729615 ], [ -97.73629, 30.730135 ], [ -97.73653, 30.730789 ], [ -97.736635, 30.731475 ], [ -97.736644, 30.731629 ], [ -97.736659, 30.731992 ], [ -97.736595, 30.732474 ], [ -97.736487, 30.732834 ], [ -97.7364, 30.733081 ], [ -97.736371, 30.733167 ], [ -97.736249, 30.733381 ], [ -97.735926, 30.734048 ], [ -97.735664, 30.734567 ], [ -97.735558, 30.734762 ], [ -97.735542, 30.734794 ], [ -97.735437, 30.735025 ], [ -97.735117, 30.735721 ], [ -97.734646, 30.736767 ], [ -97.734565, 30.737143 ], [ -97.734532, 30.737363 ], [ -97.73454, 30.737471 ], [ -97.734538, 30.737777 ], [ -97.734589, 30.73817 ], [ -97.734623, 30.738353 ], [ -97.734708, 30.738598 ], [ -97.734817, 30.738842 ], [ -97.734929, 30.739043 ], [ -97.73506, 30.739255 ], [ -97.735199, 30.739434 ], [ -97.735297, 30.739555 ], [ -97.735464, 30.73973 ], [ -97.735643, 30.739892 ], [ -97.735896, 30.740107 ], [ -97.736228, 30.740407 ], [ -97.73651, 30.740711 ], [ -97.736625, 30.740862 ], [ -97.736725, 30.740991 ], [ -97.736891, 30.74121 ], [ -97.736961, 30.74134 ], [ -97.737028, 30.741469 ], [ -97.737096, 30.741647 ], [ -97.737159, 30.741862 ], [ -97.737194, 30.742006 ], [ -97.737236, 30.742191 ], [ -97.737249, 30.742252 ], [ -97.737276, 30.742384 ], [ -97.737324, 30.742619 ] ] ] } },
{ "type": "Feature", "properties": { "GEOID": "484910206092", "NAME": "Block Group 2; Census Tract 206.09; Williamson County; Texas", "state": "48", "county": "491", "tract": "020609", "block group": "2", "population": 1288.0, "population_moe": 189.0, "area_sq_miles": 2.7274365134712739, "population_density": 472.23830642376032, "under5": 35.0, "under5_moe": 32.280024783137947, "under18": 243.0, "under18_moe": 101.83319694480774, "age18_64": 892.0, "age18_64_moe": 165.87947431795172, "age65plus": 153.0, "age65plus_moe": 75.026661927610775, "civilian_noninstitutionalized_population": 1288.0, "civilian_noninstitutionalized_population_moe": 189.0, "uninsured": 67.0, "uninsured_moe": 52.086466572421671, "uninsured_pct": 5.2018633540372674, "disability_population_base": "<NA>", "disability_population_base_moe": "<NA>", "disability": null, "disability_moe": "<NA>", "disability_pct": null, "poverty_population_base": 1288.0, "poverty_population_base_moe": 189.0, "poverty": 16.0, "poverty_moe": 17.029386365926403, "poverty_pct": 1.2422360248447204, "median_household_income": "131591.0", "median_household_income_moe": "32388.0", "per_capita_income": 66439.0, "per_capita_income_moe": 7909.0, "households": "<NA>", "households_moe": "<NA>", "no_vehicle_households": "<NA>", "no_vehicle_households_moe": "<NA>", "no_vehicle_pct": null, "youth_population_pct": 18.866459627329192, "senior_population_pct": 11.878881987577641, "healthcare_need_score": 18.805503385224274, "healthcare_need_notes": "Relative index averaging min-max normalized uninsured_pct, disability_pct, poverty_pct, no_vehicle_pct, youth_population_pct, and senior_population_pct within the retained Liberty Hill study-area block groups.", "uninsured_pct_numerator": "uninsured", "uninsured_pct_denominator": "civilian_noninstitutionalized_population", "disability_pct_numerator": "disability", "disability_pct_denominator": "disability_population_base", "poverty_pct_numerator": "poverty", "poverty_pct_denominator": "poverty_population_base", "no_vehicle_pct_numerator": "no_vehicle_households", "no_vehicle_pct_denominator": "households", "youth_population_pct_numerator": "under18", "youth_population_pct_denominator": "population", "senior_population_pct_numerator": "age65plus", "senior_population_pct_denominator": "population", "intersects_liberty_hill_city": false, "nearest_any_medical_miles": 4.4102941908630209, "nearest_primary_care_miles": 7.5114110396302092, "nearest_urgent_care_miles": 7.7061814063239726, "nearest_hospital_miles": 4.4102941908630209, "nearest_emergency_miles": 7.6002673270439631, "nearest_primary_care_minutes": null, "nearest_urgent_care_minutes": null, "nearest_hospital_minutes": null, "nearest_emergency_minutes": null, "healthcare_access_measure": "Straight-line distance", "healthcare_access_distance_band": "3-5 miles" }, "geometry": { "type": "Polygon", "coordinates": [ [ [ -97.753341, 30.577048 ], [ -97.751575, 30.57759 ], [ -97.747872, 30.578753 ], [ -97.74696, 30.57903 ], [ -97.745862, 30.579364 ], [ -97.746713, 30.581508 ], [ -97.747893, 30.584479 ], [ -97.747776, 30.584596 ], [ -97.747573, 30.584739 ], [ -97.747465, 30.584882 ], [ -97.747325, 30.584997 ], [ -97.747007, 30.585179 ], [ -97.746829, 30.585256 ], [ -97.746689, 30.585306 ], [ -97.746632, 30.58535 ], [ -97.746499, 30.585256 ], [ -97.746454, 30.585185 ], [ -97.74634, 30.585075 ], [ -97.746206, 30.585014 ], [ -97.746034, 30.584954 ], [ -97.745634, 30.584894 ], [ -97.745437, 30.585092 ], [ -97.745313, 30.585141 ], [ -97.745233, 30.585127 ], [ -97.745149, 30.585187 ], [ -97.744987, 30.585187 ], [ -97.744935, 30.585284 ], [ -97.744312, 30.585615 ], [ -97.744153, 30.585681 ], [ -97.743981, 30.58573 ], [ -97.743422, 30.58578 ], [ -97.743314, 30.585802 ], [ -97.74313, 30.585863 ], [ -97.743053, 30.585912 ], [ -97.742952, 30.586017 ], [ -97.74292, 30.586105 ], [ -97.742869, 30.586187 ], [ -97.742774, 30.586286 ], [ -97.742723, 30.586319 ], [ -97.74266, 30.58633 ], [ -97.742316, 30.586331 ], [ -97.741935, 30.586375 ], [ -97.741852, 30.586397 ], [ -97.741782, 30.586435 ], [ -97.741668, 30.586507 ], [ -97.741611, 30.586551 ], [ -97.741566, 30.5866 ], [ -97.741427, 30.58687 ], [ -97.741312, 30.586985 ], [ -97.741083, 30.58709 ], [ -97.740969, 30.587184 ], [ -97.740912, 30.587244 ], [ -97.740715, 30.587486 ], [ -97.740613, 30.587695 ], [ -97.740493, 30.587838 ], [ -97.740149, 30.588108 ], [ -97.74001, 30.588251 ], [ -97.739857, 30.588344 ], [ -97.739336, 30.588609 ], [ -97.739164, 30.588642 ], [ -97.738999, 30.588642 ], [ -97.738846, 30.58862 ], [ -97.738579, 30.588543 ], [ -97.738446, 30.588483 ], [ -97.738357, 30.588428 ], [ -97.738306, 30.588411 ], [ -97.738179, 30.588345 ], [ -97.737874, 30.588153 ], [ -97.737702, 30.588059 ], [ -97.737492, 30.587911 ], [ -97.737221, 30.587785 ], [ -97.737136, 30.587746 ], [ -97.737009, 30.587691 ], [ -97.736824, 30.587631 ], [ -97.736678, 30.587603 ], [ -97.736576, 30.587521 ], [ -97.736443, 30.587488 ], [ -97.73636, 30.587493 ], [ -97.736201, 30.58751 ], [ -97.735845, 30.587647 ], [ -97.735629, 30.587719 ], [ -97.735432, 30.587758 ], [ -97.735032, 30.587901 ], [ -97.73493, 30.587912 ], [ -97.734574, 30.587983 ], [ -97.734453, 30.588038 ], [ -97.73432, 30.588082 ], [ -97.734174, 30.588181 ], [ -97.734008, 30.588264 ], [ -97.733703, 30.588391 ], [ -97.732941, 30.588644 ], [ -97.732712, 30.588693 ], [ -97.732419, 30.588655 ], [ -97.732286, 30.58865 ], [ -97.73219, 30.588578 ], [ -97.732025, 30.588336 ], [ -97.731758, 30.588039 ], [ -97.731599, 30.587863 ], [ -97.731395, 30.587621 ], [ -97.731274, 30.587528 ], [ -97.731147, 30.587385 ], [ -97.730969, 30.587247 ], [ -97.730715, 30.587132 ], [ -97.730556, 30.587083 ], [ -97.730308, 30.587039 ], [ -97.729621, 30.586978 ], [ -97.729043, 30.586962 ], [ -97.728356, 30.586863 ], [ -97.727937, 30.586781 ], [ -97.727625, 30.586545 ], [ -97.7276, 30.586396 ], [ -97.727523, 30.586077 ], [ -97.727472, 30.585588 ], [ -97.727479, 30.5855 ], [ -97.727453, 30.585357 ], [ -97.727326, 30.584873 ], [ -97.72723, 30.584858 ], [ -97.727134, 30.584756 ], [ -97.726927, 30.584737 ], [ -97.72686, 30.584773 ], [ -97.726554, 30.585239 ], [ -97.726327, 30.585816 ], [ -97.726196, 30.585883 ], [ -97.726258, 30.585978 ], [ -97.726215, 30.586143 ], [ -97.726163, 30.586341 ], [ -97.726055, 30.586457 ], [ -97.725782, 30.5866 ], [ -97.725546, 30.586683 ], [ -97.72533, 30.586721 ], [ -97.725012, 30.586716 ], [ -97.724828, 30.586661 ], [ -97.724707, 30.586589 ], [ -97.724637, 30.586479 ], [ -97.72458, 30.586413 ], [ -97.724542, 30.586391 ], [ -97.724211, 30.586441 ], [ -97.724026, 30.586414 ], [ -97.723696, 30.586197 ], [ -97.723009, 30.585784 ], [ -97.72236, 30.585415 ], [ -97.721991, 30.585237 ], [ -97.721933, 30.585101 ], [ -97.721522, 30.584715 ], [ -97.721318, 30.584198 ], [ -97.721236, 30.584005 ], [ -97.721159, 30.583884 ], [ -97.721127, 30.583802 ], [ -97.72107, 30.583576 ], [ -97.721025, 30.583147 ], [ -97.721051, 30.582944 ], [ -97.721006, 30.582812 ], [ -97.721013, 30.582647 ], [ -97.720923, 30.582498 ], [ -97.720784, 30.582322 ], [ -97.720631, 30.582003 ], [ -97.720497, 30.581838 ], [ -97.720465, 30.581723 ], [ -97.720408, 30.581514 ], [ -97.720376, 30.581382 ], [ -97.720415, 30.581294 ], [ -97.720491, 30.581189 ], [ -97.720523, 30.581123 ], [ -97.72051, 30.581057 ], [ -97.720313, 30.580865 ], [ -97.720135, 30.580656 ], [ -97.719791, 30.580491 ], [ -97.719563, 30.580365 ], [ -97.719264, 30.580255 ], [ -97.719111, 30.580211 ], [ -97.719046, 30.580201 ], [ -97.719003, 30.580194 ], [ -97.718393, 30.580315 ], [ -97.718285, 30.58031 ], [ -97.717808, 30.580338 ], [ -97.717662, 30.580354 ], [ -97.717458, 30.580343 ], [ -97.717191, 30.580261 ], [ -97.716905, 30.58014 ], [ -97.716479, 30.579936 ], [ -97.716359, 30.579832 ], [ -97.716282, 30.579744 ], [ -97.716111, 30.579601 ], [ -97.715939, 30.579474 ], [ -97.715805, 30.579326 ], [ -97.71571, 30.579161 ], [ -97.715538, 30.579007 ], [ -97.715354, 30.578787 ], [ -97.715189, 30.578639 ], [ -97.714928, 30.578435 ], [ -97.714807, 30.578204 ], [ -97.714559, 30.577918 ], [ -97.714394, 30.57777 ], [ -97.714222, 30.57766 ], [ -97.713904, 30.577544 ], [ -97.713688, 30.577478 ], [ -97.713402, 30.57744 ], [ -97.713053, 30.577462 ], [ -97.71262, 30.577545 ], [ -97.712309, 30.577589 ], [ -97.712048, 30.5776 ], [ -97.711743, 30.57755 ], [ -97.711483, 30.577462 ], [ -97.711279, 30.57733 ], [ -97.711012, 30.577242 ], [ -97.710751, 30.577094 ], [ -97.710529, 30.576923 ], [ -97.710313, 30.576692 ], [ -97.709944, 30.576362 ], [ -97.709524, 30.576027 ], [ -97.709442, 30.575934 ], [ -97.709385, 30.575813 ], [ -97.70927, 30.57567 ], [ -97.7092, 30.575516 ], [ -97.70906, 30.575351 ], [ -97.708901, 30.575274 ], [ -97.708431, 30.574922 ], [ -97.708145, 30.574779 ], [ -97.707452, 30.574559 ], [ -97.70709, 30.57446 ], [ -97.706861, 30.574416 ], [ -97.706486, 30.574284 ], [ -97.716598, 30.57105 ], [ -97.723481, 30.56905 ], [ -97.723947, 30.56891 ], [ -97.732083, 30.566464 ], [ -97.732279, 30.566403 ], [ -97.741437, 30.563576 ], [ -97.741695, 30.563499 ], [ -97.742854, 30.563153 ], [ -97.743327, 30.563013 ], [ -97.743349, 30.563008 ], [ -97.743439, 30.56298 ], [ -97.743464, 30.562972 ], [ -97.746782, 30.561926 ], [ -97.746881, 30.562617 ], [ -97.746903, 30.562769 ], [ -97.746884, 30.563522 ], [ -97.746872, 30.564134 ], [ -97.746892, 30.564268 ], [ -97.746911, 30.564333 ], [ -97.746966, 30.56446 ], [ -97.747384, 30.565237 ], [ -97.747471, 30.565417 ], [ -97.747514, 30.565772 ], [ -97.747514, 30.565866 ], [ -97.747492, 30.566053 ], [ -97.747471, 30.566146 ], [ -97.747407, 30.566326 ], [ -97.747175, 30.566853 ], [ -97.747079, 30.567107 ], [ -97.747042, 30.567237 ], [ -97.747011, 30.567397 ], [ -97.746965, 30.567638 ], [ -97.746952, 30.567874 ], [ -97.74697, 30.56808 ], [ -97.747022, 30.568366 ], [ -97.747091, 30.568607 ], [ -97.74733, 30.569144 ], [ -97.747379, 30.56925 ], [ -97.747545, 30.569609 ], [ -97.747702, 30.569975 ], [ -97.74779, 30.570178 ], [ -97.747977, 30.570581 ], [ -97.748049, 30.570783 ], [ -97.748078, 30.570941 ], [ -97.748092, 30.571179 ], [ -97.748042, 30.571529 ], [ -97.747966, 30.57188 ], [ -97.748108, 30.572327 ], [ -97.748212, 30.572515 ], [ -97.748414, 30.572599 ], [ -97.748755, 30.572593 ], [ -97.749038, 30.572675 ], [ -97.74932, 30.572774 ], [ -97.749603, 30.572777 ], [ -97.749942, 30.572782 ], [ -97.750226, 30.572915 ], [ -97.750651, 30.573099 ], [ -97.750815, 30.573252 ], [ -97.75104, 30.573455 ], [ -97.751344, 30.573641 ], [ -97.751872, 30.573926 ], [ -97.752252, 30.574438 ], [ -97.75275, 30.575645 ], [ -97.753026, 30.5763 ], [ -97.753341, 30.577048 ] ] ] } },
{ "type": "Feature", "properties": { "GEOID": "484910201183", "NAME": "Block Group 3; Census Tract 201.18; Williamson County; Texas", "state": "48", "county": "491", "tract": "020118", "block group": "3", "population": 2316.0, "population_moe": 647.0, "area_sq_miles": 1.1205648564634096, "population_density": 2066.8147734968925, "under5": 0.0, "under5_moe": 21.213203435596427, "under18": 0.0, "under18_moe": 42.426406871192853, "age18_64": 737.0, "age18_64_moe": 356.51507682004137, "age65plus": 1579.0, "age65plus_moe": 362.35341863986878, "civilian_noninstitutionalized_population": 2316.0, "civilian_noninstitutionalized_population_moe": 647.0, "uninsured": 0.0, "uninsured_moe": 30.0, "uninsured_pct": 0.0, "disability_population_base": "<NA>", "disability_population_base_moe": "<NA>", "disability": null, "disability_moe": "<NA>", "disability_pct": null, "poverty_population_base": 2316.0, "poverty_population_base_moe": 647.0, "poverty": 151.0, "poverty_moe": 164.76953601925328, "poverty_pct": 6.5198618307426601, "median_household_income": "105814.0", "median_household_income_moe": "4756.0", "per_capita_income": 70724.0, "per_capita_income_moe": 12424.0, "households": "<NA>", "households_moe": "<NA>", "no_vehicle_households": "<NA>", "no_vehicle_households_moe": "<NA>", "no_vehicle_pct": null, "youth_population_pct": 0.0, "senior_population_pct": 68.177892918825563, "healthcare_need_score": 23.093434672281951, "healthcare_need_notes": "Relative index averaging min-max normalized uninsured_pct, disability_pct, poverty_pct, no_vehicle_pct, youth_population_pct, and senior_population_pct within the retained Liberty Hill study-area block groups.", "uninsured_pct_numerator": "uninsured", "uninsured_pct_denominator": "civilian_noninstitutionalized_population", "disability_pct_numerator": "disability", "disability_pct_denominator": "disability_population_base", "poverty_pct_numerator": "poverty", "poverty_pct_denominator": "poverty_population_base", "no_vehicle_pct_numerator": "no_vehicle_households", "no_vehicle_pct_denominator": "households", "youth_population_pct_numerator": "under18", "youth_population_pct_denominator": "population", "senior_population_pct_numerator": "age65plus", "senior_population_pct_denominator": "population", "intersects_liberty_hill_city": false, "nearest_any_medical_miles": 1.1907166151586559, "nearest_primary_care_miles": 1.1907166151586559, "nearest_urgent_care_miles": 10.011132848211723, "nearest_hospital_miles": 6.8485592882463351, "nearest_emergency_miles": 10.756961086737723, "nearest_primary_care_minutes": null, "nearest_urgent_care_minutes": null, "nearest_hospital_minutes": null, "nearest_emergency_minutes": null, "healthcare_access_measure": "Straight-line distance", "healthcare_access_distance_band": "1-3 miles" }, "geometry": { "type": "Polygon", "coordinates": [ [ [ -97.757139, 30.710657 ], [ -97.75681, 30.710941 ], [ -97.756537, 30.711112 ], [ -97.756329, 30.711231 ], [ -97.755949, 30.711376 ], [ -97.755545, 30.711489 ], [ -97.755204, 30.711527 ], [ -97.754884, 30.711537 ], [ -97.754802, 30.711539 ], [ -97.754608, 30.711526 ], [ -97.754302, 30.711482 ], [ -97.753596, 30.711351 ], [ -97.753028, 30.711236 ], [ -97.752712, 30.711183 ], [ -97.752598, 30.711161 ], [ -97.752528, 30.711188 ], [ -97.75241, 30.711243 ], [ -97.752366, 30.711293 ], [ -97.752232, 30.711524 ], [ -97.752136, 30.711639 ], [ -97.75206, 30.71176 ], [ -97.752047, 30.711826 ], [ -97.751958, 30.71198 ], [ -97.751888, 30.712162 ], [ -97.751499, 30.712799 ], [ -97.751244, 30.713426 ], [ -97.751161, 30.713575 ], [ -97.751047, 30.713828 ], [ -97.750983, 30.713932 ], [ -97.750773, 30.714163 ], [ -97.750652, 30.714333 ], [ -97.750416, 30.714614 ], [ -97.750339, 30.714729 ], [ -97.750288, 30.714773 ], [ -97.75011, 30.714999 ], [ -97.749525, 30.71582 ], [ -97.74943, 30.71598 ], [ -97.749328, 30.716277 ], [ -97.74929, 30.716448 ], [ -97.749252, 30.716871 ], [ -97.749207, 30.717019 ], [ -97.749138, 30.717163 ], [ -97.749036, 30.717273 ], [ -97.748896, 30.717388 ], [ -97.748686, 30.717443 ], [ -97.748514, 30.717476 ], [ -97.748399, 30.717526 ], [ -97.748304, 30.717603 ], [ -97.748281, 30.71763 ], [ -97.748221, 30.717702 ], [ -97.748126, 30.717795 ], [ -97.748037, 30.717911 ], [ -97.748153, 30.718245 ], [ -97.748306, 30.718682 ], [ -97.748446, 30.719167 ], [ -97.747852, 30.719225 ], [ -97.747485, 30.719382 ], [ -97.747389, 30.719522 ], [ -97.747382, 30.719627 ], [ -97.747382, 30.719853 ], [ -97.747414, 30.720029 ], [ -97.747421, 30.720183 ], [ -97.747402, 30.720331 ], [ -97.747332, 30.720579 ], [ -97.747325, 30.720711 ], [ -97.747287, 30.72092 ], [ -97.747217, 30.721123 ], [ -97.747109, 30.721294 ], [ -97.746963, 30.721481 ], [ -97.74688, 30.721573 ], [ -97.746817, 30.721646 ], [ -97.746721, 30.721794 ], [ -97.74662, 30.722064 ], [ -97.746512, 30.722306 ], [ -97.746365, 30.722675 ], [ -97.746308, 30.722878 ], [ -97.746143, 30.723087 ], [ -97.746015, 30.723291 ], [ -97.745786, 30.723511 ], [ -97.745596, 30.723637 ], [ -97.745462, 30.723769 ], [ -97.745284, 30.723923 ], [ -97.74515, 30.724061 ], [ -97.745023, 30.724232 ], [ -97.744692, 30.724452 ], [ -97.744463, 30.72465 ], [ -97.744126, 30.725057 ], [ -97.743534, 30.725239 ], [ -97.743394, 30.725255 ], [ -97.743152, 30.725321 ], [ -97.742923, 30.725371 ], [ -97.742636, 30.725503 ], [ -97.742191, 30.725602 ], [ -97.741943, 30.725751 ], [ -97.741758, 30.725789 ], [ -97.741459, 30.725971 ], [ -97.741395, 30.725976 ], [ -97.741281, 30.725894 ], [ -97.741217, 30.725861 ], [ -97.741179, 30.725856 ], [ -97.741096, 30.725817 ], [ -97.740867, 30.725652 ], [ -97.740586, 30.725361 ], [ -97.74016, 30.724981 ], [ -97.739892, 30.72469 ], [ -97.739554, 30.724349 ], [ -97.73916, 30.723827 ], [ -97.738854, 30.723514 ], [ -97.738809, 30.723277 ], [ -97.73872, 30.723156 ], [ -97.738663, 30.723024 ], [ -97.738605, 30.722804 ], [ -97.738446, 30.722518 ], [ -97.738389, 30.722152 ], [ -97.738293, 30.721539 ], [ -97.738197, 30.721182 ], [ -97.738025, 30.720786 ], [ -97.73798, 30.720659 ], [ -97.737859, 30.720566 ], [ -97.73777, 30.720478 ], [ -97.737433, 30.72033 ], [ -97.73721, 30.720291 ], [ -97.737012, 30.72028 ], [ -97.736713, 30.720385 ], [ -97.736561, 30.720412 ], [ -97.736497, 30.720407 ], [ -97.736452, 30.720385 ], [ -97.736401, 30.720335 ], [ -97.736325, 30.720215 ], [ -97.73628, 30.720198 ], [ -97.736185, 30.720226 ], [ -97.73593, 30.720413 ], [ -97.735377, 30.72071 ], [ -97.73509, 30.720913 ], [ -97.735001, 30.721001 ], [ -97.734454, 30.721359 ], [ -97.734008, 30.721601 ], [ -97.733684, 30.721722 ], [ -97.733194, 30.721838 ], [ -97.732729, 30.721882 ], [ -97.732646, 30.721871 ], [ -97.732557, 30.721833 ], [ -97.732391, 30.721712 ], [ -97.731882, 30.721168 ], [ -97.731519, 30.72086 ], [ -97.731194, 30.720612 ], [ -97.730634, 30.720277 ], [ -97.730026, 30.719932 ], [ -97.72987, 30.719843 ], [ -97.729494, 30.719595 ], [ -97.729386, 30.719485 ], [ -97.729297, 30.719364 ], [ -97.729233, 30.719221 ], [ -97.72915, 30.718919 ], [ -97.729112, 30.718721 ], [ -97.729112, 30.718583 ], [ -97.729137, 30.718286 ], [ -97.729175, 30.718105 ], [ -97.729182, 30.718006 ], [ -97.729156, 30.717868 ], [ -97.729321, 30.717725 ], [ -97.729417, 30.717588 ], [ -97.7295, 30.717494 ], [ -97.729633, 30.717401 ], [ -97.729761, 30.717335 ], [ -97.730123, 30.717021 ], [ -97.730181, 30.716944 ], [ -97.730251, 30.716878 ], [ -97.730562, 30.716394 ], [ -97.731001, 30.715954 ], [ -97.731039, 30.715948 ], [ -97.731103, 30.715904 ], [ -97.731154, 30.715833 ], [ -97.731256, 30.715745 ], [ -97.731695, 30.715591 ], [ -97.73172, 30.715613 ], [ -97.731829, 30.715618 ], [ -97.73188, 30.715585 ], [ -97.731892, 30.715558 ], [ -97.732071, 30.715426 ], [ -97.732115, 30.715354 ], [ -97.732128, 30.715129 ], [ -97.732147, 30.715107 ], [ -97.732242, 30.715046 ], [ -97.732446, 30.714947 ], [ -97.73256, 30.714864 ], [ -97.732592, 30.714809 ], [ -97.732592, 30.714722 ], [ -97.732474, 30.714109 ], [ -97.731714, 30.713351 ], [ -97.731479, 30.713174 ], [ -97.731586, 30.713091 ], [ -97.73161, 30.713073 ], [ -97.732543, 30.712352 ], [ -97.733525, 30.711929 ], [ -97.733744, 30.711844 ], [ -97.733968, 30.711771 ], [ -97.734238, 30.711697 ], [ -97.734527, 30.711625 ], [ -97.735598, 30.71132 ], [ -97.735714, 30.711281 ], [ -97.735825, 30.711234 ], [ -97.73593, 30.711179 ], [ -97.736503, 30.710825 ], [ -97.736663, 30.710746 ], [ -97.736775, 30.710704 ], [ -97.740087, 30.709687 ], [ -97.74076, 30.709482 ], [ -97.743591, 30.708597 ], [ -97.745249, 30.708118 ], [ -97.747062, 30.707614 ], [ -97.747693, 30.707418 ], [ -97.749595, 30.706856 ], [ -97.749705, 30.706815 ], [ -97.749863, 30.706741 ], [ -97.749963, 30.706683 ], [ -97.750051, 30.706624 ], [ -97.75009, 30.70659 ], [ -97.750159, 30.706515 ], [ -97.750799, 30.705588 ], [ -97.755173, 30.707999 ], [ -97.756005, 30.708538 ], [ -97.757005, 30.70926 ], [ -97.757862, 30.709859 ], [ -97.757139, 30.710657 ] ] ] } },
{ "type": "Feature", "properties": { "GEOID": "484910202052", "NAME": "Block Group 2; Census Tract 202.05; Williamson County; Texas", "state": "48", "county": "491", "tract": "020205", "block group": "2", "population": 1884.0, "population_moe": 504.0, "area_sq_miles": 14.82483276473341, "population_density": 127.08406427908055, "under5": 117.0, "under5_moe": 142.02112518917741, "under18": 429.0, "under18_moe": 204.97072961767003, "age18_64": 1026.0, "age18_64_moe": 221.34136531611077, "age65plus": 429.0, "age65plus_moe": 119.45291959596467, "civilian_noninstitutionalized_population": 1884.0, "civilian_noninstitutionalized_population_moe": 504.0, "uninsured": 69.0, "uninsured_moe": 73.348483283568996, "uninsured_pct": 3.6624203821656049, "disability_population_base": "<NA>", "disability_population_base_moe": "<NA>", "disability": null, "disability_moe": "<NA>", "disability_pct": null, "poverty_population_base": 1884.0, "poverty_population_base_moe": 504.0, "poverty": 64.0, "poverty_moe": 56.320511361314892, "poverty_pct": 3.397027600849257, "median_household_income": "129063.0", "median_household_income_moe": "47197.0", "per_capita_income": 100084.0, "per_capita_income_moe": 40781.0, "households": "<NA>", "households_moe": "<NA>", "no_vehicle_households": "<NA>", "no_vehicle_households_moe": "<NA>", "no_vehicle_pct": null, "youth_population_pct": 22.770700636942674, "senior_population_pct": 22.770700636942674, "healthcare_need_score": 24.648422708096415, "healthcare_need_notes": "Relative index averaging min-max normalized uninsured_pct, disability_pct, poverty_pct, no_vehicle_pct, youth_population_pct, and senior_population_pct within the retained Liberty Hill study-area block groups.", "uninsured_pct_numerator": "uninsured", "uninsured_pct_denominator": "civilian_noninstitutionalized_population", "disability_pct_numerator": "disability", "disability_pct_denominator": "disability_population_base", "poverty_pct_numerator": "poverty", "poverty_pct_denominator": "poverty_population_base", "no_vehicle_pct_numerator": "no_vehicle_households", "no_vehicle_pct_denominator": "households", "youth_population_pct_numerator": "under18", "youth_population_pct_denominator": "population", "senior_population_pct_numerator": "age65plus", "senior_population_pct_denominator": "population", "intersects_liberty_hill_city": false, "nearest_any_medical_miles": 6.0990851566156659, "nearest_primary_care_miles": 6.0990851566156659, "nearest_urgent_care_miles": 6.9525262823299556, "nearest_hospital_miles": 11.391021950734252, "nearest_emergency_miles": 10.192283743264341, "nearest_primary_care_minutes": null, "nearest_urgent_care_minutes": null, "nearest_hospital_minutes": null, "nearest_emergency_minutes": null, "healthcare_access_measure": "Straight-line distance", "healthcare_access_distance_band": "5-10 miles" }, "geometry": { "type": "Polygon", "coordinates": [ [ [ -97.85674, 30.760422 ], [ -97.853021, 30.761582 ], [ -97.849357, 30.762732 ], [ -97.845428, 30.763923 ], [ -97.844864, 30.764103 ], [ -97.843814, 30.76441 ], [ -97.843066, 30.764641 ], [ -97.84301, 30.764669 ], [ -97.842912, 30.76474 ], [ -97.842853, 30.764806 ], [ -97.842737, 30.764914 ], [ -97.842579, 30.764922 ], [ -97.84235, 30.764945 ], [ -97.842077, 30.764988 ], [ -97.841811, 30.765049 ], [ -97.841546, 30.765131 ], [ -97.840329, 30.765522 ], [ -97.838956, 30.765948 ], [ -97.837838, 30.766281 ], [ -97.836599, 30.766681 ], [ -97.835354, 30.767058 ], [ -97.833881, 30.767504 ], [ -97.832061, 30.768066 ], [ -97.830681, 30.768497 ], [ -97.828271, 30.769234 ], [ -97.825816, 30.77 ], [ -97.825578, 30.770072 ], [ -97.825026, 30.77024 ], [ -97.824761, 30.770321 ], [ -97.823388, 30.770749 ], [ -97.822455, 30.771031 ], [ -97.822274, 30.771086 ], [ -97.820619, 30.771603 ], [ -97.819568, 30.771924 ], [ -97.819016, 30.772094 ], [ -97.818754, 30.772158 ], [ -97.818488, 30.772205 ], [ -97.818219, 30.772233 ], [ -97.817946, 30.772244 ], [ -97.81767, 30.772236 ], [ -97.817545, 30.772227 ], [ -97.817487, 30.772328 ], [ -97.817404, 30.772415 ], [ -97.816655, 30.772651 ], [ -97.816288, 30.772793 ], [ -97.815966, 30.772946 ], [ -97.815717, 30.773087 ], [ -97.815698, 30.773098 ], [ -97.815608, 30.773134 ], [ -97.815454, 30.773195 ], [ -97.815181, 30.773294 ], [ -97.813625, 30.773769 ], [ -97.809851, 30.774964 ], [ -97.809741, 30.774999 ], [ -97.809287, 30.775152 ], [ -97.809011, 30.775245 ], [ -97.808391, 30.775438 ], [ -97.806896, 30.775904 ], [ -97.8063, 30.776095 ], [ -97.805482, 30.776346 ], [ -97.804734, 30.776587 ], [ -97.803695, 30.776907 ], [ -97.802207, 30.777383 ], [ -97.801709, 30.777528 ], [ -97.801352, 30.777632 ], [ -97.800625, 30.777822 ], [ -97.800051, 30.777988 ], [ -97.799222, 30.778258 ], [ -97.797376, 30.778881 ], [ -97.7966, 30.779149 ], [ -97.796319, 30.779245 ], [ -97.796219, 30.779202 ], [ -97.796015, 30.77913 ], [ -97.795831, 30.779014 ], [ -97.795474, 30.778866 ], [ -97.794875, 30.778547 ], [ -97.794697, 30.778481 ], [ -97.794525, 30.778354 ], [ -97.794308, 30.778244 ], [ -97.793933, 30.777925 ], [ -97.793748, 30.777711 ], [ -97.793557, 30.777458 ], [ -97.793391, 30.777271 ], [ -97.793302, 30.777232 ], [ -97.793047, 30.777095 ], [ -97.792825, 30.777023 ], [ -97.792653, 30.77699 ], [ -97.7925, 30.776985 ], [ -97.792181, 30.777006 ], [ -97.792073, 30.777006 ], [ -97.791678, 30.776726 ], [ -97.791583, 30.776621 ], [ -97.791372, 30.776324 ], [ -97.791296, 30.776181 ], [ -97.79122, 30.775994 ], [ -97.791118, 30.775692 ], [ -97.790971, 30.775367 ], [ -97.790901, 30.775252 ], [ -97.790806, 30.775131 ], [ -97.790691, 30.775054 ], [ -97.790598, 30.775007 ], [ -97.790567, 30.774995 ], [ -97.79029, 30.774922 ], [ -97.789717, 30.774823 ], [ -97.789417, 30.774795 ], [ -97.789239, 30.774723 ], [ -97.789131, 30.774691 ], [ -97.789003, 30.774624 ], [ -97.788863, 30.774509 ], [ -97.78866, 30.774195 ], [ -97.788539, 30.773948 ], [ -97.788271, 30.773673 ], [ -97.788188, 30.773651 ], [ -97.788016, 30.773651 ], [ -97.78759, 30.773568 ], [ -97.787411, 30.773486 ], [ -97.787086, 30.773469 ], [ -97.786959, 30.773409 ], [ -97.786902, 30.773337 ], [ -97.786832, 30.773271 ], [ -97.786806, 30.773189 ], [ -97.786717, 30.773112 ], [ -97.786017, 30.772622 ], [ -97.785418, 30.772319 ], [ -97.785214, 30.772281 ], [ -97.784972, 30.772204 ], [ -97.784647, 30.772204 ], [ -97.784246, 30.77227 ], [ -97.783921, 30.772352 ], [ -97.783564, 30.7725 ], [ -97.783291, 30.772632 ], [ -97.782673, 30.772907 ], [ -97.78208, 30.772951 ], [ -97.781857, 30.772929 ], [ -97.781399, 30.77283 ], [ -97.781189, 30.772725 ], [ -97.780985, 30.772577 ], [ -97.780832, 30.772428 ], [ -97.780673, 30.772148 ], [ -97.780297, 30.771763 ], [ -97.780176, 30.771587 ], [ -97.780157, 30.771515 ], [ -97.779934, 30.771163 ], [ -97.779794, 30.771031 ], [ -97.779495, 30.770888 ], [ -97.77924, 30.770877 ], [ -97.778826, 30.770783 ], [ -97.778629, 30.77075 ], [ -97.77847, 30.770673 ], [ -97.778444, 30.770547 ], [ -97.7784, 30.770453 ], [ -97.778291, 30.769887 ], [ -97.778234, 30.769749 ], [ -97.778075, 30.769573 ], [ -97.777922, 30.769419 ], [ -97.777311, 30.769067 ], [ -97.776725, 30.76883 ], [ -97.777687, 30.768803 ], [ -97.777821, 30.768875 ], [ -97.778413, 30.769249 ], [ -97.778623, 30.769337 ], [ -97.778789, 30.769392 ], [ -97.77896, 30.769491 ], [ -97.779241, 30.769535 ], [ -97.779553, 30.769557 ], [ -97.779667, 30.769524 ], [ -97.779776, 30.769508 ], [ -97.779897, 30.769502 ], [ -97.780591, 30.769788 ], [ -97.78068, 30.769832 ], [ -97.780865, 30.769959 ], [ -97.780979, 30.769997 ], [ -97.781049, 30.769975 ], [ -97.781476, 30.769706 ], [ -97.782024, 30.769283 ], [ -97.782527, 30.768925 ], [ -97.782814, 30.768705 ], [ -97.783133, 30.768386 ], [ -97.78333, 30.768172 ], [ -97.783413, 30.768101 ], [ -97.783509, 30.767935 ], [ -97.78356, 30.767738 ], [ -97.783566, 30.767644 ], [ -97.783674, 30.767463 ], [ -97.783725, 30.76743 ], [ -97.783719, 30.767254 ], [ -97.783668, 30.767237 ], [ -97.783598, 30.767188 ], [ -97.783572, 30.767078 ], [ -97.783572, 30.76699 ], [ -97.783655, 30.76694 ], [ -97.7837, 30.766924 ], [ -97.783757, 30.766852 ], [ -97.783846, 30.766764 ], [ -97.783942, 30.766775 ], [ -97.783974, 30.766709 ], [ -97.784108, 30.766539 ], [ -97.784146, 30.766473 ], [ -97.784165, 30.766396 ], [ -97.784165, 30.766335 ], [ -97.78419, 30.766253 ], [ -97.784261, 30.766192 ], [ -97.784362, 30.766176 ], [ -97.784445, 30.766181 ], [ -97.784566, 30.766203 ], [ -97.784643, 30.766187 ], [ -97.784745, 30.766148 ], [ -97.784757, 30.766055 ], [ -97.784719, 30.766 ], [ -97.784764, 30.765923 ], [ -97.784878, 30.76589 ], [ -97.78514, 30.765785 ], [ -97.785286, 30.765774 ], [ -97.785382, 30.765714 ], [ -97.785458, 30.765626 ], [ -97.785541, 30.76556 ], [ -97.785592, 30.765555 ], [ -97.785675, 30.76545 ], [ -97.785796, 30.765362 ], [ -97.785859, 30.765379 ], [ -97.785898, 30.765417 ], [ -97.785949, 30.765417 ], [ -97.786146, 30.765318 ], [ -97.786369, 30.765159 ], [ -97.786444, 30.765113 ], [ -97.786202, 30.764624 ], [ -97.78605, 30.764223 ], [ -97.785493, 30.762856 ], [ -97.785142, 30.762053 ], [ -97.784702, 30.761074 ], [ -97.785649, 30.760799 ], [ -97.786662, 30.760475 ], [ -97.789052, 30.75971 ], [ -97.789153, 30.759677 ], [ -97.790398, 30.759273 ], [ -97.791685, 30.758873 ], [ -97.793017, 30.758406 ], [ -97.795415, 30.757643 ], [ -97.797571, 30.75695 ], [ -97.79836, 30.756664 ], [ -97.798175, 30.756237 ], [ -97.797016, 30.753711 ], [ -97.797004, 30.753656 ], [ -97.797007, 30.7536 ], [ -97.797025, 30.753542 ], [ -97.797059, 30.75349 ], [ -97.797107, 30.753446 ], [ -97.797166, 30.753413 ], [ -97.799002, 30.752822 ], [ -97.802441, 30.751736 ], [ -97.802894, 30.751595 ], [ -97.804234, 30.751179 ], [ -97.806115, 30.750595 ], [ -97.806077, 30.750503 ], [ -97.805298, 30.748623 ], [ -97.805048, 30.74808 ], [ -97.804669, 30.74717 ], [ -97.802805, 30.742655 ], [ -97.802318, 30.741777 ], [ -97.80182, 30.740943 ], [ -97.801616, 30.74064 ], [ -97.80138, 30.740302 ], [ -97.801188, 30.740035 ], [ -97.801063, 30.73983 ], [ -97.800842, 30.739522 ], [ -97.800605, 30.739224 ], [ -97.80035, 30.738937 ], [ -97.798863, 30.737409 ], [ -97.796572, 30.735435 ], [ -97.795986, 30.734967 ], [ -97.795767, 30.734815 ], [ -97.795533, 30.734678 ], [ -97.795328, 30.734577 ], [ -97.795288, 30.734558 ], [ -97.795032, 30.734455 ], [ -97.794577, 30.734308 ], [ -97.794286, 30.73423 ], [ -97.793989, 30.734168 ], [ -97.793688, 30.734124 ], [ -97.793384, 30.734097 ], [ -97.793064, 30.734087 ], [ -97.792773, 30.734095 ], [ -97.791664, 30.734072 ], [ -97.78997, 30.734036 ], [ -97.789479, 30.734015 ], [ -97.788909, 30.733969 ], [ -97.788343, 30.733902 ], [ -97.787779, 30.733813 ], [ -97.787316, 30.733712 ], [ -97.786191, 30.73345 ], [ -97.784999, 30.733255 ], [ -97.783928, 30.733017 ], [ -97.783161, 30.732837 ], [ -97.782636, 30.732665 ], [ -97.782352, 30.732544 ], [ -97.782099, 30.732426 ], [ -97.781889, 30.732319 ], [ -97.78168, 30.732195 ], [ -97.781491, 30.732068 ], [ -97.781258, 30.731888 ], [ -97.780937, 30.731649 ], [ -97.780718, 30.731438 ], [ -97.780537, 30.731173 ], [ -97.780312, 30.730919 ], [ -97.780168, 30.730639 ], [ -97.779661, 30.729613 ], [ -97.778948, 30.727835 ], [ -97.778486, 30.726685 ], [ -97.778464, 30.726632 ], [ -97.77828, 30.72618 ], [ -97.777869, 30.725202 ], [ -97.777774, 30.724974 ], [ -97.777458, 30.724526 ], [ -97.777369, 30.7244 ], [ -97.77706, 30.724074 ], [ -97.776631, 30.723491 ], [ -97.77642, 30.723306 ], [ -97.776087, 30.723012 ], [ -97.775136, 30.722202 ], [ -97.775096, 30.722168 ], [ -97.774949, 30.722047 ], [ -97.774527, 30.721693 ], [ -97.774186, 30.721389 ], [ -97.774062, 30.721287 ], [ -97.773714, 30.720982 ], [ -97.773502, 30.720796 ], [ -97.770307, 30.717907 ], [ -97.770036, 30.717662 ], [ -97.76854, 30.716311 ], [ -97.766087, 30.714085 ], [ -97.765837, 30.713858 ], [ -97.765619, 30.71367 ], [ -97.765389, 30.713494 ], [ -97.765327, 30.713451 ], [ -97.765195, 30.71336 ], [ -97.765099, 30.713297 ], [ -97.764796, 30.713116 ], [ -97.764588, 30.713002 ], [ -97.764267, 30.712845 ], [ -97.763993, 30.712728 ], [ -97.763711, 30.712623 ], [ -97.763424, 30.71253 ], [ -97.761954, 30.712126 ], [ -97.762117, 30.71171 ], [ -97.762279, 30.711423 ], [ -97.762388, 30.711274 ], [ -97.762543, 30.711098 ], [ -97.762814, 30.710873 ], [ -97.76327, 30.710594 ], [ -97.766561, 30.709377 ], [ -97.768746, 30.708568 ], [ -97.76877, 30.708559 ], [ -97.770216, 30.708024 ], [ -97.770937, 30.70775 ], [ -97.771196, 30.707654 ], [ -97.774968, 30.706249 ], [ -97.776037, 30.705857 ], [ -97.777263, 30.705403 ], [ -97.777533, 30.705301 ], [ -97.778108, 30.705103 ], [ -97.778358, 30.705032 ], [ -97.778615, 30.704977 ], [ -97.778876, 30.704936 ], [ -97.77914, 30.704912 ], [ -97.779405, 30.704907 ], [ -97.779669, 30.704918 ], [ -97.779887, 30.704939 ], [ -97.779925, 30.704945 ], [ -97.780516, 30.705035 ], [ -97.780587, 30.705047 ], [ -97.781479, 30.705192 ], [ -97.781877, 30.70528 ], [ -97.782336, 30.705465 ], [ -97.782487, 30.70553 ], [ -97.784888, 30.706735 ], [ -97.785178, 30.706903 ], [ -97.785399, 30.70706 ], [ -97.785607, 30.70723 ], [ -97.785802, 30.707412 ], [ -97.786086, 30.707694 ], [ -97.786542, 30.708144 ], [ -97.786586, 30.708187 ], [ -97.786969, 30.708536 ], [ -97.787185, 30.708691 ], [ -97.787641, 30.709007 ], [ -97.787886, 30.709166 ], [ -97.78848, 30.709551 ], [ -97.789592, 30.710283 ], [ -97.789815, 30.710429 ], [ -97.790559, 30.710919 ], [ -97.79136, 30.711454 ], [ -97.791585, 30.711617 ], [ -97.791824, 30.711764 ], [ -97.792075, 30.711895 ], [ -97.792401, 30.712045 ], [ -97.792448, 30.712063 ], [ -97.792573, 30.712112 ], [ -97.79282, 30.712193 ], [ -97.79308, 30.712261 ], [ -97.793346, 30.712311 ], [ -97.793525, 30.712335 ], [ -97.794899, 30.712423 ], [ -97.795178, 30.712446 ], [ -97.79635, 30.712538 ], [ -97.796621, 30.71256 ], [ -97.796973, 30.712586 ], [ -97.797144, 30.712605 ], [ -97.797799, 30.71268 ], [ -97.797836, 30.712685 ], [ -97.798428, 30.712766 ], [ -97.801725, 30.713259 ], [ -97.802699, 30.713401 ], [ -97.802776, 30.713409 ], [ -97.802931, 30.713421 ], [ -97.803211, 30.713428 ], [ -97.803253, 30.713426 ], [ -97.803491, 30.713416 ], [ -97.803864, 30.713376 ], [ -97.804147, 30.71334 ], [ -97.804427, 30.713286 ], [ -97.804702, 30.713215 ], [ -97.80497, 30.713127 ], [ -97.80523, 30.713023 ], [ -97.805758, 30.712762 ], [ -97.807528, 30.711841 ], [ -97.810925, 30.710046 ], [ -97.811125, 30.709931 ], [ -97.811254, 30.709857 ], [ -97.811743, 30.709577 ], [ -97.813004, 30.708718 ], [ -97.813904, 30.708104 ], [ -97.815387, 30.707092 ], [ -97.817595, 30.705598 ], [ -97.818435, 30.70503 ], [ -97.819846, 30.704318 ], [ -97.821398, 30.705709 ], [ -97.821784, 30.706055 ], [ -97.822329, 30.706467 ], [ -97.822486, 30.706626 ], [ -97.822604, 30.706907 ], [ -97.82266, 30.707496 ], [ -97.822619, 30.708378 ], [ -97.822643, 30.708844 ], [ -97.822753, 30.709449 ], [ -97.822815, 30.709823 ], [ -97.822841, 30.710179 ], [ -97.822852, 30.710458 ], [ -97.822847, 30.710644 ], [ -97.822911, 30.710939 ], [ -97.822983, 30.711203 ], [ -97.823187, 30.711533 ], [ -97.823373, 30.711782 ], [ -97.823537, 30.712098 ], [ -97.823686, 30.712406 ], [ -97.823718, 30.712634 ], [ -97.823749, 30.712915 ], [ -97.823913, 30.713384 ], [ -97.824129, 30.713719 ], [ -97.82436, 30.714035 ], [ -97.824589, 30.714312 ], [ -97.82489, 30.714756 ], [ -97.825113, 30.715096 ], [ -97.825308, 30.715739 ], [ -97.825734, 30.716757 ], [ -97.825838, 30.717119 ], [ -97.82599, 30.717546 ], [ -97.826056, 30.717726 ], [ -97.826174, 30.717849 ], [ -97.826337, 30.71798 ], [ -97.826503, 30.718096 ], [ -97.8266, 30.718143 ], [ -97.826708, 30.718162 ], [ -97.826887, 30.718166 ], [ -97.827175, 30.718155 ], [ -97.827347, 30.718143 ], [ -97.827687, 30.718086 ], [ -97.828326, 30.718004 ], [ -97.828773, 30.718028 ], [ -97.829013, 30.718134 ], [ -97.829393, 30.718416 ], [ -97.829508, 30.718481 ], [ -97.829642, 30.718459 ], [ -97.829737, 30.718686 ], [ -97.831074, 30.721881 ], [ -97.831235, 30.722213 ], [ -97.831376, 30.722548 ], [ -97.831491, 30.722818 ], [ -97.83158, 30.723029 ], [ -97.831761, 30.723422 ], [ -97.831778, 30.723458 ], [ -97.831954, 30.723897 ], [ -97.832255, 30.724487 ], [ -97.832529, 30.725149 ], [ -97.832816, 30.725842 ], [ -97.833044, 30.726412 ], [ -97.833185, 30.726827 ], [ -97.833222, 30.726975 ], [ -97.833243, 30.72703 ], [ -97.833275, 30.727078 ], [ -97.833333, 30.727129 ], [ -97.833397, 30.727165 ], [ -97.833425, 30.727171 ], [ -97.833462, 30.72717 ], [ -97.833518, 30.727158 ], [ -97.834043, 30.726998 ], [ -97.83436, 30.726902 ], [ -97.83455, 30.72686 ], [ -97.834625, 30.726859 ], [ -97.834679, 30.726866 ], [ -97.834715, 30.726871 ], [ -97.83476, 30.726884 ], [ -97.83484, 30.726917 ], [ -97.834895, 30.726954 ], [ -97.834929, 30.726985 ], [ -97.835034, 30.727109 ], [ -97.835061, 30.727154 ], [ -97.835332, 30.727684 ], [ -97.835485, 30.728025 ], [ -97.83562, 30.728392 ], [ -97.835709, 30.728565 ], [ -97.835832, 30.728729 ], [ -97.836053, 30.728985 ], [ -97.836092, 30.729021 ], [ -97.836164, 30.729061 ], [ -97.836217, 30.729077 ], [ -97.836273, 30.729086 ], [ -97.836359, 30.729082 ], [ -97.836461, 30.729059 ], [ -97.836839, 30.728895 ], [ -97.83847, 30.728417 ], [ -97.840319, 30.727836 ], [ -97.841956, 30.727327 ], [ -97.843616, 30.726792 ], [ -97.843691, 30.726768 ], [ -97.843739, 30.726759 ], [ -97.843819, 30.726756 ], [ -97.843895, 30.726772 ], [ -97.84396, 30.7268 ], [ -97.844014, 30.726837 ], [ -97.844063, 30.726884 ], [ -97.844124, 30.726961 ], [ -97.844254, 30.727173 ], [ -97.844468, 30.727555 ], [ -97.844576, 30.727785 ], [ -97.845685, 30.730464 ], [ -97.846085, 30.731411 ], [ -97.846375, 30.732081 ], [ -97.846449, 30.732292 ], [ -97.846539, 30.732499 ], [ -97.846646, 30.7327 ], [ -97.846663, 30.732738 ], [ -97.846894, 30.733117 ], [ -97.846985, 30.733302 ], [ -97.848595, 30.73727 ], [ -97.849468, 30.739417 ], [ -97.850107, 30.74099 ], [ -97.850362, 30.741617 ], [ -97.850961, 30.74308 ], [ -97.85129, 30.7439 ], [ -97.851401, 30.744354 ], [ -97.851434, 30.744501 ], [ -97.851454, 30.744594 ], [ -97.851541, 30.744882 ], [ -97.852345, 30.746868 ], [ -97.852594, 30.747493 ], [ -97.85338, 30.749523 ], [ -97.854241, 30.751566 ], [ -97.85427, 30.751652 ], [ -97.85433, 30.751831 ], [ -97.854398, 30.7521 ], [ -97.854444, 30.752373 ], [ -97.854633, 30.754188 ], [ -97.854639, 30.75444 ], [ -97.854627, 30.754657 ], [ -97.854607, 30.754851 ], [ -97.854606, 30.755037 ], [ -97.854618, 30.75516 ], [ -97.854639, 30.755283 ], [ -97.85467, 30.755403 ], [ -97.854744, 30.755612 ], [ -97.854988, 30.75626 ], [ -97.855128, 30.7566 ], [ -97.855774, 30.758169 ], [ -97.856352, 30.759527 ], [ -97.85674, 30.760422 ] ] ] } },
{ "type": "Feature", "properties": { "GEOID": "484910202051", "NAME": "Block Group 1; Census Tract 202.05; Williamson County; Texas", "state": "48", "county": "491", "tract": "020205", "block group": "1", "population": 2477.0, "population_moe": 515.0, "area_sq_miles": 13.062081714873685, "population_density": 189.63286664938411, "under5": 92.0, "under5_moe": 60.876925020897694, "under18": 598.0, "under18_moe": 175.874955579241, "age18_64": 1584.0, "age18_64_moe": 298.7591002798074, "age65plus": 295.0, "age65plus_moe": 90.027773492406226, "civilian_noninstitutionalized_population": 2477.0, "civilian_noninstitutionalized_population_moe": 515.0, "uninsured": 269.0, "uninsured_moe": 169.24833824885843, "uninsured_pct": 10.859911182882518, "disability_population_base": "<NA>", "disability_population_base_moe": "<NA>", "disability": null, "disability_moe": "<NA>", "disability_pct": null, "poverty_population_base": 2477.0, "poverty_population_base_moe": 515.0, "poverty": 0.0, "poverty_moe": 21.213203435596427, "poverty_pct": 0.0, "median_household_income": "179314.0", "median_household_income_moe": "22606.0", "per_capita_income": 73028.0, "per_capita_income_moe": 11498.0, "households": "<NA>", "households_moe": "<NA>", "no_vehicle_households": "<NA>", "no_vehicle_households_moe": "<NA>", "no_vehicle_pct": null, "youth_population_pct": 24.142107387969318, "senior_population_pct": 11.909568025837707, "healthcare_need_score": 25.331585132454443, "healthcare_need_notes": "Relative index averaging min-max normalized uninsured_pct, disability_pct, poverty_pct, no_vehicle_pct, youth_population_pct, and senior_population_pct within the retained Liberty Hill study-area block groups.", "uninsured_pct_numerator": "uninsured", "uninsured_pct_denominator": "civilian_noninstitutionalized_population", "disability_pct_numerator": "disability", "disability_pct_denominator": "disability_population_base", "poverty_pct_numerator": "poverty", "poverty_pct_denominator": "poverty_population_base", "no_vehicle_pct_numerator": "no_vehicle_households", "no_vehicle_pct_denominator": "households", "youth_population_pct_numerator": "under18", "youth_population_pct_denominator": "population", "senior_population_pct_numerator": "age65plus", "senior_population_pct_denominator": "population", "intersects_liberty_hill_city": false, "nearest_any_medical_miles": 4.4743269867207243, "nearest_primary_care_miles": 4.4743269867207243, "nearest_urgent_care_miles": 4.4743269867207243, "nearest_hospital_miles": 11.287287452447019, "nearest_emergency_miles": 8.0146280596778645, "nearest_primary_care_minutes": null, "nearest_urgent_care_minutes": null, "nearest_hospital_minutes": null, "nearest_emergency_minutes": null, "healthcare_access_measure": "Straight-line distance", "healthcare_access_distance_band": "3-5 miles" }, "geometry": { "type": "Polygon", "coordinates": [ [ [ -97.880291, 30.667639 ], [ -97.880219, 30.668364 ], [ -97.879702, 30.67266 ], [ -97.879528, 30.674103 ], [ -97.879325, 30.675802 ], [ -97.879112, 30.677499 ], [ -97.879105, 30.677558 ], [ -97.87908, 30.67795 ], [ -97.87905, 30.678422 ], [ -97.879032, 30.679092 ], [ -97.879009, 30.681225 ], [ -97.879007, 30.68143 ], [ -97.879009, 30.683588 ], [ -97.878986, 30.687903 ], [ -97.878973, 30.688846 ], [ -97.878969, 30.68957 ], [ -97.878967, 30.690015 ], [ -97.878944, 30.690542 ], [ -97.878914, 30.690869 ], [ -97.878802, 30.69175 ], [ -97.878301, 30.69484 ], [ -97.878022, 30.696559 ], [ -97.877945, 30.697187 ], [ -97.877916, 30.697559 ], [ -97.877835, 30.698833 ], [ -97.877758, 30.700192 ], [ -97.877616, 30.702496 ], [ -97.87759, 30.703008 ], [ -97.877576, 30.703285 ], [ -97.877566, 30.703482 ], [ -97.877514, 30.704513 ], [ -97.877467, 30.705098 ], [ -97.877415, 30.705744 ], [ -97.877352, 30.707051 ], [ -97.877168, 30.709984 ], [ -97.876856, 30.714922 ], [ -97.876853, 30.714972 ], [ -97.876736, 30.71725 ], [ -97.876541, 30.720326 ], [ -97.876418, 30.722454 ], [ -97.876401, 30.7228 ], [ -97.876283, 30.725243 ], [ -97.876286, 30.725911 ], [ -97.876304, 30.729163 ], [ -97.876355, 30.732675 ], [ -97.876376, 30.735494 ], [ -97.876408, 30.737272 ], [ -97.876429, 30.738077 ], [ -97.876432, 30.738437 ], [ -97.87646, 30.741696 ], [ -97.876516, 30.745609 ], [ -97.876524, 30.746472 ], [ -97.876526, 30.746601 ], [ -97.87655, 30.749143 ], [ -97.876565, 30.750106 ], [ -97.87658, 30.751051 ], [ -97.876582, 30.751245 ], [ -97.87662, 30.754208 ], [ -97.875858, 30.75445 ], [ -97.873184, 30.755299 ], [ -97.870058, 30.756273 ], [ -97.869675, 30.756396 ], [ -97.868803, 30.756678 ], [ -97.867373, 30.75712 ], [ -97.865796, 30.757607 ], [ -97.860992, 30.759101 ], [ -97.860239, 30.759328 ], [ -97.860043, 30.759407 ], [ -97.859088, 30.759675 ], [ -97.858965, 30.759709 ], [ -97.85755, 30.76017 ], [ -97.856812, 30.760399 ], [ -97.85674, 30.760422 ], [ -97.856352, 30.759527 ], [ -97.855774, 30.758169 ], [ -97.855128, 30.7566 ], [ -97.854988, 30.75626 ], [ -97.854744, 30.755612 ], [ -97.85467, 30.755403 ], [ -97.854639, 30.755283 ], [ -97.854618, 30.75516 ], [ -97.854606, 30.755037 ], [ -97.854607, 30.754851 ], [ -97.854627, 30.754657 ], [ -97.854639, 30.75444 ], [ -97.854633, 30.754188 ], [ -97.854444, 30.752373 ], [ -97.854398, 30.7521 ], [ -97.85433, 30.751831 ], [ -97.85427, 30.751652 ], [ -97.854241, 30.751566 ], [ -97.85338, 30.749523 ], [ -97.852594, 30.747493 ], [ -97.852345, 30.746868 ], [ -97.851541, 30.744882 ], [ -97.851454, 30.744594 ], [ -97.851434, 30.744501 ], [ -97.851401, 30.744354 ], [ -97.85129, 30.7439 ], [ -97.850961, 30.74308 ], [ -97.850362, 30.741617 ], [ -97.850107, 30.74099 ], [ -97.849468, 30.739417 ], [ -97.848595, 30.73727 ], [ -97.846985, 30.733302 ], [ -97.846894, 30.733117 ], [ -97.846663, 30.732738 ], [ -97.846646, 30.7327 ], [ -97.846539, 30.732499 ], [ -97.846449, 30.732292 ], [ -97.846375, 30.732081 ], [ -97.846085, 30.731411 ], [ -97.845685, 30.730464 ], [ -97.844576, 30.727785 ], [ -97.844468, 30.727555 ], [ -97.844254, 30.727173 ], [ -97.844124, 30.726961 ], [ -97.844063, 30.726884 ], [ -97.844014, 30.726837 ], [ -97.84396, 30.7268 ], [ -97.843895, 30.726772 ], [ -97.843819, 30.726756 ], [ -97.843739, 30.726759 ], [ -97.843691, 30.726768 ], [ -97.843616, 30.726792 ], [ -97.841956, 30.727327 ], [ -97.840319, 30.727836 ], [ -97.83847, 30.728417 ], [ -97.836839, 30.728895 ], [ -97.836461, 30.729059 ], [ -97.836359, 30.729082 ], [ -97.836273, 30.729086 ], [ -97.836217, 30.729077 ], [ -97.836164, 30.729061 ], [ -97.836092, 30.729021 ], [ -97.836053, 30.728985 ], [ -97.835832, 30.728729 ], [ -97.835709, 30.728565 ], [ -97.83562, 30.728392 ], [ -97.835485, 30.728025 ], [ -97.835332, 30.727684 ], [ -97.835061, 30.727154 ], [ -97.835034, 30.727109 ], [ -97.834929, 30.726985 ], [ -97.834895, 30.726954 ], [ -97.83484, 30.726917 ], [ -97.83476, 30.726884 ], [ -97.834715, 30.726871 ], [ -97.834679, 30.726866 ], [ -97.834625, 30.726859 ], [ -97.83455, 30.72686 ], [ -97.83436, 30.726902 ], [ -97.834043, 30.726998 ], [ -97.833518, 30.727158 ], [ -97.833462, 30.72717 ], [ -97.833425, 30.727171 ], [ -97.833397, 30.727165 ], [ -97.833333, 30.727129 ], [ -97.833275, 30.727078 ], [ -97.833243, 30.72703 ], [ -97.833222, 30.726975 ], [ -97.833185, 30.726827 ], [ -97.833044, 30.726412 ], [ -97.832816, 30.725842 ], [ -97.832529, 30.725149 ], [ -97.832255, 30.724487 ], [ -97.831954, 30.723897 ], [ -97.831778, 30.723458 ], [ -97.831761, 30.723422 ], [ -97.83158, 30.723029 ], [ -97.831491, 30.722818 ], [ -97.831376, 30.722548 ], [ -97.831235, 30.722213 ], [ -97.831074, 30.721881 ], [ -97.829737, 30.718686 ], [ -97.829642, 30.718459 ], [ -97.829508, 30.718481 ], [ -97.829393, 30.718416 ], [ -97.829013, 30.718134 ], [ -97.828773, 30.718028 ], [ -97.828326, 30.718004 ], [ -97.827687, 30.718086 ], [ -97.827347, 30.718143 ], [ -97.827175, 30.718155 ], [ -97.826887, 30.718166 ], [ -97.826708, 30.718162 ], [ -97.8266, 30.718143 ], [ -97.826503, 30.718096 ], [ -97.826337, 30.71798 ], [ -97.826174, 30.717849 ], [ -97.826056, 30.717726 ], [ -97.82599, 30.717546 ], [ -97.825838, 30.717119 ], [ -97.825734, 30.716757 ], [ -97.825308, 30.715739 ], [ -97.825113, 30.715096 ], [ -97.82489, 30.714756 ], [ -97.824589, 30.714312 ], [ -97.82436, 30.714035 ], [ -97.824129, 30.713719 ], [ -97.823913, 30.713384 ], [ -97.823749, 30.712915 ], [ -97.823718, 30.712634 ], [ -97.823686, 30.712406 ], [ -97.823537, 30.712098 ], [ -97.823373, 30.711782 ], [ -97.823187, 30.711533 ], [ -97.822983, 30.711203 ], [ -97.822911, 30.710939 ], [ -97.822847, 30.710644 ], [ -97.822852, 30.710458 ], [ -97.822841, 30.710179 ], [ -97.822815, 30.709823 ], [ -97.822753, 30.709449 ], [ -97.822643, 30.708844 ], [ -97.822619, 30.708378 ], [ -97.82266, 30.707496 ], [ -97.822604, 30.706907 ], [ -97.822486, 30.706626 ], [ -97.822329, 30.706467 ], [ -97.821784, 30.706055 ], [ -97.821398, 30.705709 ], [ -97.819846, 30.704318 ], [ -97.820797, 30.704018 ], [ -97.821092, 30.703949 ], [ -97.821363, 30.703903 ], [ -97.821878, 30.703841 ], [ -97.823542, 30.703703 ], [ -97.824877, 30.703602 ], [ -97.827245, 30.703423 ], [ -97.82743, 30.703402 ], [ -97.827476, 30.703322 ], [ -97.827508, 30.703228 ], [ -97.827521, 30.703102 ], [ -97.827546, 30.703003 ], [ -97.827584, 30.702942 ], [ -97.827635, 30.702893 ], [ -97.827661, 30.702854 ], [ -97.827654, 30.702772 ], [ -97.827635, 30.702717 ], [ -97.827693, 30.70253 ], [ -97.827699, 30.702321 ], [ -97.827674, 30.702205 ], [ -97.827559, 30.702013 ], [ -97.827412, 30.701309 ], [ -97.827406, 30.701155 ], [ -97.827451, 30.700869 ], [ -97.827495, 30.700698 ], [ -97.827629, 30.700429 ], [ -97.827673, 30.700187 ], [ -97.827673, 30.700071 ], [ -97.827648, 30.699934 ], [ -97.827571, 30.69967 ], [ -97.827463, 30.699411 ], [ -97.827329, 30.69929 ], [ -97.827094, 30.699142 ], [ -97.82661, 30.698971 ], [ -97.826343, 30.698894 ], [ -97.826031, 30.698823 ], [ -97.825891, 30.698812 ], [ -97.825363, 30.698823 ], [ -97.825254, 30.698812 ], [ -97.825172, 30.698784 ], [ -97.825102, 30.698729 ], [ -97.825063, 30.698669 ], [ -97.825051, 30.698575 ], [ -97.82507, 30.698487 ], [ -97.825153, 30.698311 ], [ -97.825172, 30.698212 ], [ -97.825153, 30.698069 ], [ -97.825114, 30.69802 ], [ -97.825038, 30.697954 ], [ -97.82479, 30.697802 ], [ -97.825179, 30.697728 ], [ -97.82563, 30.697591 ], [ -97.826815, 30.697319 ], [ -97.828462, 30.696537 ], [ -97.828732, 30.696307 ], [ -97.828759, 30.696285 ], [ -97.828823, 30.696252 ], [ -97.828767, 30.696184 ], [ -97.828713, 30.696146 ], [ -97.828668, 30.696105 ], [ -97.828652, 30.696091 ], [ -97.828579, 30.696052 ], [ -97.828525, 30.696037 ], [ -97.828462, 30.696029 ], [ -97.828401, 30.696016 ], [ -97.828342, 30.695996 ], [ -97.828289, 30.695972 ], [ -97.828273, 30.695958 ], [ -97.828241, 30.695916 ], [ -97.828501, 30.695232 ], [ -97.82854, 30.695097 ], [ -97.828643, 30.694743 ], [ -97.829824, 30.693798 ], [ -97.830305, 30.693617 ], [ -97.830584, 30.693512 ], [ -97.831128, 30.693078 ], [ -97.831374, 30.692782 ], [ -97.831536, 30.692213 ], [ -97.831845, 30.690918 ], [ -97.832012, 30.690159 ], [ -97.832252, 30.689387 ], [ -97.832675, 30.688681 ], [ -97.832965, 30.688368 ], [ -97.833222, 30.688089 ], [ -97.834046, 30.68747 ], [ -97.834863, 30.686885 ], [ -97.835216, 30.686739 ], [ -97.836278, 30.686188 ], [ -97.837048, 30.685703 ], [ -97.837429, 30.685418 ], [ -97.837647, 30.685255 ], [ -97.838243, 30.684949 ], [ -97.838701, 30.684974 ], [ -97.838955, 30.685106 ], [ -97.839904, 30.686029 ], [ -97.840184, 30.686075 ], [ -97.840233, 30.686083 ], [ -97.840892, 30.686036 ], [ -97.842002, 30.685831 ], [ -97.842079, 30.685798 ], [ -97.84258, 30.685586 ], [ -97.843022, 30.685423 ], [ -97.84361, 30.684856 ], [ -97.844284, 30.684209 ], [ -97.84499, 30.68389 ], [ -97.845879, 30.683558 ], [ -97.846961, 30.68346 ], [ -97.84718, 30.683441 ], [ -97.847221, 30.683436 ], [ -97.848548, 30.683292 ], [ -97.849342, 30.683166 ], [ -97.849458, 30.683126 ], [ -97.849513, 30.683102 ], [ -97.851775, 30.681898 ], [ -97.852211, 30.681665 ], [ -97.853196, 30.68114 ], [ -97.853769, 30.680828 ], [ -97.853923, 30.68077 ], [ -97.854217, 30.680645 ], [ -97.854527, 30.680525 ], [ -97.854855, 30.68042 ], [ -97.855822, 30.680096 ], [ -97.856439, 30.679813 ], [ -97.856719, 30.679724 ], [ -97.859272, 30.678922 ], [ -97.859611, 30.678815 ], [ -97.86067, 30.678564 ], [ -97.862582, 30.678114 ], [ -97.8632, 30.677983 ], [ -97.863348, 30.677952 ], [ -97.86396, 30.677802 ], [ -97.864907, 30.677529 ], [ -97.865831, 30.677231 ], [ -97.867023, 30.676876 ], [ -97.867658, 30.676685 ], [ -97.868271, 30.676487 ], [ -97.86922, 30.676195 ], [ -97.870349, 30.675833 ], [ -97.871232, 30.675544 ], [ -97.871555, 30.675455 ], [ -97.871753, 30.675378 ], [ -97.871798, 30.675343 ], [ -97.871883, 30.675238 ], [ -97.871942, 30.675141 ], [ -97.871981, 30.675018 ], [ -97.872039, 30.674772 ], [ -97.872037, 30.674661 ], [ -97.871995, 30.674518 ], [ -97.871873, 30.674319 ], [ -97.871563, 30.673506 ], [ -97.871132, 30.672284 ], [ -97.870966, 30.671873 ], [ -97.870375, 30.670271 ], [ -97.870203, 30.669889 ], [ -97.869858, 30.668997 ], [ -97.869596, 30.667969 ], [ -97.869334, 30.667363 ], [ -97.869922, 30.667234 ], [ -97.870646, 30.667017 ], [ -97.871833, 30.666571 ], [ -97.873445, 30.665928 ], [ -97.874405, 30.665564 ], [ -97.876623, 30.664913 ], [ -97.877381, 30.664642 ], [ -97.877851, 30.664481 ], [ -97.878043, 30.664322 ], [ -97.878426, 30.664051 ], [ -97.878844, 30.663785 ], [ -97.879342, 30.663612 ], [ -97.879618, 30.663524 ], [ -97.879769, 30.663924 ], [ -97.880063, 30.664901 ], [ -97.880184, 30.665536 ], [ -97.880267, 30.666129 ], [ -97.880314, 30.666757 ], [ -97.880291, 30.667639 ] ] ] } },
{ "type": "Feature", "properties": { "GEOID": "484910201201", "NAME": "Block Group 1; Census Tract 201.20; Williamson County; Texas", "state": "48", "county": "491", "tract": "020120", "block group": "1", "population": 5617.0, "population_moe": 1602.0, "area_sq_miles": 5.0058648571268325, "population_density": 1122.0838277332032, "under5": 698.0, "under5_moe": 355.46167163282178, "under18": 2147.0, "under18_moe": 521.84576265406236, "age18_64": 3314.0, "age18_64_moe": 623.25355995774305, "age65plus": 156.0, "age65plus_moe": 82.993975684985713, "civilian_noninstitutionalized_population": 5617.0, "civilian_noninstitutionalized_population_moe": 1602.0, "uninsured": 1464.0, "uninsured_moe": 763.91229863119759, "uninsured_pct": 26.063735089905641, "disability_population_base": "<NA>", "disability_population_base_moe": "<NA>", "disability": null, "disability_moe": "<NA>", "disability_pct": null, "poverty_population_base": 5617.0, "poverty_population_base_moe": 1602.0, "poverty": 41.0, "poverty_moe": 36.878177829171548, "poverty_pct": 0.72992700729927007, "median_household_income": "138935.0", "median_household_income_moe": "36809.0", "per_capita_income": 44778.0, "per_capita_income_moe": 8705.0, "households": "<NA>", "households_moe": "<NA>", "no_vehicle_households": "<NA>", "no_vehicle_households_moe": "<NA>", "no_vehicle_pct": null, "youth_population_pct": 38.223250845647144, "senior_population_pct": 2.7772832472850277, "healthcare_need_score": 42.903137180972564, "healthcare_need_notes": "Relative index averaging min-max normalized uninsured_pct, disability_pct, poverty_pct, no_vehicle_pct, youth_population_pct, and senior_population_pct within the retained Liberty Hill study-area block groups.", "uninsured_pct_numerator": "uninsured", "uninsured_pct_denominator": "civilian_noninstitutionalized_population", "disability_pct_numerator": "disability", "disability_pct_denominator": "disability_population_base", "poverty_pct_numerator": "poverty", "poverty_pct_denominator": "poverty_population_base", "no_vehicle_pct_numerator": "no_vehicle_households", "no_vehicle_pct_denominator": "households", "youth_population_pct_numerator": "under18", "youth_population_pct_denominator": "population", "senior_population_pct_numerator": "age65plus", "senior_population_pct_denominator": "population", "intersects_liberty_hill_city": true, "nearest_any_medical_miles": 1.5742103019516529, "nearest_primary_care_miles": 1.5742103019516529, "nearest_urgent_care_miles": 2.2018587853740579, "nearest_hospital_miles": 9.3320114500268634, "nearest_emergency_miles": 4.4626264309688741, "nearest_primary_care_minutes": null, "nearest_urgent_care_minutes": null, "nearest_hospital_minutes": null, "nearest_emergency_minutes": null, "healthcare_access_measure": "Straight-line distance", "healthcare_access_distance_band": "1-3 miles" }, "geometry": { "type": "Polygon", "coordinates": [ [ [ -97.879342, 30.663612 ], [ -97.878844, 30.663785 ], [ -97.878426, 30.664051 ], [ -97.878043, 30.664322 ], [ -97.877851, 30.664481 ], [ -97.877381, 30.664642 ], [ -97.876623, 30.664913 ], [ -97.874405, 30.665564 ], [ -97.873445, 30.665928 ], [ -97.871833, 30.666571 ], [ -97.870646, 30.667017 ], [ -97.869922, 30.667234 ], [ -97.869334, 30.667363 ], [ -97.869596, 30.667969 ], [ -97.869858, 30.668997 ], [ -97.870203, 30.669889 ], [ -97.870375, 30.670271 ], [ -97.870966, 30.671873 ], [ -97.871132, 30.672284 ], [ -97.871563, 30.673506 ], [ -97.871873, 30.674319 ], [ -97.871995, 30.674518 ], [ -97.872037, 30.674661 ], [ -97.872039, 30.674772 ], [ -97.871981, 30.675018 ], [ -97.871942, 30.675141 ], [ -97.871883, 30.675238 ], [ -97.871798, 30.675343 ], [ -97.871753, 30.675378 ], [ -97.871555, 30.675455 ], [ -97.871232, 30.675544 ], [ -97.870349, 30.675833 ], [ -97.86922, 30.676195 ], [ -97.868271, 30.676487 ], [ -97.867658, 30.676685 ], [ -97.867023, 30.676876 ], [ -97.865831, 30.677231 ], [ -97.864907, 30.677529 ], [ -97.86396, 30.677802 ], [ -97.863348, 30.677952 ], [ -97.8632, 30.677983 ], [ -97.862582, 30.678114 ], [ -97.86067, 30.678564 ], [ -97.859611, 30.678815 ], [ -97.859272, 30.678922 ], [ -97.856719, 30.679724 ], [ -97.856439, 30.679813 ], [ -97.855822, 30.680096 ], [ -97.854855, 30.68042 ], [ -97.854527, 30.680525 ], [ -97.854217, 30.680645 ], [ -97.853923, 30.68077 ], [ -97.853769, 30.680828 ], [ -97.853196, 30.68114 ], [ -97.852211, 30.681665 ], [ -97.851775, 30.681898 ], [ -97.849513, 30.683102 ], [ -97.849458, 30.683126 ], [ -97.849342, 30.683166 ], [ -97.848548, 30.683292 ], [ -97.847221, 30.683436 ], [ -97.84718, 30.683441 ], [ -97.846961, 30.68346 ], [ -97.845879, 30.683558 ], [ -97.84499, 30.68389 ], [ -97.844284, 30.684209 ], [ -97.84361, 30.684856 ], [ -97.843593, 30.684816 ], [ -97.843567, 30.684742 ], [ -97.843513, 30.684582 ], [ -97.843488, 30.684503 ], [ -97.843444, 30.684346 ], [ -97.843418, 30.684265 ], [ -97.84339, 30.684187 ], [ -97.843364, 30.684113 ], [ -97.843338, 30.684038 ], [ -97.842763, 30.682605 ], [ -97.842106, 30.680799 ], [ -97.841638, 30.679453 ], [ -97.841386, 30.678705 ], [ -97.84112, 30.678058 ], [ -97.840982, 30.677515 ], [ -97.840621, 30.676277 ], [ -97.840525, 30.675921 ], [ -97.840523, 30.675876 ], [ -97.840145, 30.673356 ], [ -97.840129, 30.672962 ], [ -97.840121, 30.672757 ], [ -97.840084, 30.671681 ], [ -97.840106, 30.670651 ], [ -97.840104, 30.670604 ], [ -97.840097, 30.670413 ], [ -97.840091, 30.670267 ], [ -97.840091, 30.670221 ], [ -97.840092, 30.670026 ], [ -97.840093, 30.669829 ], [ -97.840092, 30.669631 ], [ -97.840092, 30.669429 ], [ -97.840092, 30.669224 ], [ -97.840091, 30.669016 ], [ -97.840091, 30.668806 ], [ -97.840091, 30.668595 ], [ -97.840092, 30.668379 ], [ -97.840092, 30.668161 ], [ -97.840093, 30.667939 ], [ -97.840094, 30.667715 ], [ -97.840095, 30.667487 ], [ -97.840095, 30.667257 ], [ -97.840095, 30.667027 ], [ -97.840096, 30.666801 ], [ -97.840098, 30.666577 ], [ -97.840101, 30.666355 ], [ -97.840105, 30.666136 ], [ -97.840108, 30.665919 ], [ -97.84011, 30.665703 ], [ -97.84011, 30.665488 ], [ -97.840111, 30.665273 ], [ -97.840111, 30.665059 ], [ -97.84011, 30.664846 ], [ -97.840108, 30.664632 ], [ -97.840105, 30.664417 ], [ -97.840104, 30.664202 ], [ -97.840103, 30.663986 ], [ -97.840102, 30.663769 ], [ -97.840101, 30.663721 ], [ -97.840098, 30.66355 ], [ -97.8401, 30.663492 ], [ -97.840093, 30.663346 ], [ -97.840085, 30.663212 ], [ -97.840069, 30.662923 ], [ -97.840059, 30.662769 ], [ -97.840062, 30.662724 ], [ -97.840032, 30.662448 ], [ -97.839996, 30.662107 ], [ -97.839953, 30.661751 ], [ -97.839907, 30.661383 ], [ -97.839881, 30.661195 ], [ -97.839852, 30.661005 ], [ -97.83982, 30.660813 ], [ -97.839785, 30.660618 ], [ -97.839747, 30.660422 ], [ -97.839707, 30.660225 ], [ -97.839665, 30.660026 ], [ -97.839622, 30.659826 ], [ -97.839575, 30.659626 ], [ -97.839543, 30.659495 ], [ -97.839526, 30.659426 ], [ -97.839474, 30.659225 ], [ -97.839421, 30.659025 ], [ -97.839366, 30.658825 ], [ -97.83936, 30.658806 ], [ -97.839324, 30.658679 ], [ -97.839309, 30.658627 ], [ -97.839251, 30.65843 ], [ -97.839192, 30.658235 ], [ -97.839066, 30.65785 ], [ -97.83893, 30.657472 ], [ -97.838788, 30.6571 ], [ -97.838638, 30.656731 ], [ -97.838484, 30.656364 ], [ -97.838324, 30.656 ], [ -97.838153, 30.655637 ], [ -97.838065, 30.655457 ], [ -97.837973, 30.655276 ], [ -97.837784, 30.654913 ], [ -97.837686, 30.654732 ], [ -97.837585, 30.654552 ], [ -97.837483, 30.654374 ], [ -97.837377, 30.654195 ], [ -97.837271, 30.654016 ], [ -97.837051, 30.653656 ], [ -97.836938, 30.653476 ], [ -97.836822, 30.653295 ], [ -97.836721, 30.653142 ], [ -97.836703, 30.653114 ], [ -97.836582, 30.652933 ], [ -97.836458, 30.652753 ], [ -97.836332, 30.652574 ], [ -97.836247, 30.652455 ], [ -97.836181, 30.652368 ], [ -97.836143, 30.652313 ], [ -97.836089, 30.652239 ], [ -97.836059, 30.652199 ], [ -97.835991, 30.65211 ], [ -97.835951, 30.652058 ], [ -97.83586, 30.65194 ], [ -97.835756, 30.651807 ], [ -97.835645, 30.651666 ], [ -97.835518, 30.651508 ], [ -97.835374, 30.651332 ], [ -97.835299, 30.65124 ], [ -97.83522, 30.651145 ], [ -97.835138, 30.651048 ], [ -97.834969, 30.650847 ], [ -97.83479, 30.650642 ], [ -97.834698, 30.650538 ], [ -97.834604, 30.650434 ], [ -97.834509, 30.650329 ], [ -97.834414, 30.650224 ], [ -97.834318, 30.650118 ], [ -97.834222, 30.650011 ], [ -97.834125, 30.649903 ], [ -97.834027, 30.649794 ], [ -97.833928, 30.649685 ], [ -97.833829, 30.649575 ], [ -97.833725, 30.649465 ], [ -97.833622, 30.649355 ], [ -97.833521, 30.649243 ], [ -97.833422, 30.64913 ], [ -97.833321, 30.649017 ], [ -97.833219, 30.648904 ], [ -97.833116, 30.64879 ], [ -97.833014, 30.648676 ], [ -97.832911, 30.648562 ], [ -97.832808, 30.648447 ], [ -97.832705, 30.648332 ], [ -97.832601, 30.648216 ], [ -97.832496, 30.6481 ], [ -97.832391, 30.647984 ], [ -97.832285, 30.647868 ], [ -97.832178, 30.647752 ], [ -97.832072, 30.647635 ], [ -97.831966, 30.647518 ], [ -97.831861, 30.6474 ], [ -97.831756, 30.647283 ], [ -97.831649, 30.647167 ], [ -97.831542, 30.64705 ], [ -97.831436, 30.646934 ], [ -97.83133, 30.646817 ], [ -97.831224, 30.646701 ], [ -97.831121, 30.646583 ], [ -97.831019, 30.646465 ], [ -97.83092, 30.646345 ], [ -97.830822, 30.646225 ], [ -97.830727, 30.646102 ], [ -97.830633, 30.645978 ], [ -97.830539, 30.645855 ], [ -97.830449, 30.64573 ], [ -97.83036, 30.645603 ], [ -97.830274, 30.645476 ], [ -97.83019, 30.645346 ], [ -97.830109, 30.645216 ], [ -97.830031, 30.645083 ], [ -97.829956, 30.644949 ], [ -97.829882, 30.644815 ], [ -97.829809, 30.644681 ], [ -97.829739, 30.644546 ], [ -97.829671, 30.64441 ], [ -97.829607, 30.644274 ], [ -97.829547, 30.644136 ], [ -97.82949, 30.643999 ], [ -97.829435, 30.643861 ], [ -97.829382, 30.643723 ], [ -97.829331, 30.643585 ], [ -97.829284, 30.643448 ], [ -97.829241, 30.643311 ], [ -97.829202, 30.643173 ], [ -97.829167, 30.643035 ], [ -97.829135, 30.642897 ], [ -97.829106, 30.642759 ], [ -97.82908, 30.642621 ], [ -97.828895, 30.642396 ], [ -97.828761, 30.641648 ], [ -97.828531, 30.640729 ], [ -97.828282, 30.639943 ], [ -97.828052, 30.639119 ], [ -97.827899, 30.63818 ], [ -97.827841, 30.637883 ], [ -97.827834, 30.637846 ], [ -97.827804, 30.637688 ], [ -97.8288, 30.637709 ], [ -97.829451, 30.637723 ], [ -97.829976, 30.637759 ], [ -97.830446, 30.637808 ], [ -97.830913, 30.637874 ], [ -97.831325, 30.637947 ], [ -97.831757, 30.638052 ], [ -97.832182, 30.638174 ], [ -97.8326, 30.638314 ], [ -97.832929, 30.638438 ], [ -97.833322, 30.638604 ], [ -97.833715, 30.63879 ], [ -97.834271, 30.639083 ], [ -97.837133, 30.640652 ], [ -97.837325, 30.640757 ], [ -97.837477, 30.640842 ], [ -97.837609, 30.640916 ], [ -97.837632, 30.640929 ], [ -97.837765, 30.641004 ], [ -97.83861, 30.641481 ], [ -97.839839, 30.642157 ], [ -97.840563, 30.642546 ], [ -97.84059, 30.64256 ], [ -97.841306, 30.642945 ], [ -97.841682, 30.643121 ], [ -97.842068, 30.64328 ], [ -97.842462, 30.643423 ], [ -97.843612, 30.643777 ], [ -97.844271, 30.643971 ], [ -97.844706, 30.644099 ], [ -97.84476, 30.644115 ], [ -97.845538, 30.644344 ], [ -97.846425, 30.644612 ], [ -97.847346, 30.644892 ], [ -97.847446, 30.644922 ], [ -97.847475, 30.64493 ], [ -97.849092, 30.645405 ], [ -97.85019, 30.645743 ], [ -97.85156, 30.646144 ], [ -97.855196, 30.647236 ], [ -97.857264, 30.647852 ], [ -97.85745, 30.647908 ], [ -97.858216, 30.648136 ], [ -97.859556, 30.648536 ], [ -97.861667, 30.64917 ], [ -97.862302, 30.64936 ], [ -97.866673, 30.650664 ], [ -97.871043, 30.651967 ], [ -97.873407, 30.652673 ], [ -97.874677, 30.653058 ], [ -97.875296, 30.653245 ], [ -97.875486, 30.653303 ], [ -97.875974, 30.654554 ], [ -97.876427, 30.655717 ], [ -97.876451, 30.655778 ], [ -97.876686, 30.65638 ], [ -97.877178, 30.657505 ], [ -97.877998, 30.659557 ], [ -97.878257, 30.660202 ], [ -97.87912, 30.662318 ], [ -97.879618, 30.663524 ], [ -97.879342, 30.663612 ] ] ] } },
{ "type": "Feature", "properties": { "GEOID": "484910201191", "NAME": "Block Group 1; Census Tract 201.19; Williamson County; Texas", "state": "48", "county": "491", "tract": "020119", "block group": "1", "population": 2519.0, "population_moe": 500.0, "area_sq_miles": 1.9707871025664383, "population_density": 1278.1695175088455, "under5": 23.0, "under5_moe": 25.80697580112788, "under18": 85.0, "under18_moe": 56.506636778346667, "age18_64": 488.0, "age18_64_moe": 131.90147838443661, "age65plus": 1946.0, "age65plus_moe": 384.03124872853772, "civilian_noninstitutionalized_population": 2519.0, "civilian_noninstitutionalized_population_moe": 500.0, "uninsured": 21.0, "uninsured_moe": 36.055512754639892, "uninsured_pct": 0.83366415244144498, "disability_population_base": "<NA>", "disability_population_base_moe": "<NA>", "disability": null, "disability_moe": "<NA>", "disability_pct": null, "poverty_population_base": 2512.0, "poverty_population_base_moe": 499.0, "poverty": 238.0, "poverty_moe": 301.47968422432712, "poverty_pct": 9.4745222929936315, "median_household_income": "82281.0", "median_household_income_moe": "26651.0", "per_capita_income": 68865.0, "per_capita_income_moe": 16134.0, "households": "<NA>", "households_moe": "<NA>", "no_vehicle_households": "<NA>", "no_vehicle_households_moe": "<NA>", "no_vehicle_pct": null, "youth_population_pct": 3.3743549027391824, "senior_population_pct": 77.252878126240574, "healthcare_need_score": 30.352160790952876, "healthcare_need_notes": "Relative index averaging min-max normalized uninsured_pct, disability_pct, poverty_pct, no_vehicle_pct, youth_population_pct, and senior_population_pct within the retained Liberty Hill study-area block groups.", "uninsured_pct_numerator": "uninsured", "uninsured_pct_denominator": "civilian_noninstitutionalized_population", "disability_pct_numerator": "disability", "disability_pct_denominator": "disability_population_base", "poverty_pct_numerator": "poverty", "poverty_pct_denominator": "poverty_population_base", "no_vehicle_pct_numerator": "no_vehicle_households", "no_vehicle_pct_denominator": "households", "youth_population_pct_numerator": "under18", "youth_population_pct_denominator": "population", "senior_population_pct_numerator": "age65plus", "senior_population_pct_denominator": "population", "intersects_liberty_hill_city": false, "nearest_any_medical_miles": 2.1332412083087671, "nearest_primary_care_miles": 2.1332412083087671, "nearest_urgent_care_miles": 9.0914932331029057, "nearest_hospital_miles": 7.81436543941071, "nearest_emergency_miles": 10.369472285729223, "nearest_primary_care_minutes": null, "nearest_urgent_care_minutes": null, "nearest_hospital_minutes": null, "nearest_emergency_minutes": null, "healthcare_access_measure": "Straight-line distance", "healthcare_access_distance_band": "1-3 miles" }, "geometry": { "type": "Polygon", "coordinates": [ [ [ -97.775096, 30.722168 ], [ -97.77387, 30.723181 ], [ -97.773349, 30.723623 ], [ -97.77311, 30.72383 ], [ -97.772964, 30.723998 ], [ -97.772836, 30.72417 ], [ -97.772691, 30.724449 ], [ -97.77239, 30.725101 ], [ -97.771517, 30.726849 ], [ -97.770967, 30.727984 ], [ -97.770539, 30.728868 ], [ -97.77051, 30.728958 ], [ -97.770501, 30.729051 ], [ -97.770513, 30.729143 ], [ -97.770548, 30.729237 ], [ -97.770699, 30.729599 ], [ -97.771039, 30.730408 ], [ -97.770959, 30.730429 ], [ -97.771163, 30.730941 ], [ -97.771135, 30.730952 ], [ -97.771052, 30.731012 ], [ -97.771013, 30.731073 ], [ -97.771007, 30.731335 ], [ -97.771007, 30.731348 ], [ -97.770969, 30.731425 ], [ -97.770886, 30.731523 ], [ -97.770765, 30.731639 ], [ -97.770638, 30.731738 ], [ -97.770332, 30.731886 ], [ -97.770109, 30.732013 ], [ -97.769383, 30.732326 ], [ -97.769109, 30.732463 ], [ -97.768625, 30.732612 ], [ -97.768033, 30.7326 ], [ -97.767817, 30.732562 ], [ -97.767334, 30.7325 ], [ -97.767046, 30.732463 ], [ -97.766913, 30.732474 ], [ -97.766779, 30.732506 ], [ -97.766683, 30.732512 ], [ -97.766594, 30.732528 ], [ -97.76641, 30.732534 ], [ -97.766152, 30.732478 ], [ -97.766038, 30.732453 ], [ -97.765977, 30.73244 ], [ -97.765862, 30.732369 ], [ -97.765827, 30.732317 ], [ -97.765821, 30.732297 ], [ -97.765703, 30.732209 ], [ -97.765611, 30.732177 ], [ -97.765573, 30.732168 ], [ -97.765528, 30.732124 ], [ -97.765519, 30.732116 ], [ -97.765474, 30.732077 ], [ -97.765328, 30.731906 ], [ -97.765296, 30.731802 ], [ -97.765226, 30.731725 ], [ -97.765054, 30.731439 ], [ -97.764989, 30.731354 ], [ -97.764978, 30.73134 ], [ -97.764882, 30.731142 ], [ -97.764895, 30.73096 ], [ -97.764552, 30.730344 ], [ -97.764482, 30.730256 ], [ -97.764405, 30.73013 ], [ -97.764329, 30.730124 ], [ -97.764208, 30.73013 ], [ -97.764113, 30.730097 ], [ -97.764082, 30.730048 ], [ -97.763922, 30.729799 ], [ -97.763648, 30.729271 ], [ -97.763413, 30.728919 ], [ -97.763018, 30.728474 ], [ -97.762891, 30.72838 ], [ -97.762796, 30.728353 ], [ -97.762522, 30.728303 ], [ -97.762274, 30.728231 ], [ -97.761851, 30.728086 ], [ -97.761745, 30.72805 ], [ -97.761567, 30.727989 ], [ -97.761293, 30.727917 ], [ -97.76102, 30.727884 ], [ -97.76074, 30.727868 ], [ -97.760351, 30.727911 ], [ -97.760198, 30.727944 ], [ -97.76002, 30.727999 ], [ -97.759447, 30.728285 ], [ -97.759332, 30.728324 ], [ -97.759218, 30.728351 ], [ -97.759129, 30.728356 ], [ -97.758906, 30.728345 ], [ -97.758798, 30.728351 ], [ -97.758447, 30.728428 ], [ -97.758173, 30.728521 ], [ -97.75804, 30.728581 ], [ -97.757887, 30.72868 ], [ -97.75776, 30.728818 ], [ -97.757683, 30.728873 ], [ -97.757594, 30.728917 ], [ -97.757326, 30.728999 ], [ -97.75704, 30.729054 ], [ -97.756849, 30.729076 ], [ -97.756664, 30.729092 ], [ -97.756257, 30.729098 ], [ -97.7559, 30.729141 ], [ -97.755716, 30.729191 ], [ -97.755563, 30.729224 ], [ -97.75541, 30.729306 ], [ -97.755283, 30.729356 ], [ -97.755028, 30.729427 ], [ -97.754901, 30.729443 ], [ -97.754805, 30.729432 ], [ -97.754525, 30.729361 ], [ -97.754251, 30.729311 ], [ -97.753831, 30.729283 ], [ -97.753392, 30.729294 ], [ -97.753163, 30.729311 ], [ -97.753099, 30.72936 ], [ -97.752984, 30.729514 ], [ -97.752844, 30.729838 ], [ -97.752742, 30.730135 ], [ -97.752487, 30.731076 ], [ -97.752311, 30.731531 ], [ -97.752072, 30.732154 ], [ -97.752015, 30.732395 ], [ -97.751964, 30.732489 ], [ -97.751894, 30.732582 ], [ -97.751709, 30.732785 ], [ -97.75146, 30.733061 ], [ -97.751218, 30.733253 ], [ -97.751123, 30.733319 ], [ -97.750919, 30.733379 ], [ -97.750581, 30.733445 ], [ -97.750231, 30.733495 ], [ -97.750161, 30.733517 ], [ -97.750001, 30.73364 ], [ -97.749983, 30.73365 ], [ -97.749727, 30.733788 ], [ -97.749682, 30.733799 ], [ -97.749606, 30.733805 ], [ -97.749351, 30.733854 ], [ -97.749205, 30.733855 ], [ -97.749128, 30.733843 ], [ -97.748931, 30.733838 ], [ -97.748734, 30.733866 ], [ -97.748256, 30.734031 ], [ -97.748072, 30.734135 ], [ -97.747983, 30.734169 ], [ -97.747773, 30.734185 ], [ -97.747569, 30.73418 ], [ -97.74748, 30.734152 ], [ -97.747282, 30.734069 ], [ -97.747047, 30.733971 ], [ -97.746754, 30.733966 ], [ -97.746665, 30.733927 ], [ -97.746442, 30.733894 ], [ -97.746104, 30.733911 ], [ -97.745939, 30.733872 ], [ -97.74541, 30.73379 ], [ -97.744875, 30.733647 ], [ -97.744703, 30.733614 ], [ -97.74448, 30.733521 ], [ -97.743245, 30.733049 ], [ -97.743103, 30.732985 ], [ -97.743022, 30.73295 ], [ -97.742955, 30.732906 ], [ -97.742748, 30.732774 ], [ -97.742538, 30.732559 ], [ -97.742487, 30.732521 ], [ -97.742385, 30.732466 ], [ -97.742303, 30.732389 ], [ -97.742124, 30.732263 ], [ -97.741646, 30.731696 ], [ -97.7415, 30.731548 ], [ -97.741277, 30.731278 ], [ -97.741181, 30.731042 ], [ -97.741079, 30.730855 ], [ -97.741041, 30.730723 ], [ -97.741079, 30.730717 ], [ -97.741124, 30.730618 ], [ -97.740907, 30.729887 ], [ -97.740926, 30.729706 ], [ -97.740926, 30.729134 ], [ -97.741027, 30.728001 ], [ -97.741033, 30.727632 ], [ -97.741065, 30.727528 ], [ -97.741065, 30.727445 ], [ -97.740969, 30.727126 ], [ -97.740905, 30.726972 ], [ -97.740746, 30.72673 ], [ -97.74071, 30.726657 ], [ -97.740689, 30.726615 ], [ -97.740644, 30.72645 ], [ -97.740631, 30.726323 ], [ -97.740714, 30.726059 ], [ -97.740746, 30.726015 ], [ -97.74079, 30.725977 ], [ -97.740822, 30.725883 ], [ -97.740822, 30.725801 ], [ -97.740867, 30.725652 ], [ -97.741096, 30.725817 ], [ -97.741179, 30.725856 ], [ -97.741217, 30.725861 ], [ -97.741281, 30.725894 ], [ -97.741395, 30.725976 ], [ -97.741459, 30.725971 ], [ -97.741758, 30.725789 ], [ -97.741943, 30.725751 ], [ -97.742191, 30.725602 ], [ -97.742636, 30.725503 ], [ -97.742923, 30.725371 ], [ -97.743152, 30.725321 ], [ -97.743394, 30.725255 ], [ -97.743534, 30.725239 ], [ -97.744126, 30.725057 ], [ -97.744463, 30.72465 ], [ -97.744692, 30.724452 ], [ -97.745023, 30.724232 ], [ -97.74515, 30.724061 ], [ -97.745284, 30.723923 ], [ -97.745462, 30.723769 ], [ -97.745596, 30.723637 ], [ -97.745786, 30.723511 ], [ -97.746015, 30.723291 ], [ -97.746143, 30.723087 ], [ -97.746308, 30.722878 ], [ -97.746365, 30.722675 ], [ -97.746512, 30.722306 ], [ -97.74662, 30.722064 ], [ -97.746721, 30.721794 ], [ -97.746817, 30.721646 ], [ -97.74688, 30.721573 ], [ -97.746963, 30.721481 ], [ -97.747109, 30.721294 ], [ -97.747217, 30.721123 ], [ -97.747287, 30.72092 ], [ -97.747325, 30.720711 ], [ -97.747332, 30.720579 ], [ -97.747402, 30.720331 ], [ -97.747421, 30.720183 ], [ -97.747414, 30.720029 ], [ -97.747382, 30.719853 ], [ -97.747382, 30.719627 ], [ -97.747389, 30.719522 ], [ -97.747485, 30.719382 ], [ -97.747852, 30.719225 ], [ -97.748446, 30.719167 ], [ -97.748306, 30.718682 ], [ -97.748153, 30.718245 ], [ -97.748037, 30.717911 ], [ -97.748126, 30.717795 ], [ -97.748221, 30.717702 ], [ -97.748281, 30.71763 ], [ -97.748304, 30.717603 ], [ -97.748399, 30.717526 ], [ -97.748514, 30.717476 ], [ -97.748686, 30.717443 ], [ -97.748896, 30.717388 ], [ -97.749036, 30.717273 ], [ -97.749138, 30.717163 ], [ -97.749207, 30.717019 ], [ -97.749252, 30.716871 ], [ -97.74929, 30.716448 ], [ -97.749328, 30.716277 ], [ -97.74943, 30.71598 ], [ -97.749525, 30.71582 ], [ -97.75011, 30.714999 ], [ -97.750288, 30.714773 ], [ -97.750339, 30.714729 ], [ -97.750416, 30.714614 ], [ -97.750652, 30.714333 ], [ -97.750773, 30.714163 ], [ -97.750983, 30.713932 ], [ -97.751047, 30.713828 ], [ -97.751161, 30.713575 ], [ -97.751244, 30.713426 ], [ -97.751499, 30.712799 ], [ -97.751888, 30.712162 ], [ -97.751958, 30.71198 ], [ -97.752047, 30.711826 ], [ -97.75206, 30.71176 ], [ -97.752136, 30.711639 ], [ -97.752232, 30.711524 ], [ -97.752366, 30.711293 ], [ -97.75241, 30.711243 ], [ -97.752528, 30.711188 ], [ -97.752598, 30.711161 ], [ -97.752712, 30.711183 ], [ -97.753028, 30.711236 ], [ -97.753596, 30.711351 ], [ -97.754302, 30.711482 ], [ -97.754608, 30.711526 ], [ -97.754802, 30.711539 ], [ -97.754884, 30.711537 ], [ -97.755204, 30.711527 ], [ -97.755545, 30.711489 ], [ -97.755949, 30.711376 ], [ -97.756329, 30.711231 ], [ -97.756537, 30.711112 ], [ -97.75681, 30.710941 ], [ -97.757139, 30.710657 ], [ -97.757862, 30.709859 ], [ -97.757986, 30.709941 ], [ -97.759866, 30.711239 ], [ -97.759895, 30.711259 ], [ -97.760135, 30.711404 ], [ -97.760387, 30.711541 ], [ -97.760529, 30.711612 ], [ -97.760813, 30.711742 ], [ -97.761089, 30.711854 ], [ -97.761428, 30.711974 ], [ -97.761717, 30.712061 ], [ -97.761954, 30.712126 ], [ -97.763424, 30.71253 ], [ -97.763711, 30.712623 ], [ -97.763993, 30.712728 ], [ -97.764267, 30.712845 ], [ -97.764588, 30.713002 ], [ -97.764796, 30.713116 ], [ -97.765099, 30.713297 ], [ -97.765195, 30.71336 ], [ -97.765327, 30.713451 ], [ -97.765389, 30.713494 ], [ -97.765619, 30.71367 ], [ -97.765837, 30.713858 ], [ -97.766087, 30.714085 ], [ -97.76854, 30.716311 ], [ -97.770036, 30.717662 ], [ -97.770307, 30.717907 ], [ -97.773502, 30.720796 ], [ -97.773714, 30.720982 ], [ -97.774062, 30.721287 ], [ -97.774186, 30.721389 ], [ -97.774527, 30.721693 ], [ -97.774949, 30.722047 ], [ -97.775096, 30.722168 ] ] ] } },
{ "type": "Feature", "properties": { "GEOID": "484910201221", "NAME": "Block Group 1; Census Tract 201.22; Williamson County; Texas", "state": "48", "county": "491", "tract": "020122", "block group": "1", "population": 841.0, "population_moe": 256.0, "area_sq_miles": 13.397005115103388, "population_density": 62.77522422170918, "under5": 28.0, "under5_moe": 32.526911934581186, "under18": 94.0, "under18_moe": 82.073138114732771, "age18_64": 510.0, "age18_64_moe": 175.39669324134934, "age65plus": 237.0, "age65plus_moe": 93.728330829050833, "civilian_noninstitutionalized_population": 841.0, "civilian_noninstitutionalized_population_moe": 256.0, "uninsured": 34.0, "uninsured_moe": 60.827625302982199, "uninsured_pct": 4.0428061831153395, "disability_population_base": "<NA>", "disability_population_base_moe": "<NA>", "disability": null, "disability_moe": "<NA>", "disability_pct": null, "poverty_population_base": 841.0, "poverty_population_base_moe": 256.0, "poverty": 0.0, "poverty_moe": 21.213203435596427, "poverty_pct": 0.0, "median_household_income": "235509.0", "median_household_income_moe": "88161.0", "per_capita_income": 109075.0, "per_capita_income_moe": 27875.0, "households": "<NA>", "households_moe": "<NA>", "no_vehicle_households": "<NA>", "no_vehicle_households_moe": "<NA>", "no_vehicle_pct": null, "youth_population_pct": 11.17717003567182, "senior_population_pct": 28.180737217598097, "healthcare_need_score": 17.072257346953251, "healthcare_need_notes": "Relative index averaging min-max normalized uninsured_pct, disability_pct, poverty_pct, no_vehicle_pct, youth_population_pct, and senior_population_pct within the retained Liberty Hill study-area block groups.", "uninsured_pct_numerator": "uninsured", "uninsured_pct_denominator": "civilian_noninstitutionalized_population", "disability_pct_numerator": "disability", "disability_pct_denominator": "disability_population_base", "poverty_pct_numerator": "poverty", "poverty_pct_denominator": "poverty_population_base", "no_vehicle_pct_numerator": "no_vehicle_households", "no_vehicle_pct_denominator": "households", "youth_population_pct_numerator": "under18", "youth_population_pct_denominator": "population", "senior_population_pct_numerator": "age65plus", "senior_population_pct_denominator": "population", "intersects_liberty_hill_city": false, "nearest_any_medical_miles": 2.9126767359112966, "nearest_primary_care_miles": 2.9126767359112966, "nearest_urgent_care_miles": 7.5870367540061459, "nearest_hospital_miles": 5.5257085180495924, "nearest_emergency_miles": 7.1449536241258018, "nearest_primary_care_minutes": null, "nearest_urgent_care_minutes": null, "nearest_hospital_minutes": null, "nearest_emergency_minutes": null, "healthcare_access_measure": "Straight-line distance", "healthcare_access_distance_band": "1-3 miles" }, "geometry": { "type": "Polygon", "coordinates": [ [ [ -97.834863, 30.686885 ], [ -97.834046, 30.68747 ], [ -97.833222, 30.688089 ], [ -97.832965, 30.688368 ], [ -97.832675, 30.688681 ], [ -97.832252, 30.689387 ], [ -97.832012, 30.690159 ], [ -97.831845, 30.690918 ], [ -97.831536, 30.692213 ], [ -97.831374, 30.692782 ], [ -97.831128, 30.693078 ], [ -97.830584, 30.693512 ], [ -97.830305, 30.693617 ], [ -97.829824, 30.693798 ], [ -97.828643, 30.694743 ], [ -97.82854, 30.695097 ], [ -97.828501, 30.695232 ], [ -97.828241, 30.695916 ], [ -97.828273, 30.695958 ], [ -97.828289, 30.695972 ], [ -97.828342, 30.695996 ], [ -97.828401, 30.696016 ], [ -97.828462, 30.696029 ], [ -97.828525, 30.696037 ], [ -97.828579, 30.696052 ], [ -97.828652, 30.696091 ], [ -97.828668, 30.696105 ], [ -97.828713, 30.696146 ], [ -97.828767, 30.696184 ], [ -97.828823, 30.696252 ], [ -97.828759, 30.696285 ], [ -97.828732, 30.696307 ], [ -97.828462, 30.696537 ], [ -97.826815, 30.697319 ], [ -97.82563, 30.697591 ], [ -97.825179, 30.697728 ], [ -97.82479, 30.697802 ], [ -97.82439, 30.697897 ], [ -97.82383, 30.698005 ], [ -97.823473, 30.698052 ], [ -97.8231, 30.698027 ], [ -97.821476, 30.697741 ], [ -97.821344, 30.697702 ], [ -97.820957, 30.697614 ], [ -97.820292, 30.697368 ], [ -97.819738, 30.697009 ], [ -97.819369, 30.696587 ], [ -97.818678, 30.695466 ], [ -97.817991, 30.694551 ], [ -97.816981, 30.693386 ], [ -97.814921, 30.692062 ], [ -97.813978, 30.691557 ], [ -97.812615, 30.690686 ], [ -97.812588, 30.690668 ], [ -97.811352, 30.689856 ], [ -97.81104, 30.689651 ], [ -97.810098, 30.688882 ], [ -97.809615, 30.688505 ], [ -97.809428, 30.68838 ], [ -97.80919, 30.688293 ], [ -97.809025, 30.688317 ], [ -97.808614, 30.688542 ], [ -97.808171, 30.688933 ], [ -97.807312, 30.689633 ], [ -97.806904, 30.68989 ], [ -97.806446, 30.689963 ], [ -97.805543, 30.690044 ], [ -97.804496, 30.690522 ], [ -97.803703, 30.690733 ], [ -97.803004, 30.690803 ], [ -97.802135, 30.690703 ], [ -97.801488, 30.690466 ], [ -97.800194, 30.689516 ], [ -97.798918, 30.688871 ], [ -97.797512, 30.688341 ], [ -97.795947, 30.687643 ], [ -97.795759, 30.687526 ], [ -97.795715, 30.687498 ], [ -97.795359, 30.687133 ], [ -97.794253, 30.685816 ], [ -97.793971, 30.68548 ], [ -97.793839, 30.685242 ], [ -97.792682, 30.68451 ], [ -97.791342, 30.68381 ], [ -97.789646, 30.682924 ], [ -97.788195, 30.682304 ], [ -97.786648, 30.681402 ], [ -97.785582, 30.680756 ], [ -97.784305, 30.680218 ], [ -97.783171, 30.680136 ], [ -97.783127, 30.680132 ], [ -97.782304, 30.680064 ], [ -97.781219, 30.68063 ], [ -97.780598, 30.680954 ], [ -97.778798, 30.68035 ], [ -97.776382, 30.679652 ], [ -97.775207, 30.679206 ], [ -97.77292, 30.678043 ], [ -97.77085, 30.676966 ], [ -97.767286, 30.673983 ], [ -97.76618, 30.672824 ], [ -97.764461, 30.671935 ], [ -97.761191, 30.66996 ], [ -97.757924, 30.669136 ], [ -97.756422, 30.668994 ], [ -97.753537, 30.668974 ], [ -97.752425, 30.669084 ], [ -97.751808, 30.669391 ], [ -97.751371, 30.670917 ], [ -97.751174, 30.674228 ], [ -97.751133, 30.674366 ], [ -97.751034, 30.6747 ], [ -97.750715, 30.675774 ], [ -97.749351, 30.676796 ], [ -97.747968, 30.67704 ], [ -97.744334, 30.67768 ], [ -97.742411, 30.677087 ], [ -97.740338, 30.677043 ], [ -97.736332, 30.677259 ], [ -97.732677, 30.675973 ], [ -97.7317, 30.675498 ], [ -97.730643, 30.674984 ], [ -97.728753, 30.672323 ], [ -97.728168, 30.669783 ], [ -97.727692, 30.667716 ], [ -97.727606, 30.667617 ], [ -97.727494, 30.66749 ], [ -97.72701, 30.666897 ], [ -97.726951, 30.666818 ], [ -97.726718, 30.66655 ], [ -97.726215, 30.666083 ], [ -97.725584, 30.665736 ], [ -97.724872, 30.665357 ], [ -97.724541, 30.665179 ], [ -97.724489, 30.665151 ], [ -97.723809, 30.664982 ], [ -97.723327, 30.664778 ], [ -97.722453, 30.6645 ], [ -97.722189, 30.664417 ], [ -97.72224, 30.664335 ], [ -97.722833, 30.66343 ], [ -97.723668, 30.662011 ], [ -97.7239, 30.661594 ], [ -97.724037, 30.66132 ], [ -97.724183, 30.660924 ], [ -97.724213, 30.660804 ], [ -97.724289, 30.660482 ], [ -97.724329, 30.660218 ], [ -97.724352, 30.659833 ], [ -97.724328, 30.659559 ], [ -97.72429, 30.659307 ], [ -97.724205, 30.658937 ], [ -97.724106, 30.658652 ], [ -97.723983, 30.658367 ], [ -97.723864, 30.658134 ], [ -97.723697, 30.657878 ], [ -97.723502, 30.657641 ], [ -97.723306, 30.6574 ], [ -97.723149, 30.657253 ], [ -97.722926, 30.657068 ], [ -97.722625, 30.656837 ], [ -97.72241, 30.656701 ], [ -97.722307, 30.656635 ], [ -97.722228, 30.656586 ], [ -97.722192, 30.656563 ], [ -97.722029, 30.656458 ], [ -97.721947, 30.656417 ], [ -97.721869, 30.656378 ], [ -97.721577, 30.656235 ], [ -97.721443, 30.656184 ], [ -97.721164, 30.656055 ], [ -97.720896, 30.655909 ], [ -97.72064, 30.655748 ], [ -97.720399, 30.655572 ], [ -97.720173, 30.65538 ], [ -97.71997, 30.655172 ], [ -97.719783, 30.654954 ], [ -97.719611, 30.654726 ], [ -97.719456, 30.65449 ], [ -97.718688, 30.65263 ], [ -97.716793, 30.648141 ], [ -97.71678, 30.64811 ], [ -97.716806, 30.647996 ], [ -97.716819, 30.647771 ], [ -97.716781, 30.647606 ], [ -97.716825, 30.647529 ], [ -97.716921, 30.647441 ], [ -97.717022, 30.647127 ], [ -97.717029, 30.646979 ], [ -97.717048, 30.646902 ], [ -97.717073, 30.646852 ], [ -97.717137, 30.646786 ], [ -97.717633, 30.646473 ], [ -97.717843, 30.64639 ], [ -97.718021, 30.646401 ], [ -97.718142, 30.646478 ], [ -97.718714, 30.646439 ], [ -97.719013, 30.646384 ], [ -97.719363, 30.646335 ], [ -97.720338, 30.646236 ], [ -97.720559, 30.646214 ], [ -97.720966, 30.646202 ], [ -97.721735, 30.646252 ], [ -97.721863, 30.646224 ], [ -97.722142, 30.646076 ], [ -97.722321, 30.646059 ], [ -97.722467, 30.646053 ], [ -97.722537, 30.646059 ], [ -97.722715, 30.646086 ], [ -97.722912, 30.646163 ], [ -97.72309, 30.646196 ], [ -97.723491, 30.646235 ], [ -97.723669, 30.64618 ], [ -97.723834, 30.646114 ], [ -97.724146, 30.645976 ], [ -97.72456, 30.64575 ], [ -97.72503, 30.64531 ], [ -97.725488, 30.644958 ], [ -97.725564, 30.644859 ], [ -97.725653, 30.644705 ], [ -97.72573, 30.644595 ], [ -97.725946, 30.644029 ], [ -97.726035, 30.643952 ], [ -97.726054, 30.643924 ], [ -97.726308, 30.643726 ], [ -97.726505, 30.643434 ], [ -97.726772, 30.64311 ], [ -97.727084, 30.642752 ], [ -97.727319, 30.642554 ], [ -97.727573, 30.642307 ], [ -97.727605, 30.642219 ], [ -97.727611, 30.642103 ], [ -97.727866, 30.641911 ], [ -97.728101, 30.641817 ], [ -97.728552, 30.641674 ], [ -97.72896, 30.641685 ], [ -97.729348, 30.64174 ], [ -97.729602, 30.641811 ], [ -97.730111, 30.641904 ], [ -97.730499, 30.642053 ], [ -97.730595, 30.642119 ], [ -97.7307, 30.642174 ], [ -97.731714, 30.642707 ], [ -97.732389, 30.643042 ], [ -97.732898, 30.64335 ], [ -97.733114, 30.64352 ], [ -97.733903, 30.643977 ], [ -97.734183, 30.644125 ], [ -97.734355, 30.64418 ], [ -97.734571, 30.644224 ], [ -97.734736, 30.644334 ], [ -97.735004, 30.644433 ], [ -97.735245, 30.644565 ], [ -97.735882, 30.645059 ], [ -97.735984, 30.645158 ], [ -97.736155, 30.645274 ], [ -97.736353, 30.645389 ], [ -97.736976, 30.645642 ], [ -97.737509, 30.646071 ], [ -97.73793, 30.646192 ], [ -97.738261, 30.646219 ], [ -97.738369, 30.646219 ], [ -97.738465, 30.646208 ], [ -97.738783, 30.646153 ], [ -97.739107, 30.646048 ], [ -97.739286, 30.64609 ], [ -97.739406, 30.645747 ], [ -97.739853, 30.645316 ], [ -97.73999, 30.645185 ], [ -97.740254, 30.644779 ], [ -97.740796, 30.644232 ], [ -97.741306, 30.643805 ], [ -97.741582, 30.643446 ], [ -97.741776, 30.643276 ], [ -97.742441, 30.64203 ], [ -97.742923, 30.640659 ], [ -97.74301, 30.640552 ], [ -97.743277, 30.640002 ], [ -97.743314, 30.639424 ], [ -97.743251, 30.639254 ], [ -97.743142, 30.638864 ], [ -97.74318, 30.638671 ], [ -97.743263, 30.638479 ], [ -97.743384, 30.638259 ], [ -97.743505, 30.638203 ], [ -97.743702, 30.638049 ], [ -97.743823, 30.637989 ], [ -97.743924, 30.637967 ], [ -97.744032, 30.637961 ], [ -97.744121, 30.638044 ], [ -97.744268, 30.638066 ], [ -97.744522, 30.638186 ], [ -97.744643, 30.63823 ], [ -97.744688, 30.638258 ], [ -97.744745, 30.638368 ], [ -97.744821, 30.638472 ], [ -97.744974, 30.638566 ], [ -97.745044, 30.638577 ], [ -97.745222, 30.638582 ], [ -97.745279, 30.638544 ], [ -97.745362, 30.63845 ], [ -97.745502, 30.638428 ], [ -97.745833, 30.638472 ], [ -97.74596, 30.638516 ], [ -97.746386, 30.63862 ], [ -97.74659, 30.638714 ], [ -97.746755, 30.638747 ], [ -97.746946, 30.638823 ], [ -97.747143, 30.638829 ], [ -97.747289, 30.638851 ], [ -97.747627, 30.638873 ], [ -97.747735, 30.638856 ], [ -97.747805, 30.638823 ], [ -97.747773, 30.638757 ], [ -97.747809, 30.638736 ], [ -97.74801, 30.638705 ], [ -97.748998, 30.638781 ], [ -97.749274, 30.638855 ], [ -97.749395, 30.638839 ], [ -97.749535, 30.638839 ], [ -97.749821, 30.638932 ], [ -97.750275, 30.639045 ], [ -97.750691, 30.639105 ], [ -97.751299, 30.639194 ], [ -97.751432, 30.6392 ], [ -97.751566, 30.639172 ], [ -97.751668, 30.639129 ], [ -97.751871, 30.638953 ], [ -97.751935, 30.638881 ], [ -97.751967, 30.638738 ], [ -97.751916, 30.638634 ], [ -97.751965, 30.638537 ], [ -97.75208, 30.638498 ], [ -97.752271, 30.638309 ], [ -97.752965, 30.637209 ], [ -97.75296, 30.637116 ], [ -97.753132, 30.637039 ], [ -97.753367, 30.637061 ], [ -97.753628, 30.637105 ], [ -97.753832, 30.6371 ], [ -97.753978, 30.637056 ], [ -97.754016, 30.637023 ], [ -97.754054, 30.636963 ], [ -97.754067, 30.636858 ], [ -97.753978, 30.636649 ], [ -97.75393, 30.636483 ], [ -97.754092, 30.636327 ], [ -97.75438, 30.636188 ], [ -97.754897, 30.635833 ], [ -97.755639, 30.635757 ], [ -97.756128, 30.635952 ], [ -97.756166, 30.635974 ], [ -97.756408, 30.635968 ], [ -97.756484, 30.635985 ], [ -97.756548, 30.636023 ], [ -97.756586, 30.636073 ], [ -97.756584, 30.636115 ], [ -97.756732, 30.63617 ], [ -97.756974, 30.636416 ], [ -97.756908, 30.636837 ], [ -97.757011, 30.637569 ], [ -97.757005, 30.637674 ], [ -97.756992, 30.637723 ], [ -97.756827, 30.638003 ], [ -97.756668, 30.638168 ], [ -97.756483, 30.638311 ], [ -97.756388, 30.638454 ], [ -97.75633, 30.638735 ], [ -97.756223, 30.638995 ], [ -97.756075, 30.639626 ], [ -97.756043, 30.639818 ], [ -97.755986, 30.640164 ], [ -97.756005, 30.640324 ], [ -97.755992, 30.64039 ], [ -97.756011, 30.640467 ], [ -97.755965, 30.640784 ], [ -97.755928, 30.641033 ], [ -97.755947, 30.641518 ], [ -97.755953, 30.641672 ], [ -97.756036, 30.64237 ], [ -97.756048, 30.642518 ], [ -97.756073, 30.642799 ], [ -97.756245, 30.643289 ], [ -97.756296, 30.643619 ], [ -97.756372, 30.64391 ], [ -97.756505, 30.644147 ], [ -97.756645, 30.644367 ], [ -97.756956, 30.644752 ], [ -97.757173, 30.644878 ], [ -97.757643, 30.645126 ], [ -97.757993, 30.64533 ], [ -97.758222, 30.645495 ], [ -97.758374, 30.645643 ], [ -97.758451, 30.645743 ], [ -97.758527, 30.64588 ], [ -97.758817, 30.646785 ], [ -97.75893, 30.646678 ], [ -97.759338, 30.646277 ], [ -97.759398, 30.646193 ], [ -97.75945, 30.646104 ], [ -97.759511, 30.645966 ], [ -97.75963, 30.64548 ], [ -97.759709, 30.645207 ], [ -97.759811, 30.644954 ], [ -97.759885, 30.644756 ], [ -97.759948, 30.644554 ], [ -97.76001, 30.644307 ], [ -97.760072, 30.643966 ], [ -97.760118, 30.643693 ], [ -97.76015, 30.643601 ], [ -97.760177, 30.643552 ], [ -97.760232, 30.643474 ], [ -97.76043, 30.643254 ], [ -97.760556, 30.643071 ], [ -97.760751, 30.642737 ], [ -97.76094, 30.642381 ], [ -97.76107, 30.642172 ], [ -97.761192, 30.642027 ], [ -97.761302, 30.641945 ], [ -97.761677, 30.641806 ], [ -97.761851, 30.641734 ], [ -97.762017, 30.641604 ], [ -97.762116, 30.641545 ], [ -97.762202, 30.641514 ], [ -97.76243, 30.641478 ], [ -97.762813, 30.64138 ], [ -97.76305, 30.641305 ], [ -97.763745, 30.641131 ], [ -97.763993, 30.641102 ], [ -97.764749, 30.640991 ], [ -97.764861, 30.640964 ], [ -97.76515, 30.640896 ], [ -97.765388, 30.640863 ], [ -97.765614, 30.640832 ], [ -97.765831, 30.641748 ], [ -97.76589, 30.641903 ], [ -97.766018, 30.64224 ], [ -97.766468, 30.643348 ], [ -97.766805, 30.644204 ], [ -97.766821, 30.644235 ], [ -97.76695, 30.644485 ], [ -97.766993, 30.64457 ], [ -97.767003, 30.644592 ], [ -97.767164, 30.644884 ], [ -97.767317, 30.64524 ], [ -97.767333, 30.645267 ], [ -97.767369, 30.6453 ], [ -97.767415, 30.645322 ], [ -97.767466, 30.645331 ], [ -97.767518, 30.645326 ], [ -97.76886, 30.645013 ], [ -97.768957, 30.644998 ], [ -97.769056, 30.644998 ], [ -97.769153, 30.645011 ], [ -97.770138, 30.645309 ], [ -97.770352, 30.645392 ], [ -97.770503, 30.645463 ], [ -97.770643, 30.645529 ], [ -97.771099, 30.645029 ], [ -97.771672, 30.64408 ], [ -97.771765, 30.644092 ], [ -97.77188, 30.643828 ], [ -97.771911, 30.643707 ], [ -97.771899, 30.643525 ], [ -97.771772, 30.643366 ], [ -97.771808, 30.643158 ], [ -97.772136, 30.642581 ], [ -97.77234, 30.642071 ], [ -97.77254, 30.64184 ], [ -97.772759, 30.641396 ], [ -97.772847, 30.641403 ], [ -97.773108, 30.641293 ], [ -97.773299, 30.641254 ], [ -97.773363, 30.641271 ], [ -97.773846, 30.641535 ], [ -97.773992, 30.641717 ], [ -97.7741, 30.641942 ], [ -97.774113, 30.642085 ], [ -97.774088, 30.642129 ], [ -97.773979, 30.642217 ], [ -97.77396, 30.642316 ], [ -97.773986, 30.642388 ], [ -97.774068, 30.642509 ], [ -97.774081, 30.642575 ], [ -97.774075, 30.642696 ], [ -97.774113, 30.64335 ], [ -97.774144, 30.643603 ], [ -97.774163, 30.643867 ], [ -97.774284, 30.644544 ], [ -97.774277, 30.644841 ], [ -97.774449, 30.645308 ], [ -97.774487, 30.645501 ], [ -97.77462, 30.64582 ], [ -97.774843, 30.646012 ], [ -97.774983, 30.646062 ], [ -97.775123, 30.646232 ], [ -97.775231, 30.646408 ], [ -97.775352, 30.646645 ], [ -97.775447, 30.647195 ], [ -97.775669, 30.64769 ], [ -97.775917, 30.648207 ], [ -97.776216, 30.648785 ], [ -97.77661, 30.649351 ], [ -97.776915, 30.649593 ], [ -97.777112, 30.649819 ], [ -97.777341, 30.650006 ], [ -97.777545, 30.650094 ], [ -97.777729, 30.650204 ], [ -97.777927, 30.650232 ], [ -97.778315, 30.650199 ], [ -97.778448, 30.65016 ], [ -97.778575, 30.650078 ], [ -97.778798, 30.649869 ], [ -97.778906, 30.649726 ], [ -97.7789, 30.649693 ], [ -97.778906, 30.649643 ], [ -97.779454, 30.648939 ], [ -97.779944, 30.648472 ], [ -97.779988, 30.648412 ], [ -97.780167, 30.648225 ], [ -97.780389, 30.648076 ], [ -97.78051, 30.648027 ], [ -97.780567, 30.648021 ], [ -97.780599, 30.648027 ], [ -97.780637, 30.648049 ], [ -97.780644, 30.648071 ], [ -97.780631, 30.648098 ], [ -97.781521, 30.648401 ], [ -97.781559, 30.648407 ], [ -97.781744, 30.648495 ], [ -97.781865, 30.648588 ], [ -97.782119, 30.648819 ], [ -97.782278, 30.649001 ], [ -97.782399, 30.649094 ], [ -97.782456, 30.649188 ], [ -97.782602, 30.649491 ], [ -97.782635, 30.649559 ], [ -97.78266, 30.649611 ], [ -97.782737, 30.649717 ], [ -97.783035, 30.650128 ], [ -97.783098, 30.650255 ], [ -97.78327, 30.650535 ], [ -97.783448, 30.650728 ], [ -97.783862, 30.650987 ], [ -97.784084, 30.651075 ], [ -97.784224, 30.651097 ], [ -97.784364, 30.651119 ], [ -97.784472, 30.651234 ], [ -97.78472, 30.651267 ], [ -97.784905, 30.651256 ], [ -97.785, 30.65124 ], [ -97.785261, 30.65113 ], [ -97.785471, 30.651102 ], [ -97.785783, 30.651026 ], [ -97.785935, 30.650927 ], [ -97.785993, 30.650795 ], [ -97.786005, 30.650657 ], [ -97.785999, 30.650558 ], [ -97.785872, 30.65041 ], [ -97.785878, 30.650316 ], [ -97.785955, 30.650069 ], [ -97.786063, 30.649948 ], [ -97.786114, 30.649667 ], [ -97.78612, 30.649013 ], [ -97.786165, 30.648914 ], [ -97.786394, 30.648694 ], [ -97.78638, 30.648645 ], [ -97.786375, 30.648628 ], [ -97.786409, 30.648377 ], [ -97.786413, 30.648347 ], [ -97.786439, 30.648193 ], [ -97.78649, 30.648078 ], [ -97.786496, 30.647924 ], [ -97.786547, 30.647693 ], [ -97.786853, 30.646934 ], [ -97.786865, 30.64684 ], [ -97.786904, 30.646791 ], [ -97.786954, 30.646769 ], [ -97.786935, 30.646527 ], [ -97.786929, 30.646092 ], [ -97.787037, 30.645845 ], [ -97.787101, 30.64557 ], [ -97.787139, 30.645449 ], [ -97.787203, 30.645339 ], [ -97.787254, 30.645097 ], [ -97.787445, 30.645031 ], [ -97.787546, 30.644982 ], [ -97.787724, 30.644866 ], [ -97.787915, 30.644663 ], [ -97.7881, 30.644382 ], [ -97.788151, 30.644223 ], [ -97.788151, 30.644074 ], [ -97.788056, 30.643497 ], [ -97.788065, 30.643425 ], [ -97.788359, 30.643084 ], [ -97.788437, 30.642773 ], [ -97.788615, 30.642688 ], [ -97.788851, 30.642727 ], [ -97.78929, 30.642771 ], [ -97.789958, 30.642903 ], [ -97.79004, 30.642941 ], [ -97.790079, 30.642969 ], [ -97.790136, 30.643151 ], [ -97.790148, 30.643189 ], [ -97.790174, 30.643233 ], [ -97.790187, 30.643381 ], [ -97.790511, 30.64452 ], [ -97.790555, 30.644674 ], [ -97.790759, 30.644988 ], [ -97.790765, 30.64518 ], [ -97.790752, 30.645395 ], [ -97.790669, 30.645769 ], [ -97.790638, 30.646148 ], [ -97.79065, 30.646308 ], [ -97.790688, 30.646429 ], [ -97.790752, 30.646539 ], [ -97.790873, 30.646698 ], [ -97.790994, 30.646951 ], [ -97.791014, 30.647026 ], [ -97.791068, 30.647229 ], [ -97.791095, 30.647331 ], [ -97.791102, 30.647501 ], [ -97.791076, 30.647606 ], [ -97.790968, 30.647694 ], [ -97.790923, 30.647754 ], [ -97.790886, 30.647799 ], [ -97.791019, 30.648805 ], [ -97.790968, 30.649058 ], [ -97.791006, 30.649146 ], [ -97.791489, 30.649569 ], [ -97.792131, 30.650174 ], [ -97.792214, 30.65024 ], [ -97.792621, 30.65046 ], [ -97.793206, 30.650713 ], [ -97.79397, 30.650956 ], [ -97.794243, 30.650978 ], [ -97.794587, 30.650818 ], [ -97.794701, 30.650741 ], [ -97.794969, 30.650648 ], [ -97.795325, 30.650307 ], [ -97.79549, 30.650224 ], [ -97.795637, 30.650081 ], [ -97.795694, 30.649966 ], [ -97.795948, 30.64985 ], [ -97.796254, 30.649729 ], [ -97.79647, 30.649575 ], [ -97.796706, 30.649174 ], [ -97.796788, 30.648976 ], [ -97.796871, 30.648833 ], [ -97.796941, 30.648734 ], [ -97.797049, 30.648624 ], [ -97.797202, 30.648443 ], [ -97.797291, 30.648421 ], [ -97.797482, 30.648404 ], [ -97.798296, 30.647755 ], [ -97.798449, 30.647673 ], [ -97.798754, 30.647469 ], [ -97.798843, 30.647365 ], [ -97.798983, 30.647365 ], [ -97.799161, 30.647403 ], [ -97.799276, 30.647414 ], [ -97.799429, 30.64741 ], [ -97.799475, 30.647533 ], [ -97.799551, 30.647647 ], [ -97.799764, 30.64793 ], [ -97.800284, 30.648661 ], [ -97.800453, 30.648947 ], [ -97.800571, 30.6492 ], [ -97.800722, 30.649677 ], [ -97.800806, 30.649855 ], [ -97.801237, 30.650519 ], [ -97.801906, 30.651505 ], [ -97.80214, 30.651883 ], [ -97.802348, 30.652182 ], [ -97.802815, 30.652745 ], [ -97.80323, 30.653267 ], [ -97.803641, 30.653795 ], [ -97.804149, 30.654418 ], [ -97.804402, 30.654774 ], [ -97.804694, 30.655263 ], [ -97.805137, 30.656102 ], [ -97.805328, 30.656526 ], [ -97.80567, 30.657323 ], [ -97.805963, 30.657966 ], [ -97.806768, 30.659827 ], [ -97.807031, 30.660488 ], [ -97.807138, 30.660773 ], [ -97.807321, 30.66126 ], [ -97.807352, 30.661341 ], [ -97.807456, 30.661619 ], [ -97.807582, 30.66191 ], [ -97.807627, 30.662015 ], [ -97.807828, 30.662409 ], [ -97.807957, 30.662632 ], [ -97.808109, 30.663045 ], [ -97.80829, 30.663332 ], [ -97.808527, 30.663777 ], [ -97.808672, 30.66409 ], [ -97.808731, 30.664284 ], [ -97.808789, 30.664441 ], [ -97.80918, 30.66524 ], [ -97.809429, 30.665702 ], [ -97.809561, 30.666047 ], [ -97.809649, 30.666236 ], [ -97.809688, 30.666467 ], [ -97.809765, 30.666584 ], [ -97.809933, 30.666929 ], [ -97.810077, 30.667368 ], [ -97.810278, 30.667425 ], [ -97.810671, 30.667539 ], [ -97.81136, 30.668181 ], [ -97.811652, 30.668708 ], [ -97.811758, 30.669097 ], [ -97.811784, 30.670174 ], [ -97.81189, 30.67038 ], [ -97.812102, 30.67054 ], [ -97.81242, 30.670632 ], [ -97.812951, 30.670494 ], [ -97.813878, 30.670036 ], [ -97.815177, 30.669944 ], [ -97.815522, 30.670242 ], [ -97.8156, 30.67049 ], [ -97.815761, 30.670999 ], [ -97.815973, 30.671182 ], [ -97.816052, 30.671961 ], [ -97.816264, 30.672213 ], [ -97.816609, 30.672259 ], [ -97.816927, 30.672442 ], [ -97.817113, 30.672855 ], [ -97.817643, 30.673313 ], [ -97.81767, 30.673703 ], [ -97.817511, 30.673886 ], [ -97.817537, 30.674161 ], [ -97.817988, 30.674253 ], [ -97.817988, 30.674528 ], [ -97.817484, 30.674826 ], [ -97.817245, 30.675307 ], [ -97.816609, 30.675628 ], [ -97.81653, 30.675788 ], [ -97.816556, 30.676109 ], [ -97.817352, 30.676797 ], [ -97.817908, 30.677759 ], [ -97.8182, 30.677988 ], [ -97.818624, 30.677965 ], [ -97.819048, 30.677805 ], [ -97.819844, 30.677347 ], [ -97.82048, 30.67737 ], [ -97.821063, 30.677576 ], [ -97.821859, 30.678217 ], [ -97.823052, 30.678446 ], [ -97.823794, 30.679065 ], [ -97.824139, 30.679203 ], [ -97.82451, 30.679134 ], [ -97.824616, 30.679203 ], [ -97.82459, 30.680211 ], [ -97.824696, 30.680394 ], [ -97.824988, 30.680646 ], [ -97.826552, 30.681105 ], [ -97.827549, 30.681336 ], [ -97.828013, 30.681733 ], [ -97.829265, 30.682125 ], [ -97.829931, 30.682341 ], [ -97.831387, 30.682812 ], [ -97.831942, 30.682986 ], [ -97.832597, 30.683189 ], [ -97.833178, 30.683454 ], [ -97.83323, 30.683497 ], [ -97.833555, 30.683763 ], [ -97.834157, 30.684484 ], [ -97.835216, 30.686739 ], [ -97.834863, 30.686885 ] ] ] } },
{ "type": "Feature", "properties": { "GEOID": "484910203461", "NAME": "Block Group 1; Census Tract 203.46; Williamson County; Texas", "state": "48", "county": "491", "tract": "020346", "block group": "1", "population": 1362.0, "population_moe": 195.0, "area_sq_miles": 0.99330770237668387, "population_density": 1371.1763200276685, "under5": 55.0, "under5_moe": 35.608987629529715, "under18": 275.0, "under18_moe": 98.040807830209147, "age18_64": 890.0, "age18_64_moe": 193.45283662949996, "age65plus": 197.0, "age65plus_moe": 89.54328562209453, "civilian_noninstitutionalized_population": 1362.0, "civilian_noninstitutionalized_population_moe": 195.0, "uninsured": 81.0, "uninsured_moe": 93.840289854624814, "uninsured_pct": 5.9471365638766516, "disability_population_base": "<NA>", "disability_population_base_moe": "<NA>", "disability": null, "disability_moe": "<NA>", "disability_pct": null, "poverty_population_base": 1362.0, "poverty_population_base_moe": 195.0, "poverty": 95.0, "poverty_moe": 89.627004859026727, "poverty_pct": 6.9750367107195306, "median_household_income": "119531.0", "median_household_income_moe": "39394.0", "per_capita_income": 53995.0, "per_capita_income_moe": 9471.0, "households": "<NA>", "households_moe": "<NA>", "no_vehicle_households": "<NA>", "no_vehicle_households_moe": "<NA>", "no_vehicle_pct": null, "youth_population_pct": 20.190895741556535, "senior_population_pct": 14.4640234948605, "healthcare_need_score": 24.748634218896072, "healthcare_need_notes": "Relative index averaging min-max normalized uninsured_pct, disability_pct, poverty_pct, no_vehicle_pct, youth_population_pct, and senior_population_pct within the retained Liberty Hill study-area block groups.", "uninsured_pct_numerator": "uninsured", "uninsured_pct_denominator": "civilian_noninstitutionalized_population", "disability_pct_numerator": "disability", "disability_pct_denominator": "disability_population_base", "poverty_pct_numerator": "poverty", "poverty_pct_denominator": "poverty_population_base", "no_vehicle_pct_numerator": "no_vehicle_households", "no_vehicle_pct_denominator": "households", "youth_population_pct_numerator": "under18", "youth_population_pct_denominator": "population", "senior_population_pct_numerator": "age65plus", "senior_population_pct_denominator": "population", "intersects_liberty_hill_city": false, "nearest_any_medical_miles": 1.6169593800252995, "nearest_primary_care_miles": 4.1077792480689679, "nearest_urgent_care_miles": 5.5448659269708855, "nearest_hospital_miles": 1.6169593800252995, "nearest_emergency_miles": 5.7183142861967315, "nearest_primary_care_minutes": null, "nearest_urgent_care_minutes": null, "nearest_hospital_minutes": null, "nearest_emergency_minutes": null, "healthcare_access_measure": "Straight-line distance", "healthcare_access_distance_band": "1-3 miles" }, "geometry": { "type": "Polygon", "coordinates": [ [ [ -97.800684, 30.544752 ], [ -97.800677, 30.544805 ], [ -97.800652, 30.544856 ], [ -97.800633, 30.544876 ], [ -97.800586, 30.544911 ], [ -97.799972, 30.545119 ], [ -97.798395, 30.545595 ], [ -97.797794, 30.545778 ], [ -97.796514, 30.546171 ], [ -97.795796, 30.546393 ], [ -97.794961, 30.546649 ], [ -97.794167, 30.546891 ], [ -97.793711, 30.547032 ], [ -97.793684, 30.547036 ], [ -97.793662, 30.547045 ], [ -97.793483, 30.547119 ], [ -97.793316, 30.547167 ], [ -97.793218, 30.547199 ], [ -97.79277, 30.546038 ], [ -97.792231, 30.544679 ], [ -97.791907, 30.543823 ], [ -97.791447, 30.542637 ], [ -97.789675, 30.54314 ], [ -97.789442, 30.543207 ], [ -97.785961, 30.544196 ], [ -97.785501, 30.54434 ], [ -97.78493, 30.544521 ], [ -97.784788, 30.544566 ], [ -97.784673, 30.544602 ], [ -97.784341, 30.544707 ], [ -97.783988, 30.544818 ], [ -97.78381, 30.544874 ], [ -97.783071, 30.545138 ], [ -97.782459, 30.545358 ], [ -97.782213, 30.54544 ], [ -97.781693, 30.545615 ], [ -97.781492, 30.545605 ], [ -97.78117, 30.544926 ], [ -97.780752, 30.544081 ], [ -97.780588, 30.543711 ], [ -97.780282, 30.543077 ], [ -97.780229, 30.542924 ], [ -97.780181, 30.542691 ], [ -97.78016, 30.542554 ], [ -97.780107, 30.542369 ], [ -97.780039, 30.542147 ], [ -97.779978, 30.541952 ], [ -97.779957, 30.541835 ], [ -97.779923, 30.541471 ], [ -97.779917, 30.541196 ], [ -97.779907, 30.540889 ], [ -97.779859, 30.540525 ], [ -97.779812, 30.540329 ], [ -97.779769, 30.540218 ], [ -97.779706, 30.540123 ], [ -97.779611, 30.540007 ], [ -97.779547, 30.539891 ], [ -97.779505, 30.539795 ], [ -97.779447, 30.539732 ], [ -97.779384, 30.539695 ], [ -97.779288, 30.539685 ], [ -97.779116, 30.539652 ], [ -97.779003, 30.539663 ], [ -97.778913, 30.539605 ], [ -97.7788, 30.539511 ], [ -97.778779, 30.539374 ], [ -97.778619, 30.538685 ], [ -97.778586, 30.538618 ], [ -97.778539, 30.538557 ], [ -97.778201, 30.538266 ], [ -97.777987, 30.538131 ], [ -97.777808, 30.537988 ], [ -97.777498, 30.537725 ], [ -97.777287, 30.537584 ], [ -97.776883, 30.537266 ], [ -97.777475, 30.536886 ], [ -97.777969, 30.536593 ], [ -97.778189, 30.536469 ], [ -97.778219, 30.536454 ], [ -97.777884, 30.53617 ], [ -97.777846, 30.536143 ], [ -97.777351, 30.535884 ], [ -97.777033, 30.535752 ], [ -97.776817, 30.535642 ], [ -97.776334, 30.535499 ], [ -97.775915, 30.535405 ], [ -97.775693, 30.535389 ], [ -97.77554, 30.5354 ], [ -97.775299, 30.535466 ], [ -97.774879, 30.535488 ], [ -97.774746, 30.535477 ], [ -97.774619, 30.535449 ], [ -97.774441, 30.535394 ], [ -97.774384, 30.535374 ], [ -97.774041, 30.535256 ], [ -97.77352, 30.535097 ], [ -97.772764, 30.534959 ], [ -97.772748, 30.534953 ], [ -97.772427, 30.534838 ], [ -97.771747, 30.534552 ], [ -97.771868, 30.534381 ], [ -97.771938, 30.534337 ], [ -97.772211, 30.534288 ], [ -97.772472, 30.534222 ], [ -97.772904, 30.534151 ], [ -97.773056, 30.534134 ], [ -97.773247, 30.534156 ], [ -97.773355, 30.534184 ], [ -97.773463, 30.534239 ], [ -97.773831, 30.534365 ], [ -97.773939, 30.534393 ], [ -97.774041, 30.534393 ], [ -97.774143, 30.534371 ], [ -97.774206, 30.534343 ], [ -97.774244, 30.534299 ], [ -97.774314, 30.534123 ], [ -97.774327, 30.534003 ], [ -97.774371, 30.533937 ], [ -97.774448, 30.533904 ], [ -97.774619, 30.533898 ], [ -97.774753, 30.533931 ], [ -97.774874, 30.533975 ], [ -97.774969, 30.53403 ], [ -97.775204, 30.534091 ], [ -97.775324, 30.534113 ], [ -97.775846, 30.534107 ], [ -97.775954, 30.53408 ], [ -97.776017, 30.534031 ], [ -97.776081, 30.533904 ], [ -97.776151, 30.533887 ], [ -97.776278, 30.53391 ], [ -97.776386, 30.53391 ], [ -97.77643, 30.533772 ], [ -97.776437, 30.533706 ], [ -97.776373, 30.533508 ], [ -97.776322, 30.533398 ], [ -97.776303, 30.533299 ], [ -97.776246, 30.533173 ], [ -97.776183, 30.532953 ], [ -97.776157, 30.532892 ], [ -97.776113, 30.532859 ], [ -97.776094, 30.532831 ], [ -97.776113, 30.532732 ], [ -97.776049, 30.53271 ], [ -97.775979, 30.53271 ], [ -97.775852, 30.532732 ], [ -97.775802, 30.532754 ], [ -97.775738, 30.53276 ], [ -97.775713, 30.532743 ], [ -97.775725, 30.532325 ], [ -97.775713, 30.532298 ], [ -97.775675, 30.532265 ], [ -97.775668, 30.532215 ], [ -97.775675, 30.532149 ], [ -97.775713, 30.532083 ], [ -97.776069, 30.531792 ], [ -97.776183, 30.531732 ], [ -97.77624, 30.531726 ], [ -97.776869, 30.531578 ], [ -97.777282, 30.531446 ], [ -97.777505, 30.531347 ], [ -97.777568, 30.531281 ], [ -97.777645, 30.531226 ], [ -97.777702, 30.531149 ], [ -97.777727, 30.531083 ], [ -97.777886, 30.530874 ], [ -97.777937, 30.530781 ], [ -97.777963, 30.530648 ], [ -97.777969, 30.530484 ], [ -97.777963, 30.530219 ], [ -97.777982, 30.530049 ], [ -97.778065, 30.529823 ], [ -97.77816, 30.529774 ], [ -97.778236, 30.529697 ], [ -97.77838, 30.529304 ], [ -97.778465, 30.529408 ], [ -97.778717, 30.52969 ], [ -97.779041, 30.529984 ], [ -97.779368, 30.530225 ], [ -97.78038, 30.531045 ], [ -97.780452, 30.531106 ], [ -97.780705, 30.531318 ], [ -97.780993, 30.531611 ], [ -97.781196, 30.531861 ], [ -97.781325, 30.53203 ], [ -97.781648, 30.532456 ], [ -97.781837, 30.532769 ], [ -97.781989, 30.53307 ], [ -97.782295, 30.533727 ], [ -97.782421, 30.53407 ], [ -97.782664, 30.534656 ], [ -97.787009, 30.533367 ], [ -97.787583, 30.533197 ], [ -97.787897, 30.533117 ], [ -97.788208, 30.533038 ], [ -97.7903, 30.53239 ], [ -97.79187, 30.531903 ], [ -97.792012, 30.531859 ], [ -97.79374, 30.531322 ], [ -97.796338, 30.530561 ], [ -97.796343, 30.530647 ], [ -97.796324, 30.530674 ], [ -97.796204, 30.530916 ], [ -97.796115, 30.531004 ], [ -97.796026, 30.531147 ], [ -97.795987, 30.531285 ], [ -97.796007, 30.531547 ], [ -97.796032, 30.531656 ], [ -97.796199, 30.531833 ], [ -97.796137, 30.532106 ], [ -97.795949, 30.532242 ], [ -97.795574, 30.532381 ], [ -97.795094, 30.532455 ], [ -97.794714, 30.532501 ], [ -97.794574, 30.532626 ], [ -97.794694, 30.53325 ], [ -97.79463, 30.533558 ], [ -97.794454, 30.533694 ], [ -97.793888, 30.533898 ], [ -97.792747, 30.534219 ], [ -97.793401, 30.536124 ], [ -97.793464, 30.536218 ], [ -97.79354, 30.536295 ], [ -97.793706, 30.536344 ], [ -97.79403, 30.536399 ], [ -97.794284, 30.536416 ], [ -97.794474, 30.536356 ], [ -97.794525, 30.536323 ], [ -97.794582, 30.536246 ], [ -97.794684, 30.536136 ], [ -97.794735, 30.536108 ], [ -97.794983, 30.536119 ], [ -97.795046, 30.536075 ], [ -97.795103, 30.536075 ], [ -97.79518, 30.536114 ], [ -97.795237, 30.536174 ], [ -97.795339, 30.536378 ], [ -97.79537, 30.536504 ], [ -97.795408, 30.5369 ], [ -97.79544, 30.537071 ], [ -97.795535, 30.537285 ], [ -97.795777, 30.537604 ], [ -97.795897, 30.537698 ], [ -97.795993, 30.53772 ], [ -97.796113, 30.53772 ], [ -97.796202, 30.537681 ], [ -97.796368, 30.53756 ], [ -97.796495, 30.537511 ], [ -97.796584, 30.537489 ], [ -97.796685, 30.537489 ], [ -97.796939, 30.537511 ], [ -97.797016, 30.537527 ], [ -97.797124, 30.537577 ], [ -97.79727, 30.537714 ], [ -97.797327, 30.537786 ], [ -97.797422, 30.537879 ], [ -97.797505, 30.538033 ], [ -97.797556, 30.538105 ], [ -97.797549, 30.538171 ], [ -97.797562, 30.538209 ], [ -97.797556, 30.53838 ], [ -97.797587, 30.538699 ], [ -97.797619, 30.538787 ], [ -97.797753, 30.53904 ], [ -97.79783, 30.539133 ], [ -97.797886, 30.5392 ], [ -97.798057, 30.539304 ], [ -97.798595, 30.539547 ], [ -97.798881, 30.539626 ], [ -97.798903, 30.539637 ], [ -97.799075, 30.539726 ], [ -97.79917, 30.539747 ], [ -97.798926, 30.539803 ], [ -97.798782, 30.539885 ], [ -97.798743, 30.539948 ], [ -97.798845, 30.540208 ], [ -97.79892, 30.540399 ], [ -97.798988, 30.540572 ], [ -97.79941, 30.541643 ], [ -97.799723, 30.542421 ], [ -97.799811, 30.542593 ], [ -97.800006, 30.542976 ], [ -97.800129, 30.543388 ], [ -97.800681, 30.544725 ], [ -97.800684, 30.544752 ] ] ] } },
{ "type": "Feature", "properties": { "GEOID": "484910203372", "NAME": "Block Group 2; Census Tract 203.37; Williamson County; Texas", "state": "48", "county": "491", "tract": "020337", "block group": "2", "population": 1987.0, "population_moe": 365.0, "area_sq_miles": 0.5417946346991438, "population_density": 3667.441264167137, "under5": 154.0, "under5_moe": 128.94960255851896, "under18": 704.0, "under18_moe": 238.14281429428016, "age18_64": 1122.0, "age18_64_moe": 217.86463687344948, "age65plus": 161.0, "age65plus_moe": 108.08330120791094, "civilian_noninstitutionalized_population": 1987.0, "civilian_noninstitutionalized_population_moe": 365.0, "uninsured": 18.0, "uninsured_moe": 33.406586176980134, "uninsured_pct": 0.90588827377956727, "disability_population_base": "<NA>", "disability_population_base_moe": "<NA>", "disability": null, "disability_moe": "<NA>", "disability_pct": null, "poverty_population_base": 1987.0, "poverty_population_base_moe": 365.0, "poverty": 21.0, "poverty_moe": 35.341194094144583, "poverty_pct": 1.0568696527428285, "median_household_income": "222986.0", "median_household_income_moe": "15434.0", "per_capita_income": 72567.0, "per_capita_income_moe": 11181.0, "households": "<NA>", "households_moe": "<NA>", "no_vehicle_households": "<NA>", "no_vehicle_households_moe": "<NA>", "no_vehicle_pct": null, "youth_population_pct": 35.430296930045294, "senior_population_pct": 8.1026673376950171, "healthcare_need_score": 24.652056140407094, "healthcare_need_notes": "Relative index averaging min-max normalized uninsured_pct, disability_pct, poverty_pct, no_vehicle_pct, youth_population_pct, and senior_population_pct within the retained Liberty Hill study-area block groups.", "uninsured_pct_numerator": "uninsured", "uninsured_pct_denominator": "civilian_noninstitutionalized_population", "disability_pct_numerator": "disability", "disability_pct_denominator": "disability_population_base", "poverty_pct_numerator": "poverty", "poverty_pct_denominator": "poverty_population_base", "no_vehicle_pct_numerator": "no_vehicle_households", "no_vehicle_pct_denominator": "households", "youth_population_pct_numerator": "under18", "youth_population_pct_denominator": "population", "senior_population_pct_numerator": "age65plus", "senior_population_pct_denominator": "population", "intersects_liberty_hill_city": false, "nearest_any_medical_miles": 1.3507868549129145, "nearest_primary_care_miles": 1.3507868549129145, "nearest_urgent_care_miles": 3.7109909178439144, "nearest_hospital_miles": 3.0615190681902886, "nearest_emergency_miles": 4.1848839400280688, "nearest_primary_care_minutes": null, "nearest_urgent_care_minutes": null, "nearest_hospital_minutes": null, "nearest_emergency_minutes": null, "healthcare_access_measure": "Straight-line distance", "healthcare_access_distance_band": "1-3 miles" }, "geometry": { "type": "Polygon", "coordinates": [ [ [ -97.870719, 30.527375 ], [ -97.870489, 30.528914 ], [ -97.870363, 30.529764 ], [ -97.870355, 30.529816 ], [ -97.870352, 30.529835 ], [ -97.870343, 30.529895 ], [ -97.870285, 30.530281 ], [ -97.870226, 30.530683 ], [ -97.870135, 30.531293 ], [ -97.870108, 30.531471 ], [ -97.870071, 30.531719 ], [ -97.870053, 30.531838 ], [ -97.870039, 30.531934 ], [ -97.870021, 30.532053 ], [ -97.86994, 30.532604 ], [ -97.869637, 30.534642 ], [ -97.869622, 30.534739 ], [ -97.869304, 30.536842 ], [ -97.869106, 30.538147 ], [ -97.869069, 30.538395 ], [ -97.86903, 30.53865 ], [ -97.868691, 30.540978 ], [ -97.868596, 30.541638 ], [ -97.868522, 30.542146 ], [ -97.868262, 30.543868 ], [ -97.868233, 30.544062 ], [ -97.868046, 30.545307 ], [ -97.867866, 30.546499 ], [ -97.868013, 30.546574 ], [ -97.868448, 30.546795 ], [ -97.868845, 30.546997 ], [ -97.868489, 30.547466 ], [ -97.868401, 30.547583 ], [ -97.868032, 30.547334 ], [ -97.867605, 30.547073 ], [ -97.867482, 30.54698 ], [ -97.867382, 30.546886 ], [ -97.867282, 30.546766 ], [ -97.867174, 30.546604 ], [ -97.867032, 30.546261 ], [ -97.866951, 30.546027 ], [ -97.866892, 30.545902 ], [ -97.86681, 30.545773 ], [ -97.866711, 30.545655 ], [ -97.866619, 30.545562 ], [ -97.866493, 30.545467 ], [ -97.866329, 30.545375 ], [ -97.866151, 30.545302 ], [ -97.865957, 30.545243 ], [ -97.865775, 30.545213 ], [ -97.865538, 30.545203 ], [ -97.865285, 30.54523 ], [ -97.865021, 30.545289 ], [ -97.864643, 30.545333 ], [ -97.864485, 30.545374 ], [ -97.864358, 30.544932 ], [ -97.864081, 30.544258 ], [ -97.863724, 30.543431 ], [ -97.863698, 30.543369 ], [ -97.863641, 30.54323 ], [ -97.863533, 30.542956 ], [ -97.86348, 30.542823 ], [ -97.863376, 30.542563 ], [ -97.863323, 30.542433 ], [ -97.863238, 30.542233 ], [ -97.863212, 30.54217 ], [ -97.863154, 30.542033 ], [ -97.863041, 30.541755 ], [ -97.862985, 30.541614 ], [ -97.862871, 30.541331 ], [ -97.862816, 30.54119 ], [ -97.862782, 30.541103 ], [ -97.862708, 30.540911 ], [ -97.862654, 30.540774 ], [ -97.8626, 30.540639 ], [ -97.862546, 30.540505 ], [ -97.862491, 30.540373 ], [ -97.862436, 30.540241 ], [ -97.86238, 30.540108 ], [ -97.862268, 30.539838 ], [ -97.862161, 30.539573 ], [ -97.862108, 30.539441 ], [ -97.862005, 30.539183 ], [ -97.861954, 30.539059 ], [ -97.861859, 30.538821 ], [ -97.861812, 30.538709 ], [ -97.861726, 30.538497 ], [ -97.86166, 30.538389 ], [ -97.861601, 30.538224 ], [ -97.861572, 30.53814 ], [ -97.860604, 30.535633 ], [ -97.859971, 30.534262 ], [ -97.859832, 30.533921 ], [ -97.859616, 30.533483 ], [ -97.859473, 30.533134 ], [ -97.859394, 30.532851 ], [ -97.859262, 30.532458 ], [ -97.859139, 30.532092 ], [ -97.858618, 30.530851 ], [ -97.858744, 30.530788 ], [ -97.859244, 30.53054 ], [ -97.859401, 30.530423 ], [ -97.859555, 30.53029 ], [ -97.859708, 30.530134 ], [ -97.859861, 30.529947 ], [ -97.860056, 30.529803 ], [ -97.86078, 30.529521 ], [ -97.861275, 30.529382 ], [ -97.861427, 30.529341 ], [ -97.861607, 30.529311 ], [ -97.861766, 30.529299 ], [ -97.861926, 30.529301 ], [ -97.862096, 30.529319 ], [ -97.862264, 30.529353 ], [ -97.862403, 30.529394 ], [ -97.863804, 30.529894 ], [ -97.864322, 30.530074 ], [ -97.865007, 30.530312 ], [ -97.866124, 30.530862 ], [ -97.866448, 30.531035 ], [ -97.866789, 30.530601 ], [ -97.866844, 30.530531 ], [ -97.866986, 30.530344 ], [ -97.867067, 30.530174 ], [ -97.867255, 30.529916 ], [ -97.867576, 30.529206 ], [ -97.867809, 30.528394 ], [ -97.867898, 30.528095 ], [ -97.868043, 30.527587 ], [ -97.868144, 30.526759 ], [ -97.868246, 30.525888 ], [ -97.869087, 30.526055 ], [ -97.870091, 30.526255 ], [ -97.87023, 30.526291 ], [ -97.870253, 30.526298 ], [ -97.870511, 30.526363 ], [ -97.870528, 30.526366 ], [ -97.87061, 30.526379 ], [ -97.870861, 30.526421 ], [ -97.870719, 30.527375 ] ] ] } },
{ "type": "Feature", "properties": { "GEOID": "484910201233", "NAME": "Block Group 3; Census Tract 201.23; Williamson County; Texas", "state": "48", "county": "491", "tract": "020123", "block group": "3", "population": 1804.0, "population_moe": 344.0, "area_sq_miles": 1.2589457554153409, "population_density": 1432.9449797500126, "under5": 76.0, "under5_moe": 63.600314464631381, "under18": 213.0, "under18_moe": 119.66620241321273, "age18_64": 1403.0, "age18_64_moe": 299.312545677591, "age65plus": 188.0, "age65plus_moe": 104.90471867366119, "civilian_noninstitutionalized_population": 1804.0, "civilian_noninstitutionalized_population_moe": 344.0, "uninsured": 265.0, "uninsured_moe": 161.40012391568973, "uninsured_pct": 14.689578713968956, "disability_population_base": "<NA>", "disability_population_base_moe": "<NA>", "disability": null, "disability_moe": "<NA>", "disability_pct": null, "poverty_population_base": 1804.0, "poverty_population_base_moe": 344.0, "poverty": 215.0, "poverty_moe": 230.48861143232219, "poverty_pct": 11.917960088691796, "median_household_income": "72644.0", "median_household_income_moe": "5269.0", "per_capita_income": 76344.0, "per_capita_income_moe": 21716.0, "households": "<NA>", "households_moe": "<NA>", "no_vehicle_households": "<NA>", "no_vehicle_households_moe": "<NA>", "no_vehicle_pct": null, "youth_population_pct": 11.807095343680709, "senior_population_pct": 10.421286031042129, "healthcare_need_score": 28.112786830787904, "healthcare_need_notes": "Relative index averaging min-max normalized uninsured_pct, disability_pct, poverty_pct, no_vehicle_pct, youth_population_pct, and senior_population_pct within the retained Liberty Hill study-area block groups.", "uninsured_pct_numerator": "uninsured", "uninsured_pct_denominator": "civilian_noninstitutionalized_population", "disability_pct_numerator": "disability", "disability_pct_denominator": "disability_population_base", "poverty_pct_numerator": "poverty", "poverty_pct_denominator": "poverty_population_base", "no_vehicle_pct_numerator": "no_vehicle_households", "no_vehicle_pct_denominator": "households", "youth_population_pct_numerator": "under18", "youth_population_pct_denominator": "population", "senior_population_pct_numerator": "age65plus", "senior_population_pct_denominator": "population", "intersects_liberty_hill_city": false, "nearest_any_medical_miles": 1.3029355226154296, "nearest_primary_care_miles": 5.2373061768131342, "nearest_urgent_care_miles": 9.248069358914865, "nearest_hospital_miles": 1.3029355226154296, "nearest_emergency_miles": 8.956567357969238, "nearest_primary_care_minutes": null, "nearest_urgent_care_minutes": null, "nearest_hospital_minutes": null, "nearest_emergency_minutes": null, "healthcare_access_measure": "Straight-line distance", "healthcare_access_distance_band": "1-3 miles" }, "geometry": { "type": "Polygon", "coordinates": [ [ [ -97.722841, 30.634138 ], [ -97.721569, 30.633976 ], [ -97.719488, 30.633696 ], [ -97.716612, 30.633323 ], [ -97.716579, 30.633319 ], [ -97.715786, 30.633215 ], [ -97.714455, 30.63304 ], [ -97.713147, 30.632873 ], [ -97.713133, 30.632874 ], [ -97.712991, 30.632842 ], [ -97.712918, 30.63284 ], [ -97.712782, 30.632843 ], [ -97.71223, 30.632803 ], [ -97.712115, 30.632795 ], [ -97.711904, 30.63278 ], [ -97.711479, 30.632766 ], [ -97.710951, 30.632761 ], [ -97.710447, 30.632767 ], [ -97.709607, 30.632775 ], [ -97.708243, 30.632802 ], [ -97.70683, 30.632811 ], [ -97.705144, 30.632838 ], [ -97.70354, 30.632874 ], [ -97.701922, 30.632895 ], [ -97.701583, 30.6329 ], [ -97.700987, 30.632912 ], [ -97.70031, 30.632927 ], [ -97.700208, 30.632929 ], [ -97.698952, 30.632931 ], [ -97.698558, 30.632931 ], [ -97.695831, 30.632976 ], [ -97.695159, 30.632988 ], [ -97.692728, 30.633035 ], [ -97.692145, 30.633039 ], [ -97.691573, 30.633047 ], [ -97.691657, 30.632741 ], [ -97.691675, 30.632675 ], [ -97.691748, 30.632343 ], [ -97.691822, 30.631968 ], [ -97.691905, 30.631322 ], [ -97.691943, 30.631021 ], [ -97.691986, 30.630065 ], [ -97.691944, 30.629487 ], [ -97.691902, 30.629057 ], [ -97.691857, 30.628839 ], [ -97.691794, 30.628474 ], [ -97.691713, 30.628049 ], [ -97.691573, 30.627472 ], [ -97.69126, 30.626398 ], [ -97.691177, 30.626105 ], [ -97.691139, 30.62597 ], [ -97.691205, 30.625966 ], [ -97.691341, 30.625958 ], [ -97.691435, 30.625952 ], [ -97.691664, 30.625962 ], [ -97.691946, 30.625975 ], [ -97.692058, 30.62598 ], [ -97.692538, 30.626103 ], [ -97.692926, 30.62628 ], [ -97.693273, 30.626438 ], [ -97.694608, 30.627418 ], [ -97.695026, 30.627654 ], [ -97.695326, 30.627777 ], [ -97.695864, 30.627828 ], [ -97.696604, 30.627737 ], [ -97.697157, 30.627579 ], [ -97.699552, 30.626756 ], [ -97.699678, 30.6267 ], [ -97.699819, 30.626638 ], [ -97.699858, 30.62662 ], [ -97.700136, 30.626499 ], [ -97.700244, 30.626422 ], [ -97.700585, 30.626182 ], [ -97.700977, 30.625833 ], [ -97.701335, 30.625534 ], [ -97.701696, 30.625139 ], [ -97.702213, 30.624411 ], [ -97.702432, 30.623985 ], [ -97.702512, 30.623668 ], [ -97.702566, 30.623454 ], [ -97.702579, 30.623406 ], [ -97.702548, 30.623329 ], [ -97.702475, 30.623145 ], [ -97.70234, 30.622802 ], [ -97.702332, 30.622448 ], [ -97.702551, 30.621593 ], [ -97.702608, 30.621374 ], [ -97.702878, 30.620866 ], [ -97.702996, 30.620408 ], [ -97.703031, 30.620274 ], [ -97.703134, 30.620081 ], [ -97.703395, 30.619807 ], [ -97.703863, 30.619533 ], [ -97.704614, 30.619094 ], [ -97.705039, 30.618961 ], [ -97.70563, 30.619023 ], [ -97.705798, 30.61905 ], [ -97.705958, 30.619077 ], [ -97.706413, 30.619153 ], [ -97.706911, 30.619236 ], [ -97.707067, 30.619329 ], [ -97.707407, 30.619532 ], [ -97.707704, 30.619777 ], [ -97.708448, 30.620182 ], [ -97.708851, 30.620336 ], [ -97.7093, 30.620355 ], [ -97.709593, 30.620351 ], [ -97.711692, 30.62033 ], [ -97.712546, 30.620199 ], [ -97.713002, 30.620198 ], [ -97.713159, 30.620125 ], [ -97.713213, 30.620101 ], [ -97.713308, 30.620057 ], [ -97.714701, 30.619744 ], [ -97.71646, 30.619696 ], [ -97.716907, 30.619712 ], [ -97.717225, 30.619636 ], [ -97.717753, 30.619458 ], [ -97.717787, 30.619541 ], [ -97.718647, 30.621537 ], [ -97.719051, 30.622498 ], [ -97.71998, 30.625368 ], [ -97.720328, 30.626344 ], [ -97.720345, 30.626442 ], [ -97.720347, 30.626518 ], [ -97.720328, 30.626607 ], [ -97.72028, 30.626715 ], [ -97.720936, 30.627292 ], [ -97.72128, 30.628062 ], [ -97.72179, 30.629437 ], [ -97.722454, 30.63189 ], [ -97.722726, 30.63323 ], [ -97.722829, 30.633987 ], [ -97.722841, 30.634138 ] ] ] } },
{ "type": "Feature", "properties": { "GEOID": "484910203421", "NAME": "Block Group 1; Census Tract 203.42; Williamson County; Texas", "state": "48", "county": "491", "tract": "020342", "block group": "1", "population": 5488.0, "population_moe": 1186.0, "area_sq_miles": 2.5121663260291633, "population_density": 2184.5687298398611, "under5": 534.0, "under5_moe": 273.91239475423527, "under18": 1709.0, "under18_moe": 487.49256404585293, "age18_64": 3472.0, "age18_64_moe": 545.2228902017963, "age65plus": 307.0, "age65plus_moe": 109.17417276993676, "civilian_noninstitutionalized_population": 5488.0, "civilian_noninstitutionalized_population_moe": 1186.0, "uninsured": 512.0, "uninsured_moe": 264.31609863948887, "uninsured_pct": 9.3294460641399422, "disability_population_base": "<NA>", "disability_population_base_moe": "<NA>", "disability": null, "disability_moe": "<NA>", "disability_pct": null, "poverty_population_base": 5488.0, "poverty_population_base_moe": 1186.0, "poverty": 318.0, "poverty_moe": 359.9236030048599, "poverty_pct": 5.7944606413994171, "median_household_income": "130893.0", "median_household_income_moe": "17677.0", "per_capita_income": 50036.0, "per_capita_income_moe": 7456.0, "households": "<NA>", "households_moe": "<NA>", "no_vehicle_households": "<NA>", "no_vehicle_households_moe": "<NA>", "no_vehicle_pct": null, "youth_population_pct": 31.140670553935863, "senior_population_pct": 5.5940233236151604, "healthcare_need_score": 30.60024352035796, "healthcare_need_notes": "Relative index averaging min-max normalized uninsured_pct, disability_pct, poverty_pct, no_vehicle_pct, youth_population_pct, and senior_population_pct within the retained Liberty Hill study-area block groups.", "uninsured_pct_numerator": "uninsured", "uninsured_pct_denominator": "civilian_noninstitutionalized_population", "disability_pct_numerator": "disability", "disability_pct_denominator": "disability_population_base", "poverty_pct_numerator": "poverty", "poverty_pct_denominator": "poverty_population_base", "no_vehicle_pct_numerator": "no_vehicle_households", "no_vehicle_pct_denominator": "households", "youth_population_pct_numerator": "under18", "youth_population_pct_denominator": "population", "senior_population_pct_numerator": "age65plus", "senior_population_pct_denominator": "population", "intersects_liberty_hill_city": false, "nearest_any_medical_miles": 1.3756099607538403, "nearest_primary_care_miles": 2.5059800439958808, "nearest_urgent_care_miles": 1.4759052686159506, "nearest_hospital_miles": 6.2911413203322395, "nearest_emergency_miles": 1.3756099607538403, "nearest_primary_care_minutes": null, "nearest_urgent_care_minutes": null, "nearest_hospital_minutes": null, "nearest_emergency_minutes": null, "healthcare_access_measure": "Straight-line distance", "healthcare_access_distance_band": "1-3 miles" }, "geometry": { "type": "Polygon", "coordinates": [ [ [ -97.895147, 30.605704 ], [ -97.894313, 30.606137 ], [ -97.893753, 30.606413 ], [ -97.893643, 30.606467 ], [ -97.892336, 30.60711 ], [ -97.8918, 30.60738 ], [ -97.891617, 30.60746 ], [ -97.891381, 30.607564 ], [ -97.889297, 30.608283 ], [ -97.889888, 30.609633 ], [ -97.890463, 30.610806 ], [ -97.890981, 30.611863 ], [ -97.891382, 30.612624 ], [ -97.891496, 30.61284 ], [ -97.891343, 30.612882 ], [ -97.890268, 30.613176 ], [ -97.888912, 30.613499 ], [ -97.887498, 30.613858 ], [ -97.887038, 30.613999 ], [ -97.886046, 30.614231 ], [ -97.885047, 30.614457 ], [ -97.885018, 30.614443 ], [ -97.88483, 30.614355 ], [ -97.884678, 30.614389 ], [ -97.884216, 30.614532 ], [ -97.883299, 30.614818 ], [ -97.88245, 30.615091 ], [ -97.881941, 30.615259 ], [ -97.881329, 30.613732 ], [ -97.880764, 30.612372 ], [ -97.880635, 30.612061 ], [ -97.880254, 30.61113 ], [ -97.880075, 30.610695 ], [ -97.879827, 30.61013 ], [ -97.879716, 30.609876 ], [ -97.879428, 30.609229 ], [ -97.879019, 30.608314 ], [ -97.878813, 30.607844 ], [ -97.878646, 30.60747 ], [ -97.878623, 30.607415 ], [ -97.878566, 30.607415 ], [ -97.878509, 30.607399 ], [ -97.87847, 30.607344 ], [ -97.878471, 30.607107 ], [ -97.878432, 30.607074 ], [ -97.878382, 30.607069 ], [ -97.878318, 30.607096 ], [ -97.878248, 30.607162 ], [ -97.878102, 30.607332 ], [ -97.878019, 30.607536 ], [ -97.878012, 30.607668 ], [ -97.878031, 30.607728 ], [ -97.878031, 30.607794 ], [ -97.878082, 30.607899 ], [ -97.878038, 30.607954 ], [ -97.877923, 30.607987 ], [ -97.877821, 30.607992 ], [ -97.877682, 30.607976 ], [ -97.877574, 30.607926 ], [ -97.877427, 30.607888 ], [ -97.877287, 30.607888 ], [ -97.877141, 30.607948 ], [ -97.876861, 30.608179 ], [ -97.876728, 30.608272 ], [ -97.876562, 30.60847 ], [ -97.876409, 30.608613 ], [ -97.876231, 30.6088 ], [ -97.8759, 30.609218 ], [ -97.875773, 30.609361 ], [ -97.875536, 30.609454 ], [ -97.87543, 30.609476 ], [ -97.875295, 30.609503 ], [ -97.874904, 30.609418 ], [ -97.874433, 30.609401 ], [ -97.874312, 30.609484 ], [ -97.874198, 30.609671 ], [ -97.874084, 30.60983 ], [ -97.874027, 30.609836 ], [ -97.873988, 30.609819 ], [ -97.87388, 30.609742 ], [ -97.87381, 30.609654 ], [ -97.873797, 30.609594 ], [ -97.873727, 30.609424 ], [ -97.873677, 30.609369 ], [ -97.873511, 30.609341 ], [ -97.87339, 30.609347 ], [ -97.873352, 30.609396 ], [ -97.873263, 30.609556 ], [ -97.872971, 30.60988 ], [ -97.872831, 30.609974 ], [ -97.872805, 30.609988 ], [ -97.872634, 30.610078 ], [ -97.872399, 30.610145 ], [ -97.872323, 30.610194 ], [ -97.872278, 30.610244 ], [ -97.872215, 30.610904 ], [ -97.872177, 30.61103 ], [ -97.872107, 30.611157 ], [ -97.871961, 30.611272 ], [ -97.871814, 30.611278 ], [ -97.871643, 30.611267 ], [ -97.871496, 30.611229 ], [ -97.871369, 30.611251 ], [ -97.871274, 30.611311 ], [ -97.871242, 30.611454 ], [ -97.871077, 30.611724 ], [ -97.870944, 30.611861 ], [ -97.871007, 30.612169 ], [ -97.871128, 30.612455 ], [ -97.871173, 30.612505 ], [ -97.8713, 30.612708 ], [ -97.871389, 30.612818 ], [ -97.871478, 30.612906 ], [ -97.871593, 30.613071 ], [ -97.871701, 30.613258 ], [ -97.871816, 30.613406 ], [ -97.87186, 30.6135 ], [ -97.871879, 30.61361 ], [ -97.871943, 30.613742 ], [ -97.871988, 30.613808 ], [ -97.872007, 30.613879 ], [ -97.872026, 30.613989 ], [ -97.87202, 30.614237 ], [ -97.871975, 30.614561 ], [ -97.87195, 30.614644 ], [ -97.871886, 30.614781 ], [ -97.871772, 30.615122 ], [ -97.87167, 30.61531 ], [ -97.871569, 30.61553 ], [ -97.871512, 30.61559 ], [ -97.871245, 30.615788 ], [ -97.871143, 30.615893 ], [ -97.870832, 30.616146 ], [ -97.870711, 30.616278 ], [ -97.870558, 30.616515 ], [ -97.870508, 30.616647 ], [ -97.870482, 30.616806 ], [ -97.870482, 30.61696 ], [ -97.870501, 30.617076 ], [ -97.870533, 30.617164 ], [ -97.870622, 30.617279 ], [ -97.870641, 30.617329 ], [ -97.870667, 30.617477 ], [ -97.870667, 30.617559 ], [ -97.870635, 30.617659 ], [ -97.870553, 30.617846 ], [ -97.870489, 30.617917 ], [ -97.87043, 30.617982 ], [ -97.870003, 30.617729 ], [ -97.868369, 30.616948 ], [ -97.868213, 30.616899 ], [ -97.867633, 30.616858 ], [ -97.867258, 30.617014 ], [ -97.867023, 30.617164 ], [ -97.866742, 30.617213 ], [ -97.865863, 30.617872 ], [ -97.864401, 30.618762 ], [ -97.863561, 30.619352 ], [ -97.861986, 30.620226 ], [ -97.861677, 30.62039 ], [ -97.86159, 30.620457 ], [ -97.861236, 30.62073 ], [ -97.861196, 30.620646 ], [ -97.860677, 30.619565 ], [ -97.86055, 30.619288 ], [ -97.860504, 30.619178 ], [ -97.860497, 30.619161 ], [ -97.86046, 30.61907 ], [ -97.860439, 30.618965 ], [ -97.860293, 30.618389 ], [ -97.860228, 30.618038 ], [ -97.86019, 30.61772 ], [ -97.860173, 30.617486 ], [ -97.860161, 30.61705 ], [ -97.860188, 30.616581 ], [ -97.860256, 30.61608 ], [ -97.860323, 30.615632 ], [ -97.860893, 30.612582 ], [ -97.861055, 30.611699 ], [ -97.8611, 30.611301 ], [ -97.861208, 30.610333 ], [ -97.861209, 30.610296 ], [ -97.861254, 30.608893 ], [ -97.861248, 30.60842 ], [ -97.861208, 30.60818 ], [ -97.861168, 30.607369 ], [ -97.861035, 30.606398 ], [ -97.860835, 30.605653 ], [ -97.860735, 30.605392 ], [ -97.86101, 30.605317 ], [ -97.861086, 30.605288 ], [ -97.861162, 30.605248 ], [ -97.861237, 30.605201 ], [ -97.861335, 30.605122 ], [ -97.861414, 30.605046 ], [ -97.861475, 30.604974 ], [ -97.861565, 30.604852 ], [ -97.861601, 30.604801 ], [ -97.861619, 30.604769 ], [ -97.861641, 30.604722 ], [ -97.861652, 30.604679 ], [ -97.861659, 30.604635 ], [ -97.861666, 30.604534 ], [ -97.861666, 30.604462 ], [ -97.861645, 30.604347 ], [ -97.86158, 30.604116 ], [ -97.861106, 30.602585 ], [ -97.861048, 30.60229 ], [ -97.86103, 30.602125 ], [ -97.861024, 30.601856 ], [ -97.861031, 30.601756 ], [ -97.86104, 30.601633 ], [ -97.861064, 30.601476 ], [ -97.861072, 30.601427 ], [ -97.861137, 30.601161 ], [ -97.861203, 30.600975 ], [ -97.861322, 30.6007 ], [ -97.86146, 30.600409 ], [ -97.861536, 30.600271 ], [ -97.861781, 30.599824 ], [ -97.861816, 30.599742 ], [ -97.861994, 30.599012 ], [ -97.862008, 30.598238 ], [ -97.86178, 30.597475 ], [ -97.861594, 30.597112 ], [ -97.861519, 30.597011 ], [ -97.861348, 30.59678 ], [ -97.861253, 30.596664 ], [ -97.860852, 30.596199 ], [ -97.860592, 30.595866 ], [ -97.860226, 30.595353 ], [ -97.860157, 30.595236 ], [ -97.860137, 30.595193 ], [ -97.860093, 30.595097 ], [ -97.859954, 30.594712 ], [ -97.859539, 30.593723 ], [ -97.859595, 30.593707 ], [ -97.859656, 30.593689 ], [ -97.859737, 30.593668 ], [ -97.859799, 30.593651 ], [ -97.859875, 30.59363 ], [ -97.859965, 30.593604 ], [ -97.860181, 30.593544 ], [ -97.860296, 30.593511 ], [ -97.860414, 30.593477 ], [ -97.860661, 30.593408 ], [ -97.860789, 30.593371 ], [ -97.860917, 30.593335 ], [ -97.861173, 30.593264 ], [ -97.861303, 30.593229 ], [ -97.861436, 30.593195 ], [ -97.861718, 30.59314 ], [ -97.861864, 30.593118 ], [ -97.862158, 30.593079 ], [ -97.862307, 30.593064 ], [ -97.862455, 30.593052 ], [ -97.862599, 30.593043 ], [ -97.862742, 30.593037 ], [ -97.862885, 30.593033 ], [ -97.863028, 30.593033 ], [ -97.863171, 30.593036 ], [ -97.863292, 30.59304 ], [ -97.863309, 30.59304 ], [ -97.863444, 30.593046 ], [ -97.863576, 30.593054 ], [ -97.863706, 30.593067 ], [ -97.863834, 30.59308 ], [ -97.863961, 30.593096 ], [ -97.864086, 30.593116 ], [ -97.864211, 30.593137 ], [ -97.864336, 30.593161 ], [ -97.864464, 30.593187 ], [ -97.864594, 30.593215 ], [ -97.864863, 30.593275 ], [ -97.865001, 30.593307 ], [ -97.865142, 30.59334 ], [ -97.865285, 30.593373 ], [ -97.865572, 30.59344 ], [ -97.865717, 30.593473 ], [ -97.865863, 30.593506 ], [ -97.866009, 30.593539 ], [ -97.866154, 30.593571 ], [ -97.866301, 30.593603 ], [ -97.866449, 30.593636 ], [ -97.866595, 30.593668 ], [ -97.866741, 30.593701 ], [ -97.866886, 30.593733 ], [ -97.867032, 30.593765 ], [ -97.867179, 30.593798 ], [ -97.867326, 30.59383 ], [ -97.867474, 30.593864 ], [ -97.867624, 30.593898 ], [ -97.867775, 30.593932 ], [ -97.867929, 30.593966 ], [ -97.868082, 30.594001 ], [ -97.868237, 30.594038 ], [ -97.868392, 30.594073 ], [ -97.868547, 30.594108 ], [ -97.868701, 30.594143 ], [ -97.868853, 30.594177 ], [ -97.869155, 30.594245 ], [ -97.869303, 30.59428 ], [ -97.869448, 30.594314 ], [ -97.869591, 30.594348 ], [ -97.869732, 30.594381 ], [ -97.87001, 30.594445 ], [ -97.870149, 30.594478 ], [ -97.870425, 30.594545 ], [ -97.870562, 30.594577 ], [ -97.870832, 30.594641 ], [ -97.871099, 30.594702 ], [ -97.871233, 30.594732 ], [ -97.871507, 30.594794 ], [ -97.871648, 30.594827 ], [ -97.871935, 30.594889 ], [ -97.872074, 30.594919 ], [ -97.87221, 30.594948 ], [ -97.872342, 30.594977 ], [ -97.872471, 30.595005 ], [ -97.872728, 30.595061 ], [ -97.872984, 30.595117 ], [ -97.87311, 30.595145 ], [ -97.873235, 30.595172 ], [ -97.873357, 30.595198 ], [ -97.873474, 30.595223 ], [ -97.873587, 30.595246 ], [ -97.873699, 30.595268 ], [ -97.87381, 30.595291 ], [ -97.873915, 30.595313 ], [ -97.874018, 30.595336 ], [ -97.874118, 30.595357 ], [ -97.874215, 30.595379 ], [ -97.874306, 30.595401 ], [ -97.874391, 30.595421 ], [ -97.874472, 30.59544 ], [ -97.874548, 30.595459 ], [ -97.874616, 30.595476 ], [ -97.874679, 30.595491 ], [ -97.874737, 30.595506 ], [ -97.874788, 30.595519 ], [ -97.87487, 30.595541 ], [ -97.874928, 30.595561 ], [ -97.875024, 30.59524 ], [ -97.875086, 30.594966 ], [ -97.875119, 30.594539 ], [ -97.875054, 30.593172 ], [ -97.875051, 30.593109 ], [ -97.875023, 30.592526 ], [ -97.875034, 30.592019 ], [ -97.875103, 30.591665 ], [ -97.87524, 30.591286 ], [ -97.875499, 30.590834 ], [ -97.875828, 30.590446 ], [ -97.87613, 30.590184 ], [ -97.877914, 30.588846 ], [ -97.878456, 30.588491 ], [ -97.879367, 30.588095 ], [ -97.879879, 30.588847 ], [ -97.880301, 30.589482 ], [ -97.880585, 30.589882 ], [ -97.881289, 30.590958 ], [ -97.881607, 30.59143 ], [ -97.882919, 30.593597 ], [ -97.883039, 30.593757 ], [ -97.883187, 30.594028 ], [ -97.883462, 30.594379 ], [ -97.883811, 30.594676 ], [ -97.884061, 30.594858 ], [ -97.884235, 30.594976 ], [ -97.884476, 30.595066 ], [ -97.884755, 30.595178 ], [ -97.885218, 30.595353 ], [ -97.885593, 30.595521 ], [ -97.885841, 30.595681 ], [ -97.885969, 30.595761 ], [ -97.886144, 30.595904 ], [ -97.886328, 30.59608 ], [ -97.886488, 30.596272 ], [ -97.886711, 30.596583 ], [ -97.886873, 30.596914 ], [ -97.887244, 30.597768 ], [ -97.887632, 30.598538 ], [ -97.887798, 30.598859 ], [ -97.88788, 30.599002 ], [ -97.888015, 30.599231 ], [ -97.888069, 30.59931 ], [ -97.888218, 30.59953 ], [ -97.888258, 30.599589 ], [ -97.888423, 30.599807 ], [ -97.888621, 30.600032 ], [ -97.888792, 30.600204 ], [ -97.889211, 30.60057 ], [ -97.889623, 30.600903 ], [ -97.890228, 30.601357 ], [ -97.890572, 30.601634 ], [ -97.890961, 30.601947 ], [ -97.891516, 30.602401 ], [ -97.892254, 30.602974 ], [ -97.893368, 30.603876 ], [ -97.893784, 30.604226 ], [ -97.894044, 30.604477 ], [ -97.894447, 30.604896 ], [ -97.89484, 30.605337 ], [ -97.895147, 30.605704 ] ] ] } },
{ "type": "Feature", "properties": { "GEOID": "484910202033", "NAME": "Block Group 3; Census Tract 202.03; Williamson County; Texas", "state": "48", "county": "491", "tract": "020203", "block group": "3", "population": 2718.0, "population_moe": 256.0, "area_sq_miles": 9.1532323642729789, "population_density": 296.94428064657626, "under5": 145.0, "under5_moe": 65.192024052026483, "under18": 426.0, "under18_moe": 124.25779653607253, "age18_64": 1056.0, "age18_64_moe": 215.82631906234235, "age65plus": 1236.0, "age65plus_moe": 197.65626729248936, "civilian_noninstitutionalized_population": 2684.0, "civilian_noninstitutionalized_population_moe": 259.0, "uninsured": 120.0, "uninsured_moe": 96.932966528421076, "uninsured_pct": 4.4709388971684056, "disability_population_base": "<NA>", "disability_population_base_moe": "<NA>", "disability": null, "disability_moe": "<NA>", "disability_pct": null, "poverty_population_base": 2718.0, "poverty_population_base_moe": 256.0, "poverty": 98.0, "poverty_moe": 71.867934435323804, "poverty_pct": 3.6055923473142015, "median_household_income": "108611.0", "median_household_income_moe": "24156.0", "per_capita_income": 76879.0, "per_capita_income_moe": 12373.0, "households": "<NA>", "households_moe": "<NA>", "no_vehicle_households": "<NA>", "no_vehicle_households_moe": "<NA>", "no_vehicle_pct": null, "youth_population_pct": 15.673289183222957, "senior_population_pct": 45.474613686534212, "healthcare_need_score": 27.514382171199472, "healthcare_need_notes": "Relative index averaging min-max normalized uninsured_pct, disability_pct, poverty_pct, no_vehicle_pct, youth_population_pct, and senior_population_pct within the retained Liberty Hill study-area block groups.", "uninsured_pct_numerator": "uninsured", "uninsured_pct_denominator": "civilian_noninstitutionalized_population", "disability_pct_numerator": "disability", "disability_pct_denominator": "disability_population_base", "poverty_pct_numerator": "poverty", "poverty_pct_denominator": "poverty_population_base", "no_vehicle_pct_numerator": "no_vehicle_households", "no_vehicle_pct_denominator": "households", "youth_population_pct_numerator": "under18", "youth_population_pct_denominator": "population", "senior_population_pct_numerator": "age65plus", "senior_population_pct_denominator": "population", "intersects_liberty_hill_city": false, "nearest_any_medical_miles": 3.8507806995326304, "nearest_primary_care_miles": 3.8507806995326304, "nearest_urgent_care_miles": 9.6601354048804549, "nearest_hospital_miles": 9.5645690138896367, "nearest_emergency_miles": 11.668851906918238, "nearest_primary_care_minutes": null, "nearest_urgent_care_minutes": null, "nearest_hospital_minutes": null, "nearest_emergency_minutes": null, "healthcare_access_measure": "Straight-line distance", "healthcare_access_distance_band": "3-5 miles" }, "geometry": { "type": "Polygon", "coordinates": [ [ [ -97.806115, 30.750595 ], [ -97.804234, 30.751179 ], [ -97.802894, 30.751595 ], [ -97.802441, 30.751736 ], [ -97.799002, 30.752822 ], [ -97.797166, 30.753413 ], [ -97.797107, 30.753446 ], [ -97.797059, 30.75349 ], [ -97.797025, 30.753542 ], [ -97.797007, 30.7536 ], [ -97.797004, 30.753656 ], [ -97.797016, 30.753711 ], [ -97.798175, 30.756237 ], [ -97.79836, 30.756664 ], [ -97.797571, 30.75695 ], [ -97.795415, 30.757643 ], [ -97.793017, 30.758406 ], [ -97.791685, 30.758873 ], [ -97.790398, 30.759273 ], [ -97.789153, 30.759677 ], [ -97.789052, 30.75971 ], [ -97.786662, 30.760475 ], [ -97.785649, 30.760799 ], [ -97.784702, 30.761074 ], [ -97.785142, 30.762053 ], [ -97.785493, 30.762856 ], [ -97.78605, 30.764223 ], [ -97.786202, 30.764624 ], [ -97.786444, 30.765113 ], [ -97.786369, 30.765159 ], [ -97.786146, 30.765318 ], [ -97.785949, 30.765417 ], [ -97.785898, 30.765417 ], [ -97.785859, 30.765379 ], [ -97.785796, 30.765362 ], [ -97.785675, 30.76545 ], [ -97.785592, 30.765555 ], [ -97.785541, 30.76556 ], [ -97.785458, 30.765626 ], [ -97.785382, 30.765714 ], [ -97.785286, 30.765774 ], [ -97.78514, 30.765785 ], [ -97.784878, 30.76589 ], [ -97.784764, 30.765923 ], [ -97.784719, 30.766 ], [ -97.784757, 30.766055 ], [ -97.784745, 30.766148 ], [ -97.784643, 30.766187 ], [ -97.784566, 30.766203 ], [ -97.784445, 30.766181 ], [ -97.784362, 30.766176 ], [ -97.784261, 30.766192 ], [ -97.78419, 30.766253 ], [ -97.784165, 30.766335 ], [ -97.784165, 30.766396 ], [ -97.784146, 30.766473 ], [ -97.784108, 30.766539 ], [ -97.783974, 30.766709 ], [ -97.783942, 30.766775 ], [ -97.783846, 30.766764 ], [ -97.783757, 30.766852 ], [ -97.7837, 30.766924 ], [ -97.783655, 30.76694 ], [ -97.783572, 30.76699 ], [ -97.783572, 30.767078 ], [ -97.783598, 30.767188 ], [ -97.783668, 30.767237 ], [ -97.783719, 30.767254 ], [ -97.783725, 30.76743 ], [ -97.783674, 30.767463 ], [ -97.783566, 30.767644 ], [ -97.78356, 30.767738 ], [ -97.783509, 30.767935 ], [ -97.783413, 30.768101 ], [ -97.78333, 30.768172 ], [ -97.783133, 30.768386 ], [ -97.782814, 30.768705 ], [ -97.782527, 30.768925 ], [ -97.782024, 30.769283 ], [ -97.781476, 30.769706 ], [ -97.781049, 30.769975 ], [ -97.780979, 30.769997 ], [ -97.780865, 30.769959 ], [ -97.78068, 30.769832 ], [ -97.780591, 30.769788 ], [ -97.779897, 30.769502 ], [ -97.779776, 30.769508 ], [ -97.779667, 30.769524 ], [ -97.779553, 30.769557 ], [ -97.779241, 30.769535 ], [ -97.77896, 30.769491 ], [ -97.778789, 30.769392 ], [ -97.778623, 30.769337 ], [ -97.778413, 30.769249 ], [ -97.777821, 30.768875 ], [ -97.777687, 30.768803 ], [ -97.776725, 30.76883 ], [ -97.776458, 30.768869 ], [ -97.776209, 30.768918 ], [ -97.775935, 30.768946 ], [ -97.775655, 30.768923 ], [ -97.775101, 30.768813 ], [ -97.774859, 30.768775 ], [ -97.774763, 30.768709 ], [ -97.774719, 30.768654 ], [ -97.774687, 30.768533 ], [ -97.774674, 30.768401 ], [ -97.774509, 30.76806 ], [ -97.77442, 30.767763 ], [ -97.774337, 30.767625 ], [ -97.774, 30.767515 ], [ -97.773127, 30.767449 ], [ -97.772751, 30.767443 ], [ -97.772261, 30.767487 ], [ -97.771949, 30.767487 ], [ -97.771605, 30.76752 ], [ -97.771509, 30.767558 ], [ -97.771401, 30.767619 ], [ -97.771286, 30.767718 ], [ -97.77114, 30.767888 ], [ -97.770891, 30.768444 ], [ -97.770827, 30.768559 ], [ -97.770624, 30.768718 ], [ -97.770337, 30.76879 ], [ -97.769974, 30.768817 ], [ -97.769655, 30.768905 ], [ -97.769483, 30.768977 ], [ -97.769369, 30.769037 ], [ -97.769273, 30.76907 ], [ -97.769222, 30.769108 ], [ -97.769235, 30.769147 ], [ -97.769292, 30.76918 ], [ -97.769254, 30.769235 ], [ -97.769126, 30.769345 ], [ -97.769012, 30.769405 ], [ -97.768776, 30.769482 ], [ -97.768655, 30.769493 ], [ -97.768458, 30.769548 ], [ -97.768254, 30.769559 ], [ -97.768082, 30.769554 ], [ -97.767764, 30.769322 ], [ -97.767598, 30.769273 ], [ -97.767502, 30.769267 ], [ -97.767286, 30.769229 ], [ -97.766948, 30.769152 ], [ -97.766643, 30.769218 ], [ -97.76642, 30.769289 ], [ -97.766292, 30.769316 ], [ -97.765986, 30.76952 ], [ -97.765738, 30.769564 ], [ -97.765547, 30.769558 ], [ -97.765362, 30.769608 ], [ -97.765248, 30.769657 ], [ -97.765126, 30.76974 ], [ -97.764974, 30.769822 ], [ -97.764827, 30.769921 ], [ -97.764751, 30.770025 ], [ -97.764585, 30.770201 ], [ -97.764292, 30.770476 ], [ -97.764209, 30.770575 ], [ -97.763948, 30.77063 ], [ -97.763801, 30.770624 ], [ -97.763642, 30.770602 ], [ -97.763438, 30.770542 ], [ -97.763285, 30.770492 ], [ -97.763158, 30.770421 ], [ -97.762738, 30.770245 ], [ -97.762681, 30.770173 ], [ -97.762681, 30.770096 ], [ -97.76277, 30.76992 ], [ -97.76277, 30.76981 ], [ -97.762757, 30.769728 ], [ -97.762725, 30.769651 ], [ -97.762649, 30.769585 ], [ -97.762522, 30.76954 ], [ -97.762375, 30.769474 ], [ -97.762152, 30.769436 ], [ -97.761808, 30.769172 ], [ -97.761573, 30.769018 ], [ -97.761509, 30.768913 ], [ -97.761516, 30.768534 ], [ -97.761433, 30.768402 ], [ -97.761318, 30.768319 ], [ -97.761007, 30.76811 ], [ -97.760879, 30.768005 ], [ -97.760758, 30.76778 ], [ -97.760682, 30.767686 ], [ -97.760695, 30.767494 ], [ -97.760778, 30.76729 ], [ -97.760835, 30.767197 ], [ -97.760931, 30.767098 ], [ -97.760918, 30.766966 ], [ -97.760848, 30.766575 ], [ -97.760804, 30.766493 ], [ -97.760727, 30.766383 ], [ -97.760657, 30.766311 ], [ -97.760657, 30.76624 ], [ -97.760632, 30.766124 ], [ -97.760364, 30.765954 ], [ -97.760218, 30.765833 ], [ -97.76004, 30.765657 ], [ -97.759537, 30.765365 ], [ -97.758308, 30.764891 ], [ -97.757907, 30.764721 ], [ -97.757607, 30.764605 ], [ -97.757308, 30.764512 ], [ -97.756811, 30.76439 ], [ -97.75662, 30.764363 ], [ -97.756213, 30.764346 ], [ -97.756066, 30.764384 ], [ -97.755907, 30.764483 ], [ -97.755797, 30.764541 ], [ -97.755865, 30.764812 ], [ -97.756155, 30.765505 ], [ -97.756529, 30.766459 ], [ -97.757161, 30.768017 ], [ -97.757538, 30.768868 ], [ -97.757959, 30.769851 ], [ -97.757972, 30.769891 ], [ -97.757973, 30.769932 ], [ -97.757966, 30.769973 ], [ -97.757937, 30.77003 ], [ -97.757908, 30.770062 ], [ -97.757871, 30.770089 ], [ -97.757004, 30.770607 ], [ -97.756666, 30.770809 ], [ -97.756003, 30.771206 ], [ -97.755577, 30.77146 ], [ -97.75435, 30.772211 ], [ -97.753822, 30.772527 ], [ -97.753301, 30.772863 ], [ -97.752896, 30.772347 ], [ -97.751385, 30.770422 ], [ -97.750466, 30.769238 ], [ -97.749801, 30.768407 ], [ -97.748144, 30.766292 ], [ -97.747671, 30.765688 ], [ -97.746418, 30.764115 ], [ -97.746301, 30.76399 ], [ -97.746084, 30.76379 ], [ -97.745847, 30.763599 ], [ -97.745583, 30.763414 ], [ -97.745329, 30.763259 ], [ -97.745059, 30.763124 ], [ -97.744606, 30.762927 ], [ -97.744292, 30.762808 ], [ -97.743613, 30.762599 ], [ -97.743422, 30.762535 ], [ -97.741698, 30.761959 ], [ -97.741361, 30.761837 ], [ -97.740997, 30.761705 ], [ -97.738891, 30.760909 ], [ -97.738254, 30.760671 ], [ -97.736939, 30.760179 ], [ -97.735911, 30.759792 ], [ -97.734144, 30.759129 ], [ -97.734181, 30.759083 ], [ -97.73427, 30.759034 ], [ -97.734455, 30.758891 ], [ -97.734582, 30.758825 ], [ -97.734557, 30.758797 ], [ -97.73455, 30.758775 ], [ -97.73455, 30.758736 ], [ -97.734576, 30.758698 ], [ -97.734652, 30.75867 ], [ -97.734748, 30.758676 ], [ -97.734818, 30.758692 ], [ -97.734888, 30.758654 ], [ -97.734932, 30.758588 ], [ -97.735225, 30.758351 ], [ -97.735467, 30.758225 ], [ -97.735703, 30.758065 ], [ -97.735843, 30.757939 ], [ -97.735938, 30.757823 ], [ -97.736002, 30.757592 ], [ -97.736065, 30.757262 ], [ -97.73609, 30.756828 ], [ -97.735976, 30.756575 ], [ -97.735872, 30.756216 ], [ -97.735855, 30.756157 ], [ -97.735778, 30.755942 ], [ -97.73565, 30.755634 ], [ -97.735529, 30.75548 ], [ -97.735466, 30.755299 ], [ -97.735376, 30.755205 ], [ -97.735262, 30.755063 ], [ -97.735071, 30.754914 ], [ -97.734924, 30.754771 ], [ -97.734784, 30.754573 ], [ -97.734675, 30.754227 ], [ -97.734644, 30.754023 ], [ -97.734701, 30.753611 ], [ -97.734688, 30.753468 ], [ -97.734548, 30.753149 ], [ -97.734337, 30.753061 ], [ -97.734006, 30.75283 ], [ -97.733656, 30.752544 ], [ -97.733503, 30.752198 ], [ -97.733121, 30.751879 ], [ -97.732604, 30.751362 ], [ -97.732125, 30.75059 ], [ -97.732357, 30.750296 ], [ -97.732305, 30.750202 ], [ -97.732185, 30.749998 ], [ -97.732123, 30.749871 ], [ -97.732091, 30.749816 ], [ -97.732098, 30.749783 ], [ -97.732091, 30.749656 ], [ -97.732027, 30.749557 ], [ -97.731875, 30.749381 ], [ -97.731804, 30.74926 ], [ -97.731798, 30.749205 ], [ -97.732021, 30.748738 ], [ -97.732084, 30.748573 ], [ -97.732256, 30.748188 ], [ -97.732358, 30.747902 ], [ -97.732517, 30.747616 ], [ -97.733179, 30.746653 ], [ -97.733745, 30.745745 ], [ -97.734114, 30.745294 ], [ -97.734458, 30.74492 ], [ -97.734713, 30.7447 ], [ -97.734795, 30.74464 ], [ -97.734878, 30.74459 ], [ -97.734954, 30.744563 ], [ -97.735069, 30.74453 ], [ -97.735165, 30.744524 ], [ -97.735317, 30.744491 ], [ -97.735381, 30.744469 ], [ -97.735438, 30.744397 ], [ -97.735687, 30.744243 ], [ -97.735737, 30.744166 ], [ -97.735916, 30.743787 ], [ -97.735979, 30.743561 ], [ -97.735979, 30.743497 ], [ -97.735979, 30.743429 ], [ -97.736004, 30.743066 ], [ -97.73596, 30.742802 ], [ -97.736574, 30.742709 ], [ -97.73717, 30.742632 ], [ -97.737324, 30.742619 ], [ -97.737276, 30.742384 ], [ -97.737249, 30.742252 ], [ -97.737236, 30.742191 ], [ -97.737194, 30.742006 ], [ -97.737159, 30.741862 ], [ -97.737096, 30.741647 ], [ -97.737028, 30.741469 ], [ -97.736961, 30.74134 ], [ -97.736891, 30.74121 ], [ -97.736725, 30.740991 ], [ -97.736625, 30.740862 ], [ -97.73651, 30.740711 ], [ -97.736228, 30.740407 ], [ -97.735896, 30.740107 ], [ -97.735643, 30.739892 ], [ -97.735464, 30.73973 ], [ -97.735297, 30.739555 ], [ -97.735199, 30.739434 ], [ -97.73506, 30.739255 ], [ -97.734929, 30.739043 ], [ -97.734817, 30.738842 ], [ -97.734708, 30.738598 ], [ -97.734623, 30.738353 ], [ -97.734589, 30.73817 ], [ -97.734538, 30.737777 ], [ -97.73454, 30.737471 ], [ -97.734532, 30.737363 ], [ -97.734565, 30.737143 ], [ -97.734646, 30.736767 ], [ -97.735117, 30.735721 ], [ -97.735437, 30.735025 ], [ -97.735542, 30.734794 ], [ -97.735558, 30.734762 ], [ -97.735664, 30.734567 ], [ -97.735926, 30.734048 ], [ -97.736249, 30.733381 ], [ -97.736371, 30.733167 ], [ -97.7364, 30.733081 ], [ -97.73669, 30.733171 ], [ -97.736949, 30.733259 ], [ -97.737677, 30.733518 ], [ -97.73862, 30.733852 ], [ -97.738758, 30.733923 ], [ -97.738871, 30.733985 ], [ -97.739323, 30.734113 ], [ -97.739596, 30.734159 ], [ -97.740016, 30.734196 ], [ -97.740362, 30.734191 ], [ -97.74059, 30.734165 ], [ -97.740714, 30.734209 ], [ -97.740837, 30.734102 ], [ -97.741141, 30.734017 ], [ -97.741405, 30.733916 ], [ -97.741705, 30.733794 ], [ -97.741834, 30.733802 ], [ -97.741883, 30.733682 ], [ -97.742609, 30.733226 ], [ -97.742955, 30.732906 ], [ -97.743022, 30.73295 ], [ -97.743103, 30.732985 ], [ -97.743245, 30.733049 ], [ -97.74448, 30.733521 ], [ -97.744703, 30.733614 ], [ -97.744875, 30.733647 ], [ -97.74541, 30.73379 ], [ -97.745939, 30.733872 ], [ -97.746104, 30.733911 ], [ -97.746442, 30.733894 ], [ -97.746665, 30.733927 ], [ -97.746754, 30.733966 ], [ -97.747047, 30.733971 ], [ -97.747282, 30.734069 ], [ -97.74748, 30.734152 ], [ -97.747569, 30.73418 ], [ -97.747773, 30.734185 ], [ -97.747983, 30.734169 ], [ -97.748072, 30.734135 ], [ -97.748256, 30.734031 ], [ -97.748734, 30.733866 ], [ -97.748931, 30.733838 ], [ -97.749128, 30.733843 ], [ -97.749205, 30.733855 ], [ -97.749351, 30.733854 ], [ -97.749606, 30.733805 ], [ -97.749682, 30.733799 ], [ -97.749727, 30.733788 ], [ -97.749983, 30.73365 ], [ -97.750001, 30.73364 ], [ -97.750161, 30.733517 ], [ -97.750231, 30.733495 ], [ -97.750581, 30.733445 ], [ -97.750919, 30.733379 ], [ -97.751123, 30.733319 ], [ -97.751218, 30.733253 ], [ -97.75146, 30.733061 ], [ -97.751709, 30.732785 ], [ -97.751894, 30.732582 ], [ -97.751964, 30.732489 ], [ -97.752015, 30.732395 ], [ -97.752072, 30.732154 ], [ -97.752311, 30.731531 ], [ -97.752487, 30.731076 ], [ -97.752742, 30.730135 ], [ -97.752844, 30.729838 ], [ -97.752984, 30.729514 ], [ -97.753099, 30.72936 ], [ -97.753163, 30.729311 ], [ -97.753392, 30.729294 ], [ -97.753831, 30.729283 ], [ -97.754251, 30.729311 ], [ -97.754525, 30.729361 ], [ -97.754805, 30.729432 ], [ -97.754901, 30.729443 ], [ -97.755028, 30.729427 ], [ -97.755283, 30.729356 ], [ -97.75541, 30.729306 ], [ -97.755563, 30.729224 ], [ -97.755716, 30.729191 ], [ -97.7559, 30.729141 ], [ -97.756257, 30.729098 ], [ -97.756664, 30.729092 ], [ -97.756849, 30.729076 ], [ -97.75704, 30.729054 ], [ -97.757326, 30.728999 ], [ -97.757594, 30.728917 ], [ -97.757683, 30.728873 ], [ -97.75776, 30.728818 ], [ -97.757887, 30.72868 ], [ -97.75804, 30.728581 ], [ -97.758173, 30.728521 ], [ -97.758447, 30.728428 ], [ -97.758798, 30.728351 ], [ -97.758906, 30.728345 ], [ -97.759129, 30.728356 ], [ -97.759218, 30.728351 ], [ -97.759332, 30.728324 ], [ -97.759447, 30.728285 ], [ -97.76002, 30.727999 ], [ -97.760198, 30.727944 ], [ -97.760351, 30.727911 ], [ -97.76074, 30.727868 ], [ -97.76102, 30.727884 ], [ -97.761293, 30.727917 ], [ -97.761567, 30.727989 ], [ -97.761745, 30.72805 ], [ -97.761851, 30.728086 ], [ -97.762274, 30.728231 ], [ -97.762522, 30.728303 ], [ -97.762796, 30.728353 ], [ -97.762891, 30.72838 ], [ -97.763018, 30.728474 ], [ -97.763413, 30.728919 ], [ -97.763648, 30.729271 ], [ -97.763922, 30.729799 ], [ -97.764082, 30.730048 ], [ -97.764113, 30.730097 ], [ -97.764208, 30.73013 ], [ -97.764329, 30.730124 ], [ -97.764405, 30.73013 ], [ -97.764482, 30.730256 ], [ -97.764552, 30.730344 ], [ -97.764895, 30.73096 ], [ -97.764882, 30.731142 ], [ -97.764978, 30.73134 ], [ -97.764989, 30.731354 ], [ -97.765054, 30.731439 ], [ -97.765226, 30.731725 ], [ -97.765296, 30.731802 ], [ -97.765328, 30.731906 ], [ -97.765474, 30.732077 ], [ -97.765519, 30.732116 ], [ -97.765528, 30.732124 ], [ -97.765573, 30.732168 ], [ -97.765611, 30.732177 ], [ -97.765703, 30.732209 ], [ -97.765821, 30.732297 ], [ -97.765827, 30.732317 ], [ -97.765862, 30.732369 ], [ -97.765977, 30.73244 ], [ -97.766038, 30.732453 ], [ -97.766152, 30.732478 ], [ -97.76641, 30.732534 ], [ -97.766594, 30.732528 ], [ -97.766683, 30.732512 ], [ -97.766779, 30.732506 ], [ -97.766913, 30.732474 ], [ -97.767046, 30.732463 ], [ -97.767334, 30.7325 ], [ -97.767817, 30.732562 ], [ -97.768033, 30.7326 ], [ -97.768625, 30.732612 ], [ -97.769109, 30.732463 ], [ -97.769383, 30.732326 ], [ -97.770109, 30.732013 ], [ -97.770332, 30.731886 ], [ -97.770638, 30.731738 ], [ -97.770765, 30.731639 ], [ -97.770886, 30.731523 ], [ -97.770969, 30.731425 ], [ -97.771007, 30.731348 ], [ -97.771007, 30.731335 ], [ -97.771013, 30.731073 ], [ -97.771052, 30.731012 ], [ -97.771135, 30.730952 ], [ -97.771163, 30.730941 ], [ -97.770959, 30.730429 ], [ -97.771039, 30.730408 ], [ -97.770699, 30.729599 ], [ -97.770548, 30.729237 ], [ -97.770513, 30.729143 ], [ -97.770501, 30.729051 ], [ -97.77051, 30.728958 ], [ -97.770539, 30.728868 ], [ -97.770967, 30.727984 ], [ -97.771517, 30.726849 ], [ -97.77239, 30.725101 ], [ -97.772691, 30.724449 ], [ -97.772836, 30.72417 ], [ -97.772964, 30.723998 ], [ -97.77311, 30.72383 ], [ -97.773349, 30.723623 ], [ -97.77387, 30.723181 ], [ -97.775096, 30.722168 ], [ -97.775136, 30.722202 ], [ -97.776087, 30.723012 ], [ -97.77642, 30.723306 ], [ -97.776631, 30.723491 ], [ -97.77706, 30.724074 ], [ -97.777369, 30.7244 ], [ -97.777458, 30.724526 ], [ -97.777774, 30.724974 ], [ -97.777869, 30.725202 ], [ -97.77828, 30.72618 ], [ -97.778464, 30.726632 ], [ -97.778486, 30.726685 ], [ -97.778948, 30.727835 ], [ -97.779661, 30.729613 ], [ -97.780168, 30.730639 ], [ -97.780312, 30.730919 ], [ -97.780537, 30.731173 ], [ -97.780718, 30.731438 ], [ -97.780937, 30.731649 ], [ -97.781258, 30.731888 ], [ -97.781491, 30.732068 ], [ -97.78168, 30.732195 ], [ -97.781889, 30.732319 ], [ -97.782099, 30.732426 ], [ -97.782352, 30.732544 ], [ -97.782636, 30.732665 ], [ -97.783161, 30.732837 ], [ -97.783928, 30.733017 ], [ -97.784999, 30.733255 ], [ -97.786191, 30.73345 ], [ -97.787316, 30.733712 ], [ -97.787779, 30.733813 ], [ -97.788343, 30.733902 ], [ -97.788909, 30.733969 ], [ -97.789479, 30.734015 ], [ -97.78997, 30.734036 ], [ -97.791664, 30.734072 ], [ -97.792773, 30.734095 ], [ -97.793064, 30.734087 ], [ -97.793384, 30.734097 ], [ -97.793688, 30.734124 ], [ -97.793989, 30.734168 ], [ -97.794286, 30.73423 ], [ -97.794577, 30.734308 ], [ -97.795032, 30.734455 ], [ -97.795288, 30.734558 ], [ -97.795328, 30.734577 ], [ -97.795533, 30.734678 ], [ -97.795767, 30.734815 ], [ -97.795986, 30.734967 ], [ -97.796572, 30.735435 ], [ -97.798863, 30.737409 ], [ -97.80035, 30.738937 ], [ -97.800605, 30.739224 ], [ -97.800842, 30.739522 ], [ -97.801063, 30.73983 ], [ -97.801188, 30.740035 ], [ -97.80138, 30.740302 ], [ -97.801616, 30.74064 ], [ -97.80182, 30.740943 ], [ -97.802318, 30.741777 ], [ -97.802805, 30.742655 ], [ -97.804669, 30.74717 ], [ -97.805048, 30.74808 ], [ -97.805298, 30.748623 ], [ -97.806077, 30.750503 ], [ -97.806115, 30.750595 ] ] ] } },
{ "type": "Feature", "properties": { "GEOID": "484910203521", "NAME": "Block Group 1; Census Tract 203.52; Williamson County; Texas", "state": "48", "county": "491", "tract": "020352", "block group": "1", "population": 2357.0, "population_moe": 462.0, "area_sq_miles": 1.2533728975405991, "population_density": 1880.5257434758375, "under5": 113.0, "under5_moe": 62.968245965724662, "under18": 504.0, "under18_moe": 225.58812025459142, "age18_64": 1575.0, "age18_64_moe": 340.25578613742925, "age65plus": 278.0, "age65plus_moe": 83.940455085733248, "civilian_noninstitutionalized_population": 2335.0, "civilian_noninstitutionalized_population_moe": 462.0, "uninsured": 282.0, "uninsured_moe": 169.26606275328791, "uninsured_pct": 12.077087794432547, "disability_population_base": "<NA>", "disability_population_base_moe": "<NA>", "disability": null, "disability_moe": "<NA>", "disability_pct": null, "poverty_population_base": 2335.0, "poverty_population_base_moe": 462.0, "poverty": 121.0, "poverty_moe": 97.406365295087369, "poverty_pct": 5.1820128479657388, "median_household_income": "117941.0", "median_household_income_moe": "39586.0", "per_capita_income": 53692.0, "per_capita_income_moe": 9640.0, "households": "<NA>", "households_moe": "<NA>", "no_vehicle_households": "<NA>", "no_vehicle_households_moe": "<NA>", "no_vehicle_pct": null, "youth_population_pct": 21.383114128128977, "senior_population_pct": 11.794654221467967, "healthcare_need_score": 27.967204488997488, "healthcare_need_notes": "Relative index averaging min-max normalized uninsured_pct, disability_pct, poverty_pct, no_vehicle_pct, youth_population_pct, and senior_population_pct within the retained Liberty Hill study-area block groups.", "uninsured_pct_numerator": "uninsured", "uninsured_pct_denominator": "civilian_noninstitutionalized_population", "disability_pct_numerator": "disability", "disability_pct_denominator": "disability_population_base", "poverty_pct_numerator": "poverty", "poverty_pct_denominator": "poverty_population_base", "no_vehicle_pct_numerator": "no_vehicle_households", "no_vehicle_pct_denominator": "households", "youth_population_pct_numerator": "under18", "youth_population_pct_denominator": "population", "senior_population_pct_numerator": "age65plus", "senior_population_pct_denominator": "population", "intersects_liberty_hill_city": false, "nearest_any_medical_miles": 0.38877451466493695, "nearest_primary_care_miles": 2.6691650472284936, "nearest_urgent_care_miles": 4.8013600513588628, "nearest_hospital_miles": 0.38877451466493695, "nearest_emergency_miles": 5.1253053564741631, "nearest_primary_care_minutes": null, "nearest_urgent_care_minutes": null, "nearest_hospital_minutes": null, "nearest_emergency_minutes": null, "healthcare_access_measure": "Straight-line distance", "healthcare_access_distance_band": "0-1 miles" }, "geometry": { "type": "Polygon", "coordinates": [ [ [ -97.835201, 30.532905 ], [ -97.834086, 30.533239 ], [ -97.832517, 30.53371 ], [ -97.831887, 30.533899 ], [ -97.830105, 30.534306 ], [ -97.829456, 30.534505 ], [ -97.825683, 30.535661 ], [ -97.825638, 30.535675 ], [ -97.824712, 30.535959 ], [ -97.823308, 30.536363 ], [ -97.82114, 30.537054 ], [ -97.820703, 30.537188 ], [ -97.820525, 30.537243 ], [ -97.819401, 30.537587 ], [ -97.819332, 30.537589 ], [ -97.819165, 30.537624 ], [ -97.819055, 30.537638 ], [ -97.818799, 30.537627 ], [ -97.818488, 30.537601 ], [ -97.818393, 30.537597 ], [ -97.818183, 30.537556 ], [ -97.817943, 30.537513 ], [ -97.81773, 30.537439 ], [ -97.817531, 30.537368 ], [ -97.817374, 30.53732 ], [ -97.817234, 30.537265 ], [ -97.817088, 30.53721 ], [ -97.817035, 30.537189 ], [ -97.817006, 30.537177 ], [ -97.816703, 30.537055 ], [ -97.816344, 30.536914 ], [ -97.816236, 30.536871 ], [ -97.81608, 30.536812 ], [ -97.81577, 30.536694 ], [ -97.815649, 30.536636 ], [ -97.815412, 30.53655 ], [ -97.814862, 30.53635 ], [ -97.814106, 30.536076 ], [ -97.813625, 30.535968 ], [ -97.813505, 30.535962 ], [ -97.813305, 30.535956 ], [ -97.813246, 30.535958 ], [ -97.813185, 30.535947 ], [ -97.813154, 30.535948 ], [ -97.81236, 30.536081 ], [ -97.811221, 30.536246 ], [ -97.810868, 30.536279 ], [ -97.809845, 30.536394 ], [ -97.809396, 30.536452 ], [ -97.809135, 30.536485 ], [ -97.808958, 30.536076 ], [ -97.808644, 30.535389 ], [ -97.80857, 30.535226 ], [ -97.808336, 30.534653 ], [ -97.8083, 30.534564 ], [ -97.808276, 30.534506 ], [ -97.808202, 30.534324 ], [ -97.8081, 30.534045 ], [ -97.808049, 30.533928 ], [ -97.807666, 30.53305 ], [ -97.807559, 30.532806 ], [ -97.807514, 30.532663 ], [ -97.807493, 30.532598 ], [ -97.807326, 30.532138 ], [ -97.807139, 30.531684 ], [ -97.806821, 30.530883 ], [ -97.806621, 30.530397 ], [ -97.806276, 30.529561 ], [ -97.806056, 30.528997 ], [ -97.805798, 30.528276 ], [ -97.807046, 30.527904 ], [ -97.809454, 30.527223 ], [ -97.810941, 30.526803 ], [ -97.813703, 30.526023 ], [ -97.815699, 30.525409 ], [ -97.816059, 30.525298 ], [ -97.816122, 30.525279 ], [ -97.816405, 30.525192 ], [ -97.81669, 30.525104 ], [ -97.817539, 30.524844 ], [ -97.820647, 30.523889 ], [ -97.82314, 30.523205 ], [ -97.824012, 30.522918 ], [ -97.824324, 30.522816 ], [ -97.826115, 30.522227 ], [ -97.827462, 30.521594 ], [ -97.830078, 30.520636 ], [ -97.831223, 30.523119 ], [ -97.831753, 30.524452 ], [ -97.831979, 30.52502 ], [ -97.832429, 30.526037 ], [ -97.832796, 30.526913 ], [ -97.833158, 30.527781 ], [ -97.833496, 30.528704 ], [ -97.833866, 30.529652 ], [ -97.834299, 30.530763 ], [ -97.835201, 30.532905 ] ] ] } },
{ "type": "Feature", "properties": { "GEOID": "484910203431", "NAME": "Block Group 1; Census Tract 203.43; Williamson County; Texas", "state": "48", "county": "491", "tract": "020343", "block group": "1", "population": 3543.0, "population_moe": 568.0, "area_sq_miles": 4.9710368828683933, "population_density": 712.72856820076822, "under5": 142.0, "under5_moe": 81.492330927517344, "under18": 861.0, "under18_moe": 236.36412587361897, "age18_64": 2405.0, "age18_64_moe": 370.8395879622347, "age65plus": 277.0, "age65plus_moe": 157.49285698088025, "civilian_noninstitutionalized_population": 3543.0, "civilian_noninstitutionalized_population_moe": 568.0, "uninsured": 403.0, "uninsured_moe": 180.50207755037059, "uninsured_pct": 11.374541349139147, "disability_population_base": "<NA>", "disability_population_base_moe": "<NA>", "disability": null, "disability_moe": "<NA>", "disability_pct": null, "poverty_population_base": 3501.0, "poverty_population_base_moe": 517.0, "poverty": 357.0, "poverty_moe": 272.73796948719848, "poverty_pct": 10.197086546700943, "median_household_income": "93450.0", "median_household_income_moe": "20182.0", "per_capita_income": 50079.0, "per_capita_income_moe": 12751.0, "households": "<NA>", "households_moe": "<NA>", "no_vehicle_households": "<NA>", "no_vehicle_households_moe": "<NA>", "no_vehicle_pct": null, "youth_population_pct": 24.301439458086367, "senior_population_pct": 7.8182331357606554, "healthcare_need_score": 31.477671315386655, "healthcare_need_notes": "Relative index averaging min-max normalized uninsured_pct, disability_pct, poverty_pct, no_vehicle_pct, youth_population_pct, and senior_population_pct within the retained Liberty Hill study-area block groups.", "uninsured_pct_numerator": "uninsured", "uninsured_pct_denominator": "civilian_noninstitutionalized_population", "disability_pct_numerator": "disability", "disability_pct_denominator": "disability_population_base", "poverty_pct_numerator": "poverty", "poverty_pct_denominator": "poverty_population_base", "no_vehicle_pct_numerator": "no_vehicle_households", "no_vehicle_pct_denominator": "households", "youth_population_pct_numerator": "under18", "youth_population_pct_denominator": "population", "senior_population_pct_numerator": "age65plus", "senior_population_pct_denominator": "population", "intersects_liberty_hill_city": false, "nearest_any_medical_miles": 2.221987674542798, "nearest_primary_care_miles": 3.1581768864675754, "nearest_urgent_care_miles": 2.221987674542798, "nearest_hospital_miles": 6.0056609658396241, "nearest_emergency_miles": 2.534141244482039, "nearest_primary_care_minutes": null, "nearest_urgent_care_minutes": null, "nearest_hospital_minutes": null, "nearest_emergency_minutes": null, "healthcare_access_measure": "Straight-line distance", "healthcare_access_distance_band": "1-3 miles" }, "geometry": { "type": "Polygon", "coordinates": [ [ [ -97.926985, 30.567654 ], [ -97.921797, 30.573313 ], [ -97.919388, 30.575939 ], [ -97.919151, 30.576198 ], [ -97.919033, 30.576328 ], [ -97.918675, 30.576696 ], [ -97.917074, 30.57844 ], [ -97.916977, 30.578546 ], [ -97.915123, 30.580567 ], [ -97.916122, 30.581746 ], [ -97.917096, 30.582895 ], [ -97.920383, 30.586774 ], [ -97.921835, 30.590792 ], [ -97.921895, 30.590958 ], [ -97.921129, 30.593233 ], [ -97.920149, 30.596003 ], [ -97.92008, 30.596218 ], [ -97.919807, 30.596305 ], [ -97.919745, 30.596323 ], [ -97.919528, 30.596387 ], [ -97.919459, 30.596407 ], [ -97.917782, 30.596924 ], [ -97.914385, 30.598025 ], [ -97.914325, 30.598051 ], [ -97.914289, 30.598066 ], [ -97.913353, 30.598364 ], [ -97.911863, 30.598817 ], [ -97.911653, 30.598882 ], [ -97.911051, 30.599069 ], [ -97.91064, 30.599216 ], [ -97.910416, 30.599276 ], [ -97.910328, 30.599294 ], [ -97.910123, 30.599316 ], [ -97.909979, 30.59931 ], [ -97.909899, 30.599295 ], [ -97.90978, 30.599262 ], [ -97.909395, 30.599136 ], [ -97.909347, 30.599123 ], [ -97.909032, 30.599108 ], [ -97.908965, 30.599092 ], [ -97.908924, 30.599074 ], [ -97.908885, 30.599034 ], [ -97.908811, 30.598916 ], [ -97.908478, 30.598229 ], [ -97.908294, 30.597777 ], [ -97.908196, 30.597504 ], [ -97.908085, 30.597257 ], [ -97.908032, 30.597184 ], [ -97.90799, 30.597142 ], [ -97.907886, 30.597066 ], [ -97.907781, 30.597021 ], [ -97.907724, 30.597003 ], [ -97.907668, 30.59699 ], [ -97.907522, 30.596977 ], [ -97.907362, 30.596977 ], [ -97.907238, 30.596985 ], [ -97.907072, 30.597005 ], [ -97.906917, 30.597036 ], [ -97.90675, 30.597077 ], [ -97.906226, 30.597232 ], [ -97.905914, 30.597346 ], [ -97.905885, 30.597359 ], [ -97.905572, 30.597493 ], [ -97.905366, 30.597589 ], [ -97.905242, 30.597647 ], [ -97.904943, 30.597767 ], [ -97.904368, 30.597956 ], [ -97.90417, 30.598035 ], [ -97.904086, 30.598068 ], [ -97.90326, 30.598443 ], [ -97.903228, 30.598454 ], [ -97.902489, 30.598781 ], [ -97.901016, 30.599482 ], [ -97.900225, 30.599866 ], [ -97.8997, 30.600132 ], [ -97.899455, 30.600232 ], [ -97.899409, 30.600247 ], [ -97.899364, 30.600257 ], [ -97.899314, 30.600263 ], [ -97.8992, 30.600261 ], [ -97.898943, 30.600224 ], [ -97.898775, 30.600187 ], [ -97.898073, 30.599969 ], [ -97.897444, 30.599789 ], [ -97.89718, 30.599718 ], [ -97.896883, 30.599659 ], [ -97.896555, 30.599609 ], [ -97.896133, 30.599555 ], [ -97.8958, 30.5995 ], [ -97.895626, 30.599457 ], [ -97.89541, 30.59939 ], [ -97.895277, 30.59934 ], [ -97.894946, 30.599194 ], [ -97.894764, 30.599107 ], [ -97.894702, 30.599082 ], [ -97.894523, 30.599033 ], [ -97.894486, 30.599028 ], [ -97.894404, 30.599027 ], [ -97.894294, 30.599039 ], [ -97.894191, 30.599068 ], [ -97.893773, 30.599253 ], [ -97.893657, 30.599294 ], [ -97.893515, 30.599336 ], [ -97.893434, 30.599355 ], [ -97.893171, 30.599395 ], [ -97.892704, 30.599501 ], [ -97.892159, 30.599649 ], [ -97.892139, 30.599655 ], [ -97.890963, 30.599994 ], [ -97.890807, 30.600033 ], [ -97.8906, 30.600065 ], [ -97.89002, 30.600104 ], [ -97.888792, 30.600204 ], [ -97.888621, 30.600032 ], [ -97.888423, 30.599807 ], [ -97.888258, 30.599589 ], [ -97.888218, 30.59953 ], [ -97.888069, 30.59931 ], [ -97.888015, 30.599231 ], [ -97.88788, 30.599002 ], [ -97.887798, 30.598859 ], [ -97.887632, 30.598538 ], [ -97.887244, 30.597768 ], [ -97.886873, 30.596914 ], [ -97.886711, 30.596583 ], [ -97.886488, 30.596272 ], [ -97.886328, 30.59608 ], [ -97.886144, 30.595904 ], [ -97.885969, 30.595761 ], [ -97.885841, 30.595681 ], [ -97.885593, 30.595521 ], [ -97.885218, 30.595353 ], [ -97.884755, 30.595178 ], [ -97.884476, 30.595066 ], [ -97.884235, 30.594976 ], [ -97.884061, 30.594858 ], [ -97.883811, 30.594676 ], [ -97.883462, 30.594379 ], [ -97.883187, 30.594028 ], [ -97.883039, 30.593757 ], [ -97.882919, 30.593597 ], [ -97.881607, 30.59143 ], [ -97.881289, 30.590958 ], [ -97.880585, 30.589882 ], [ -97.880301, 30.589482 ], [ -97.879879, 30.588847 ], [ -97.879367, 30.588095 ], [ -97.879202, 30.587853 ], [ -97.878868, 30.5874 ], [ -97.878558, 30.587037 ], [ -97.878219, 30.586641 ], [ -97.877848, 30.586198 ], [ -97.877503, 30.585762 ], [ -97.877427, 30.585667 ], [ -97.877202, 30.585383 ], [ -97.876828, 30.584901 ], [ -97.876566, 30.584555 ], [ -97.876049, 30.583886 ], [ -97.875931, 30.583735 ], [ -97.875902, 30.583699 ], [ -97.875674, 30.583405 ], [ -97.875613, 30.583304 ], [ -97.875429, 30.583072 ], [ -97.875016, 30.582548 ], [ -97.874959, 30.582476 ], [ -97.87477, 30.582247 ], [ -97.874339, 30.581723 ], [ -97.874256, 30.581623 ], [ -97.874166, 30.581476 ], [ -97.874043, 30.581176 ], [ -97.873482, 30.579812 ], [ -97.873265, 30.579334 ], [ -97.872035, 30.576629 ], [ -97.872218, 30.57657 ], [ -97.872714, 30.576414 ], [ -97.874313, 30.575897 ], [ -97.875136, 30.57566 ], [ -97.876948, 30.575087 ], [ -97.878608, 30.574541 ], [ -97.882093, 30.573444 ], [ -97.88456, 30.572667 ], [ -97.885767, 30.572287 ], [ -97.885867, 30.572255 ], [ -97.885988, 30.572217 ], [ -97.887527, 30.571727 ], [ -97.887572, 30.571713 ], [ -97.887899, 30.571621 ], [ -97.889328, 30.571173 ], [ -97.890476, 30.570818 ], [ -97.890774, 30.570727 ], [ -97.891078, 30.570633 ], [ -97.891223, 30.570589 ], [ -97.891546, 30.570493 ], [ -97.89291, 30.570055 ], [ -97.893764, 30.569787 ], [ -97.896807, 30.568833 ], [ -97.897277, 30.568697 ], [ -97.897816, 30.568574 ], [ -97.897923, 30.568559 ], [ -97.898002, 30.568548 ], [ -97.898282, 30.568527 ], [ -97.898563, 30.568524 ], [ -97.898842, 30.568542 ], [ -97.899119, 30.56858 ], [ -97.899373, 30.568639 ], [ -97.899672, 30.568724 ], [ -97.899868, 30.568792 ], [ -97.899888, 30.568799 ], [ -97.900129, 30.568914 ], [ -97.902456, 30.571328 ], [ -97.903277, 30.570977 ], [ -97.9039, 30.570721 ], [ -97.903942, 30.570704 ], [ -97.90402, 30.570672 ], [ -97.904058, 30.570656 ], [ -97.904271, 30.570568 ], [ -97.90588, 30.570449 ], [ -97.906325, 30.570275 ], [ -97.911163, 30.56838 ], [ -97.911289, 30.568331 ], [ -97.919386, 30.56516 ], [ -97.919461, 30.565131 ], [ -97.921825, 30.564231 ], [ -97.926985, 30.567654 ] ] ] } },
{ "type": "Feature", "properties": { "GEOID": "484910201222", "NAME": "Block Group 2; Census Tract 201.22; Williamson County; Texas", "state": "48", "county": "491", "tract": "020122", "block group": "2", "population": 1946.0, "population_moe": 360.0, "area_sq_miles": 3.8678371899286033, "population_density": 503.12355573475452, "under5": 104.0, "under5_moe": 79.906195003891909, "under18": 292.0, "under18_moe": 131.12589370524802, "age18_64": 1444.0, "age18_64_moe": 250.83062014036483, "age65plus": 210.0, "age65plus_moe": 70.128453569146956, "civilian_noninstitutionalized_population": 1946.0, "civilian_noninstitutionalized_population_moe": 360.0, "uninsured": 15.0, "uninsured_moe": 33.406586176980134, "uninsured_pct": 0.77081192189105863, "disability_population_base": "<NA>", "disability_population_base_moe": "<NA>", "disability": null, "disability_moe": "<NA>", "disability_pct": null, "poverty_population_base": 1946.0, "poverty_population_base_moe": 360.0, "poverty": 0.0, "poverty_moe": 21.213203435596427, "poverty_pct": 0.0, "median_household_income": "177000.0", "median_household_income_moe": "13829.0", "per_capita_income": 92084.0, "per_capita_income_moe": 31154.0, "households": "<NA>", "households_moe": "<NA>", "no_vehicle_households": "<NA>", "no_vehicle_households_moe": "<NA>", "no_vehicle_pct": null, "youth_population_pct": 15.00513874614594, "senior_population_pct": 10.791366906474821, "healthcare_need_score": 12.069329610480663, "healthcare_need_notes": "Relative index averaging min-max normalized uninsured_pct, disability_pct, poverty_pct, no_vehicle_pct, youth_population_pct, and senior_population_pct within the retained Liberty Hill study-area block groups.", "uninsured_pct_numerator": "uninsured", "uninsured_pct_denominator": "civilian_noninstitutionalized_population", "disability_pct_numerator": "disability", "disability_pct_denominator": "disability_population_base", "poverty_pct_numerator": "poverty", "poverty_pct_denominator": "poverty_population_base", "no_vehicle_pct_numerator": "no_vehicle_households", "no_vehicle_pct_denominator": "households", "youth_population_pct_numerator": "under18", "youth_population_pct_denominator": "population", "senior_population_pct_numerator": "age65plus", "senior_population_pct_denominator": "population", "intersects_liberty_hill_city": false, "nearest_any_medical_miles": 4.8394146707163852, "nearest_primary_care_miles": 4.8394146707163852, "nearest_urgent_care_miles": 5.7955325006268632, "nearest_hospital_miles": 5.6725440526796573, "nearest_emergency_miles": 5.3794144631691605, "nearest_primary_care_minutes": null, "nearest_urgent_care_minutes": null, "nearest_hospital_minutes": null, "nearest_emergency_minutes": null, "healthcare_access_measure": "Straight-line distance", "healthcare_access_distance_band": "3-5 miles" }, "geometry": { "type": "Polygon", "coordinates": [ [ [ -97.80003, 30.644243 ], [ -97.800017, 30.644301 ], [ -97.800009, 30.644374 ], [ -97.799954, 30.64446 ], [ -97.799921, 30.644527 ], [ -97.799865, 30.644624 ], [ -97.799821, 30.6447 ], [ -97.799769, 30.644789 ], [ -97.799614, 30.645055 ], [ -97.799426, 30.645417 ], [ -97.799388, 30.64549 ], [ -97.799348, 30.645639 ], [ -97.799342, 30.645852 ], [ -97.799346, 30.646184 ], [ -97.799337, 30.646391 ], [ -97.799299, 30.646797 ], [ -97.799295, 30.646952 ], [ -97.799339, 30.647172 ], [ -97.799429, 30.64741 ], [ -97.799276, 30.647414 ], [ -97.799161, 30.647403 ], [ -97.798983, 30.647365 ], [ -97.798843, 30.647365 ], [ -97.798754, 30.647469 ], [ -97.798449, 30.647673 ], [ -97.798296, 30.647755 ], [ -97.797482, 30.648404 ], [ -97.797291, 30.648421 ], [ -97.797202, 30.648443 ], [ -97.797049, 30.648624 ], [ -97.796941, 30.648734 ], [ -97.796871, 30.648833 ], [ -97.796788, 30.648976 ], [ -97.796706, 30.649174 ], [ -97.79647, 30.649575 ], [ -97.796254, 30.649729 ], [ -97.795948, 30.64985 ], [ -97.795694, 30.649966 ], [ -97.795637, 30.650081 ], [ -97.79549, 30.650224 ], [ -97.795325, 30.650307 ], [ -97.794969, 30.650648 ], [ -97.794701, 30.650741 ], [ -97.794587, 30.650818 ], [ -97.794243, 30.650978 ], [ -97.79397, 30.650956 ], [ -97.793206, 30.650713 ], [ -97.792621, 30.65046 ], [ -97.792214, 30.65024 ], [ -97.792131, 30.650174 ], [ -97.791489, 30.649569 ], [ -97.791006, 30.649146 ], [ -97.790968, 30.649058 ], [ -97.791019, 30.648805 ], [ -97.790886, 30.647799 ], [ -97.790923, 30.647754 ], [ -97.790968, 30.647694 ], [ -97.791076, 30.647606 ], [ -97.791102, 30.647501 ], [ -97.791095, 30.647331 ], [ -97.791068, 30.647229 ], [ -97.791014, 30.647026 ], [ -97.790994, 30.646951 ], [ -97.790873, 30.646698 ], [ -97.790752, 30.646539 ], [ -97.790688, 30.646429 ], [ -97.79065, 30.646308 ], [ -97.790638, 30.646148 ], [ -97.790669, 30.645769 ], [ -97.790752, 30.645395 ], [ -97.790765, 30.64518 ], [ -97.790759, 30.644988 ], [ -97.790555, 30.644674 ], [ -97.790511, 30.64452 ], [ -97.790187, 30.643381 ], [ -97.790174, 30.643233 ], [ -97.790148, 30.643189 ], [ -97.790136, 30.643151 ], [ -97.790079, 30.642969 ], [ -97.79004, 30.642941 ], [ -97.789958, 30.642903 ], [ -97.78929, 30.642771 ], [ -97.788851, 30.642727 ], [ -97.788615, 30.642688 ], [ -97.788437, 30.642773 ], [ -97.788359, 30.643084 ], [ -97.788065, 30.643425 ], [ -97.788056, 30.643497 ], [ -97.788151, 30.644074 ], [ -97.788151, 30.644223 ], [ -97.7881, 30.644382 ], [ -97.787915, 30.644663 ], [ -97.787724, 30.644866 ], [ -97.787546, 30.644982 ], [ -97.787445, 30.645031 ], [ -97.787254, 30.645097 ], [ -97.787203, 30.645339 ], [ -97.787139, 30.645449 ], [ -97.787101, 30.64557 ], [ -97.787037, 30.645845 ], [ -97.786929, 30.646092 ], [ -97.786935, 30.646527 ], [ -97.786954, 30.646769 ], [ -97.786904, 30.646791 ], [ -97.786865, 30.64684 ], [ -97.786853, 30.646934 ], [ -97.786547, 30.647693 ], [ -97.786496, 30.647924 ], [ -97.78649, 30.648078 ], [ -97.786439, 30.648193 ], [ -97.786413, 30.648347 ], [ -97.786409, 30.648377 ], [ -97.786375, 30.648628 ], [ -97.78638, 30.648645 ], [ -97.786394, 30.648694 ], [ -97.786165, 30.648914 ], [ -97.78612, 30.649013 ], [ -97.786114, 30.649667 ], [ -97.786063, 30.649948 ], [ -97.785955, 30.650069 ], [ -97.785878, 30.650316 ], [ -97.785872, 30.65041 ], [ -97.785999, 30.650558 ], [ -97.786005, 30.650657 ], [ -97.785993, 30.650795 ], [ -97.785935, 30.650927 ], [ -97.785783, 30.651026 ], [ -97.785471, 30.651102 ], [ -97.785261, 30.65113 ], [ -97.785, 30.65124 ], [ -97.784905, 30.651256 ], [ -97.78472, 30.651267 ], [ -97.784472, 30.651234 ], [ -97.784364, 30.651119 ], [ -97.784224, 30.651097 ], [ -97.784084, 30.651075 ], [ -97.783862, 30.650987 ], [ -97.783448, 30.650728 ], [ -97.78327, 30.650535 ], [ -97.783098, 30.650255 ], [ -97.783035, 30.650128 ], [ -97.782737, 30.649717 ], [ -97.78266, 30.649611 ], [ -97.782635, 30.649559 ], [ -97.782602, 30.649491 ], [ -97.782456, 30.649188 ], [ -97.782399, 30.649094 ], [ -97.782278, 30.649001 ], [ -97.782119, 30.648819 ], [ -97.781865, 30.648588 ], [ -97.781744, 30.648495 ], [ -97.781559, 30.648407 ], [ -97.781521, 30.648401 ], [ -97.780631, 30.648098 ], [ -97.780644, 30.648071 ], [ -97.780637, 30.648049 ], [ -97.780599, 30.648027 ], [ -97.780567, 30.648021 ], [ -97.78051, 30.648027 ], [ -97.780389, 30.648076 ], [ -97.780167, 30.648225 ], [ -97.779988, 30.648412 ], [ -97.779944, 30.648472 ], [ -97.779454, 30.648939 ], [ -97.778906, 30.649643 ], [ -97.7789, 30.649693 ], [ -97.778906, 30.649726 ], [ -97.778798, 30.649869 ], [ -97.778575, 30.650078 ], [ -97.778448, 30.65016 ], [ -97.778315, 30.650199 ], [ -97.777927, 30.650232 ], [ -97.777729, 30.650204 ], [ -97.777545, 30.650094 ], [ -97.777341, 30.650006 ], [ -97.777112, 30.649819 ], [ -97.776915, 30.649593 ], [ -97.77661, 30.649351 ], [ -97.776216, 30.648785 ], [ -97.775917, 30.648207 ], [ -97.775669, 30.64769 ], [ -97.775447, 30.647195 ], [ -97.775352, 30.646645 ], [ -97.775231, 30.646408 ], [ -97.775123, 30.646232 ], [ -97.774983, 30.646062 ], [ -97.774843, 30.646012 ], [ -97.77462, 30.64582 ], [ -97.774487, 30.645501 ], [ -97.774449, 30.645308 ], [ -97.774277, 30.644841 ], [ -97.774284, 30.644544 ], [ -97.774163, 30.643867 ], [ -97.774144, 30.643603 ], [ -97.774113, 30.64335 ], [ -97.774075, 30.642696 ], [ -97.774081, 30.642575 ], [ -97.774068, 30.642509 ], [ -97.773986, 30.642388 ], [ -97.77396, 30.642316 ], [ -97.773979, 30.642217 ], [ -97.774088, 30.642129 ], [ -97.774113, 30.642085 ], [ -97.7741, 30.641942 ], [ -97.773992, 30.641717 ], [ -97.773846, 30.641535 ], [ -97.773363, 30.641271 ], [ -97.773299, 30.641254 ], [ -97.773108, 30.641293 ], [ -97.772847, 30.641403 ], [ -97.772759, 30.641396 ], [ -97.77254, 30.64184 ], [ -97.77234, 30.642071 ], [ -97.772136, 30.642581 ], [ -97.771808, 30.643158 ], [ -97.771772, 30.643366 ], [ -97.771899, 30.643525 ], [ -97.771911, 30.643707 ], [ -97.77188, 30.643828 ], [ -97.771765, 30.644092 ], [ -97.771672, 30.64408 ], [ -97.771099, 30.645029 ], [ -97.770643, 30.645529 ], [ -97.770503, 30.645463 ], [ -97.770352, 30.645392 ], [ -97.770138, 30.645309 ], [ -97.769153, 30.645011 ], [ -97.769056, 30.644998 ], [ -97.768957, 30.644998 ], [ -97.76886, 30.645013 ], [ -97.767518, 30.645326 ], [ -97.767466, 30.645331 ], [ -97.767415, 30.645322 ], [ -97.767369, 30.6453 ], [ -97.767333, 30.645267 ], [ -97.767317, 30.64524 ], [ -97.767164, 30.644884 ], [ -97.767003, 30.644592 ], [ -97.766993, 30.64457 ], [ -97.76695, 30.644485 ], [ -97.766821, 30.644235 ], [ -97.766805, 30.644204 ], [ -97.766468, 30.643348 ], [ -97.766018, 30.64224 ], [ -97.76589, 30.641903 ], [ -97.765831, 30.641748 ], [ -97.765614, 30.640832 ], [ -97.765388, 30.640863 ], [ -97.76515, 30.640896 ], [ -97.764861, 30.640964 ], [ -97.764749, 30.640991 ], [ -97.763993, 30.641102 ], [ -97.763745, 30.641131 ], [ -97.76305, 30.641305 ], [ -97.762813, 30.64138 ], [ -97.76243, 30.641478 ], [ -97.762202, 30.641514 ], [ -97.762116, 30.641545 ], [ -97.762017, 30.641604 ], [ -97.761851, 30.641734 ], [ -97.761677, 30.641806 ], [ -97.761302, 30.641945 ], [ -97.761192, 30.642027 ], [ -97.76107, 30.642172 ], [ -97.76094, 30.642381 ], [ -97.760751, 30.642737 ], [ -97.760556, 30.643071 ], [ -97.76043, 30.643254 ], [ -97.760232, 30.643474 ], [ -97.760177, 30.643552 ], [ -97.76015, 30.643601 ], [ -97.760118, 30.643693 ], [ -97.760072, 30.643966 ], [ -97.76001, 30.644307 ], [ -97.759948, 30.644554 ], [ -97.759885, 30.644756 ], [ -97.759811, 30.644954 ], [ -97.759709, 30.645207 ], [ -97.75963, 30.64548 ], [ -97.759511, 30.645966 ], [ -97.75945, 30.646104 ], [ -97.759398, 30.646193 ], [ -97.759338, 30.646277 ], [ -97.75893, 30.646678 ], [ -97.758817, 30.646785 ], [ -97.758527, 30.64588 ], [ -97.758451, 30.645743 ], [ -97.758374, 30.645643 ], [ -97.758222, 30.645495 ], [ -97.757993, 30.64533 ], [ -97.757643, 30.645126 ], [ -97.757173, 30.644878 ], [ -97.756956, 30.644752 ], [ -97.756645, 30.644367 ], [ -97.756505, 30.644147 ], [ -97.756372, 30.64391 ], [ -97.756296, 30.643619 ], [ -97.756245, 30.643289 ], [ -97.756073, 30.642799 ], [ -97.756048, 30.642518 ], [ -97.756036, 30.64237 ], [ -97.755953, 30.641672 ], [ -97.755947, 30.641518 ], [ -97.755928, 30.641033 ], [ -97.755965, 30.640784 ], [ -97.756011, 30.640467 ], [ -97.755992, 30.64039 ], [ -97.756005, 30.640324 ], [ -97.755986, 30.640164 ], [ -97.756043, 30.639818 ], [ -97.756075, 30.639626 ], [ -97.756223, 30.638995 ], [ -97.75633, 30.638735 ], [ -97.756388, 30.638454 ], [ -97.756483, 30.638311 ], [ -97.756668, 30.638168 ], [ -97.756827, 30.638003 ], [ -97.756992, 30.637723 ], [ -97.757005, 30.637674 ], [ -97.757011, 30.637569 ], [ -97.756908, 30.636837 ], [ -97.756974, 30.636416 ], [ -97.756732, 30.63617 ], [ -97.756584, 30.636115 ], [ -97.756586, 30.636073 ], [ -97.756548, 30.636023 ], [ -97.756484, 30.635985 ], [ -97.756408, 30.635968 ], [ -97.756166, 30.635974 ], [ -97.756128, 30.635952 ], [ -97.755639, 30.635757 ], [ -97.754897, 30.635833 ], [ -97.75438, 30.636188 ], [ -97.754092, 30.636327 ], [ -97.75393, 30.636483 ], [ -97.753978, 30.636649 ], [ -97.754067, 30.636858 ], [ -97.754054, 30.636963 ], [ -97.754016, 30.637023 ], [ -97.753978, 30.637056 ], [ -97.753832, 30.6371 ], [ -97.753628, 30.637105 ], [ -97.753367, 30.637061 ], [ -97.753132, 30.637039 ], [ -97.75296, 30.637116 ], [ -97.752965, 30.637209 ], [ -97.752271, 30.638309 ], [ -97.75208, 30.638498 ], [ -97.751965, 30.638537 ], [ -97.751916, 30.638634 ], [ -97.751967, 30.638738 ], [ -97.751935, 30.638881 ], [ -97.751871, 30.638953 ], [ -97.751668, 30.639129 ], [ -97.751566, 30.639172 ], [ -97.751432, 30.6392 ], [ -97.751299, 30.639194 ], [ -97.750691, 30.639105 ], [ -97.750275, 30.639045 ], [ -97.749821, 30.638932 ], [ -97.749535, 30.638839 ], [ -97.749395, 30.638839 ], [ -97.749274, 30.638855 ], [ -97.748998, 30.638781 ], [ -97.74801, 30.638705 ], [ -97.747809, 30.638736 ], [ -97.747773, 30.638757 ], [ -97.747805, 30.638823 ], [ -97.747735, 30.638856 ], [ -97.747627, 30.638873 ], [ -97.747289, 30.638851 ], [ -97.747143, 30.638829 ], [ -97.746946, 30.638823 ], [ -97.746755, 30.638747 ], [ -97.74659, 30.638714 ], [ -97.746386, 30.63862 ], [ -97.74596, 30.638516 ], [ -97.745833, 30.638472 ], [ -97.745502, 30.638428 ], [ -97.745362, 30.63845 ], [ -97.745279, 30.638544 ], [ -97.745222, 30.638582 ], [ -97.745044, 30.638577 ], [ -97.744974, 30.638566 ], [ -97.744821, 30.638472 ], [ -97.744745, 30.638368 ], [ -97.744688, 30.638258 ], [ -97.744643, 30.63823 ], [ -97.744522, 30.638186 ], [ -97.744268, 30.638066 ], [ -97.744121, 30.638044 ], [ -97.744032, 30.637961 ], [ -97.743924, 30.637967 ], [ -97.743823, 30.637989 ], [ -97.743702, 30.638049 ], [ -97.743505, 30.638203 ], [ -97.743384, 30.638259 ], [ -97.743263, 30.638479 ], [ -97.74318, 30.638671 ], [ -97.743142, 30.638864 ], [ -97.743251, 30.639254 ], [ -97.743314, 30.639424 ], [ -97.743277, 30.640002 ], [ -97.74301, 30.640552 ], [ -97.742923, 30.640659 ], [ -97.742441, 30.64203 ], [ -97.741776, 30.643276 ], [ -97.741582, 30.643446 ], [ -97.741306, 30.643805 ], [ -97.740796, 30.644232 ], [ -97.740254, 30.644779 ], [ -97.73999, 30.645185 ], [ -97.739853, 30.645316 ], [ -97.739406, 30.645747 ], [ -97.739286, 30.64609 ], [ -97.739107, 30.646048 ], [ -97.738783, 30.646153 ], [ -97.738465, 30.646208 ], [ -97.738369, 30.646219 ], [ -97.738261, 30.646219 ], [ -97.73793, 30.646192 ], [ -97.737509, 30.646071 ], [ -97.736976, 30.645642 ], [ -97.736353, 30.645389 ], [ -97.736155, 30.645274 ], [ -97.735984, 30.645158 ], [ -97.735882, 30.645059 ], [ -97.735245, 30.644565 ], [ -97.735004, 30.644433 ], [ -97.734736, 30.644334 ], [ -97.734571, 30.644224 ], [ -97.734355, 30.64418 ], [ -97.734183, 30.644125 ], [ -97.733903, 30.643977 ], [ -97.733114, 30.64352 ], [ -97.732898, 30.64335 ], [ -97.732389, 30.643042 ], [ -97.731714, 30.642707 ], [ -97.7307, 30.642174 ], [ -97.730595, 30.642119 ], [ -97.730499, 30.642053 ], [ -97.730111, 30.641904 ], [ -97.729602, 30.641811 ], [ -97.729348, 30.64174 ], [ -97.72896, 30.641685 ], [ -97.728552, 30.641674 ], [ -97.728101, 30.641817 ], [ -97.727866, 30.641911 ], [ -97.727611, 30.642103 ], [ -97.727605, 30.642219 ], [ -97.727573, 30.642307 ], [ -97.727319, 30.642554 ], [ -97.727084, 30.642752 ], [ -97.726772, 30.64311 ], [ -97.726505, 30.643434 ], [ -97.726308, 30.643726 ], [ -97.726054, 30.643924 ], [ -97.726035, 30.643952 ], [ -97.725946, 30.644029 ], [ -97.72573, 30.644595 ], [ -97.725653, 30.644705 ], [ -97.725564, 30.644859 ], [ -97.725488, 30.644958 ], [ -97.72503, 30.64531 ], [ -97.72456, 30.64575 ], [ -97.724146, 30.645976 ], [ -97.723834, 30.646114 ], [ -97.723669, 30.64618 ], [ -97.723491, 30.646235 ], [ -97.72309, 30.646196 ], [ -97.722912, 30.646163 ], [ -97.722715, 30.646086 ], [ -97.722537, 30.646059 ], [ -97.722467, 30.646053 ], [ -97.722321, 30.646059 ], [ -97.722142, 30.646076 ], [ -97.721863, 30.646224 ], [ -97.721735, 30.646252 ], [ -97.720966, 30.646202 ], [ -97.720559, 30.646214 ], [ -97.720338, 30.646236 ], [ -97.719363, 30.646335 ], [ -97.719013, 30.646384 ], [ -97.718714, 30.646439 ], [ -97.718142, 30.646478 ], [ -97.718021, 30.646401 ], [ -97.717843, 30.64639 ], [ -97.717633, 30.646473 ], [ -97.717137, 30.646786 ], [ -97.717073, 30.646852 ], [ -97.717048, 30.646902 ], [ -97.717029, 30.646979 ], [ -97.717022, 30.647127 ], [ -97.716921, 30.647441 ], [ -97.716825, 30.647529 ], [ -97.716781, 30.647606 ], [ -97.716819, 30.647771 ], [ -97.716806, 30.647996 ], [ -97.71678, 30.64811 ], [ -97.71667, 30.64785 ], [ -97.716617, 30.647724 ], [ -97.716592, 30.647665 ], [ -97.714905, 30.643668 ], [ -97.714856, 30.643552 ], [ -97.714247, 30.642172 ], [ -97.714041, 30.641672 ], [ -97.713614, 30.640591 ], [ -97.713383, 30.640035 ], [ -97.71321, 30.639585 ], [ -97.713197, 30.639553 ], [ -97.712573, 30.638022 ], [ -97.712183, 30.637099 ], [ -97.710899, 30.634005 ], [ -97.710802, 30.63377 ], [ -97.710719, 30.633496 ], [ -97.710635, 30.633271 ], [ -97.710447, 30.632767 ], [ -97.710951, 30.632761 ], [ -97.711479, 30.632766 ], [ -97.711904, 30.63278 ], [ -97.712115, 30.632795 ], [ -97.71223, 30.632803 ], [ -97.712782, 30.632843 ], [ -97.712918, 30.63284 ], [ -97.712991, 30.632842 ], [ -97.713133, 30.632874 ], [ -97.713147, 30.632873 ], [ -97.714455, 30.63304 ], [ -97.715786, 30.633215 ], [ -97.716579, 30.633319 ], [ -97.716612, 30.633323 ], [ -97.719488, 30.633696 ], [ -97.721569, 30.633976 ], [ -97.722841, 30.634138 ], [ -97.723668, 30.634244 ], [ -97.724535, 30.634363 ], [ -97.724706, 30.634396 ], [ -97.725497, 30.63447 ], [ -97.726028, 30.634545 ], [ -97.726878, 30.634518 ], [ -97.727648, 30.634519 ], [ -97.728445, 30.634374 ], [ -97.729064, 30.634233 ], [ -97.731587, 30.633661 ], [ -97.732793, 30.633387 ], [ -97.733314, 30.633269 ], [ -97.73436, 30.633022 ], [ -97.738713, 30.632 ], [ -97.738844, 30.631969 ], [ -97.739586, 30.631797 ], [ -97.74047, 30.631593 ], [ -97.740958, 30.63149 ], [ -97.7417, 30.631361 ], [ -97.742189, 30.631289 ], [ -97.742522, 30.631249 ], [ -97.742748, 30.631222 ], [ -97.742808, 30.631215 ], [ -97.743429, 30.631161 ], [ -97.744053, 30.631125 ], [ -97.744434, 30.631116 ], [ -97.744584, 30.631113 ], [ -97.744693, 30.631111 ], [ -97.744729, 30.631111 ], [ -97.745275, 30.631111 ], [ -97.746191, 30.631141 ], [ -97.74692, 30.631189 ], [ -97.747583, 30.631241 ], [ -97.748955, 30.631332 ], [ -97.751526, 30.631505 ], [ -97.752288, 30.631557 ], [ -97.752645, 30.631582 ], [ -97.75343, 30.631636 ], [ -97.757924, 30.631942 ], [ -97.758701, 30.631996 ], [ -97.760027, 30.632082 ], [ -97.760703, 30.632118 ], [ -97.761268, 30.632161 ], [ -97.76149, 30.632178 ], [ -97.761704, 30.632196 ], [ -97.761938, 30.632216 ], [ -97.762148, 30.632234 ], [ -97.762402, 30.632266 ], [ -97.764315, 30.632514 ], [ -97.764856, 30.632587 ], [ -97.765848, 30.632722 ], [ -97.769634, 30.633237 ], [ -97.770531, 30.633354 ], [ -97.770779, 30.633387 ], [ -97.771856, 30.633534 ], [ -97.77195, 30.633547 ], [ -97.773586, 30.633769 ], [ -97.775029, 30.633962 ], [ -97.77633, 30.634138 ], [ -97.777736, 30.634326 ], [ -97.777803, 30.634335 ], [ -97.777923, 30.634352 ], [ -97.778241, 30.634395 ], [ -97.778537, 30.634435 ], [ -97.77911, 30.634512 ], [ -97.779177, 30.634521 ], [ -97.779472, 30.634561 ], [ -97.781486, 30.634836 ], [ -97.782842, 30.635013 ], [ -97.783358, 30.635083 ], [ -97.787606, 30.635662 ], [ -97.788864, 30.635833 ], [ -97.789607, 30.635939 ], [ -97.792839, 30.636395 ], [ -97.794293, 30.636563 ], [ -97.797049, 30.636923 ], [ -97.799771, 30.643537 ], [ -97.800021, 30.644159 ], [ -97.80003, 30.644243 ] ] ] } },
{ "type": "Feature", "properties": { "GEOID": "484910202073", "NAME": "Block Group 3; Census Tract 202.07; Williamson County; Texas", "state": "48", "county": "491", "tract": "020207", "block group": "3", "population": 780.0, "population_moe": 330.0, "area_sq_miles": 3.4761342189182636, "population_density": 224.38719303615608, "under5": 26.0, "under5_moe": 44.598206241955516, "under18": 149.0, "under18_moe": 103.70631610466162, "age18_64": 438.0, "age18_64_moe": 184.53454961063525, "age65plus": 193.0, "age65plus_moe": 113.04423912787418, "civilian_noninstitutionalized_population": 780.0, "civilian_noninstitutionalized_population_moe": 330.0, "uninsured": 153.0, "uninsured_moe": 116.65761869676579, "uninsured_pct": 19.615384615384617, "disability_population_base": "<NA>", "disability_population_base_moe": "<NA>", "disability": null, "disability_moe": "<NA>", "disability_pct": null, "poverty_population_base": 780.0, "poverty_population_base_moe": 330.0, "poverty": 4.0, "poverty_moe": 17.0, "poverty_pct": 0.51282051282051277, "median_household_income": "85806.0", "median_household_income_moe": "41311.0", "per_capita_income": 35694.0, "per_capita_income_moe": 9033.0, "households": "<NA>", "households_moe": "<NA>", "no_vehicle_households": "<NA>", "no_vehicle_households_moe": "<NA>", "no_vehicle_pct": null, "youth_population_pct": 19.102564102564102, "senior_population_pct": 24.743589743589745, "healthcare_need_score": 32.615169616202124, "healthcare_need_notes": "Relative index averaging min-max normalized uninsured_pct, disability_pct, poverty_pct, no_vehicle_pct, youth_population_pct, and senior_population_pct within the retained Liberty Hill study-area block groups.", "uninsured_pct_numerator": "uninsured", "uninsured_pct_denominator": "civilian_noninstitutionalized_population", "disability_pct_numerator": "disability", "disability_pct_denominator": "disability_population_base", "poverty_pct_numerator": "poverty", "poverty_pct_denominator": "poverty_population_base", "no_vehicle_pct_numerator": "no_vehicle_households", "no_vehicle_pct_denominator": "households", "youth_population_pct_numerator": "under18", "youth_population_pct_denominator": "population", "senior_population_pct_numerator": "age65plus", "senior_population_pct_denominator": "population", "intersects_liberty_hill_city": false, "nearest_any_medical_miles": 3.9680009510361534, "nearest_primary_care_miles": 4.2283287343845348, "nearest_urgent_care_miles": 3.9680009510361534, "nearest_hospital_miles": 14.319681491563228, "nearest_emergency_miles": 9.2110514596533744, "nearest_primary_care_minutes": null, "nearest_urgent_care_minutes": null, "nearest_hospital_minutes": null, "nearest_emergency_minutes": null, "healthcare_access_measure": "Straight-line distance", "healthcare_access_distance_band": "3-5 miles" }, "geometry": { "type": "Polygon", "coordinates": [ [ [ -97.932312, 30.724845 ], [ -97.931613, 30.72507 ], [ -97.931426, 30.72514 ], [ -97.930963, 30.725286 ], [ -97.930523, 30.7254 ], [ -97.929305, 30.725762 ], [ -97.92844, 30.72602 ], [ -97.928172, 30.726119 ], [ -97.927458, 30.726345 ], [ -97.927196, 30.726401 ], [ -97.92702, 30.726455 ], [ -97.926898, 30.726513 ], [ -97.926857, 30.726532 ], [ -97.92668, 30.72659 ], [ -97.926395, 30.726656 ], [ -97.92617, 30.72669 ], [ -97.925956, 30.726744 ], [ -97.925792, 30.726809 ], [ -97.925631, 30.726881 ], [ -97.925364, 30.726986 ], [ -97.925011, 30.7271 ], [ -97.924836, 30.727142 ], [ -97.924482, 30.72725 ], [ -97.923903, 30.727453 ], [ -97.923256, 30.727616 ], [ -97.92233, 30.727864 ], [ -97.921412, 30.728153 ], [ -97.921286, 30.728184 ], [ -97.921226, 30.728198 ], [ -97.92105, 30.728232 ], [ -97.920795, 30.728305 ], [ -97.920384, 30.728474 ], [ -97.920258, 30.728649 ], [ -97.920054, 30.72882 ], [ -97.919901, 30.72899 ], [ -97.9195, 30.729298 ], [ -97.919201, 30.729573 ], [ -97.918882, 30.72982 ], [ -97.918284, 30.7302 ], [ -97.917984, 30.73037 ], [ -97.917844, 30.730425 ], [ -97.917704, 30.730546 ], [ -97.91743, 30.730733 ], [ -97.917239, 30.730799 ], [ -97.916966, 30.730832 ], [ -97.916819, 30.730772 ], [ -97.916444, 30.730359 ], [ -97.916208, 30.730128 ], [ -97.916081, 30.730023 ], [ -97.915311, 30.729176 ], [ -97.915107, 30.729022 ], [ -97.914661, 30.728467 ], [ -97.91428, 30.727972 ], [ -97.913974, 30.727531 ], [ -97.913821, 30.72702 ], [ -97.913618, 30.726541 ], [ -97.913427, 30.726035 ], [ -97.913134, 30.725667 ], [ -97.913033, 30.725513 ], [ -97.912797, 30.725326 ], [ -97.91225, 30.725034 ], [ -97.911791, 30.724819 ], [ -97.911467, 30.724682 ], [ -97.910932, 30.724566 ], [ -97.910773, 30.724566 ], [ -97.910575, 30.724539 ], [ -97.910346, 30.724555 ], [ -97.910187, 30.724599 ], [ -97.910066, 30.724693 ], [ -97.90997, 30.724797 ], [ -97.909537, 30.725017 ], [ -97.909467, 30.725039 ], [ -97.910034, 30.725336 ], [ -97.910346, 30.725567 ], [ -97.910804, 30.726018 ], [ -97.911078, 30.726315 ], [ -97.911332, 30.726678 ], [ -97.911791, 30.72725 ], [ -97.911943, 30.727569 ], [ -97.912121, 30.728482 ], [ -97.91221, 30.728735 ], [ -97.912357, 30.729055 ], [ -97.912751, 30.729819 ], [ -97.913069, 30.730232 ], [ -97.913152, 30.730325 ], [ -97.913248, 30.730419 ], [ -97.913566, 30.730683 ], [ -97.913642, 30.730782 ], [ -97.913738, 30.73087 ], [ -97.913961, 30.731227 ], [ -97.914171, 30.731667 ], [ -97.914419, 30.732317 ], [ -97.914667, 30.73312 ], [ -97.914864, 30.733571 ], [ -97.915233, 30.734352 ], [ -97.915545, 30.734984 ], [ -97.915761, 30.735534 ], [ -97.915888, 30.735969 ], [ -97.915927, 30.736055 ], [ -97.915864, 30.736011 ], [ -97.915808, 30.735957 ], [ -97.915674, 30.735805 ], [ -97.915468, 30.735628 ], [ -97.91544, 30.735601 ], [ -97.915392, 30.735556 ], [ -97.915253, 30.735471 ], [ -97.915156, 30.735423 ], [ -97.915001, 30.735415 ], [ -97.914729, 30.735485 ], [ -97.913875, 30.735764 ], [ -97.913092, 30.736001 ], [ -97.912583, 30.736155 ], [ -97.912088, 30.736305 ], [ -97.91039, 30.736819 ], [ -97.910309, 30.736853 ], [ -97.906878, 30.73789 ], [ -97.903212, 30.738998 ], [ -97.89745, 30.740794 ], [ -97.897434, 30.740709 ], [ -97.897409, 30.740482 ], [ -97.897341, 30.740031 ], [ -97.897217, 30.738781 ], [ -97.897211, 30.738498 ], [ -97.897219, 30.738337 ], [ -97.897371, 30.736899 ], [ -97.897366, 30.736866 ], [ -97.897371, 30.736531 ], [ -97.89732, 30.735633 ], [ -97.897311, 30.735562 ], [ -97.897271, 30.735352 ], [ -97.897215, 30.735144 ], [ -97.897141, 30.73494 ], [ -97.897076, 30.734797 ], [ -97.897032, 30.734675 ], [ -97.897, 30.73455 ], [ -97.896809, 30.733418 ], [ -97.896806, 30.733326 ], [ -97.896812, 30.733234 ], [ -97.89683, 30.733143 ], [ -97.896859, 30.733055 ], [ -97.896896, 30.732969 ], [ -97.897036, 30.732719 ], [ -97.897101, 30.732603 ], [ -97.897902, 30.731344 ], [ -97.898292, 30.7307 ], [ -97.898596, 30.730166 ], [ -97.898681, 30.730018 ], [ -97.898912, 30.729538 ], [ -97.899011, 30.72926 ], [ -97.899072, 30.72897 ], [ -97.899112, 30.728669 ], [ -97.899158, 30.728484 ], [ -97.899439, 30.727829 ], [ -97.899753, 30.726979 ], [ -97.899775, 30.726898 ], [ -97.899788, 30.726816 ], [ -97.899793, 30.726733 ], [ -97.899783, 30.726596 ], [ -97.899767, 30.726514 ], [ -97.899743, 30.726434 ], [ -97.898944, 30.724698 ], [ -97.898904, 30.724632 ], [ -97.898838, 30.724552 ], [ -97.898757, 30.724482 ], [ -97.898665, 30.724423 ], [ -97.898564, 30.724378 ], [ -97.898365, 30.724312 ], [ -97.898193, 30.724254 ], [ -97.898006, 30.724201 ], [ -97.897823, 30.724136 ], [ -97.897647, 30.724059 ], [ -97.897478, 30.723971 ], [ -97.89727, 30.723811 ], [ -97.897077, 30.723637 ], [ -97.896899, 30.72345 ], [ -97.89674, 30.723252 ], [ -97.896116, 30.72253 ], [ -97.896053, 30.722479 ], [ -97.895984, 30.722433 ], [ -97.895912, 30.722393 ], [ -97.895835, 30.722359 ], [ -97.895755, 30.722331 ], [ -97.895551, 30.722247 ], [ -97.894934, 30.722008 ], [ -97.894909, 30.721999 ], [ -97.895049, 30.721867 ], [ -97.895093, 30.721806 ], [ -97.895195, 30.721553 ], [ -97.895278, 30.721498 ], [ -97.895571, 30.721361 ], [ -97.895692, 30.721278 ], [ -97.895966, 30.721036 ], [ -97.896119, 30.720932 ], [ -97.896316, 30.720855 ], [ -97.896393, 30.7208 ], [ -97.896978, 30.720531 ], [ -97.898258, 30.720113 ], [ -97.898449, 30.720058 ], [ -97.898697, 30.720003 ], [ -97.899538, 30.71985 ], [ -97.899703, 30.719762 ], [ -97.89978, 30.719696 ], [ -97.899831, 30.71963 ], [ -97.89992, 30.719311 ], [ -97.899997, 30.71908 ], [ -97.900086, 30.718865 ], [ -97.90078, 30.717254 ], [ -97.900927, 30.71704 ], [ -97.900978, 30.716671 ], [ -97.901016, 30.716226 ], [ -97.901042, 30.715087 ], [ -97.901029, 30.715016 ], [ -97.901068, 30.714895 ], [ -97.901074, 30.714807 ], [ -97.900972, 30.71468 ], [ -97.900724, 30.714542 ], [ -97.900673, 30.714361 ], [ -97.900693, 30.714108 ], [ -97.900646, 30.713885 ], [ -97.900438, 30.713738 ], [ -97.90027, 30.713481 ], [ -97.900146, 30.713052 ], [ -97.900155, 30.712889 ], [ -97.900161, 30.712788 ], [ -97.900185, 30.71248 ], [ -97.900129, 30.712311 ], [ -97.899928, 30.711935 ], [ -97.900114, 30.711952 ], [ -97.900222, 30.71193 ], [ -97.900318, 30.71188 ], [ -97.900382, 30.71182 ], [ -97.900401, 30.711721 ], [ -97.900369, 30.711627 ], [ -97.900267, 30.711484 ], [ -97.900235, 30.711407 ], [ -97.900267, 30.711303 ], [ -97.900318, 30.711226 ], [ -97.900395, 30.71116 ], [ -97.900471, 30.711116 ], [ -97.900566, 30.711105 ], [ -97.900675, 30.711143 ], [ -97.900732, 30.711215 ], [ -97.90077, 30.711297 ], [ -97.900808, 30.711418 ], [ -97.900827, 30.71155 ], [ -97.900853, 30.711644 ], [ -97.900923, 30.711743 ], [ -97.901005, 30.71182 ], [ -97.901114, 30.711903 ], [ -97.90119, 30.711936 ], [ -97.901368, 30.711947 ], [ -97.901413, 30.711941 ], [ -97.901521, 30.711875 ], [ -97.901718, 30.711683 ], [ -97.901776, 30.711589 ], [ -97.901801, 30.711452 ], [ -97.901782, 30.711364 ], [ -97.901706, 30.711193 ], [ -97.90161, 30.711034 ], [ -97.901407, 30.710863 ], [ -97.901381, 30.710803 ], [ -97.901381, 30.710764 ], [ -97.901401, 30.710698 ], [ -97.901458, 30.710627 ], [ -97.901662, 30.710456 ], [ -97.901795, 30.710385 ], [ -97.901903, 30.710352 ], [ -97.902012, 30.710341 ], [ -97.902139, 30.710346 ], [ -97.902228, 30.710379 ], [ -97.90233, 30.710445 ], [ -97.902514, 30.71061 ], [ -97.90289, 30.710919 ], [ -97.903049, 30.710946 ], [ -97.903183, 30.710952 ], [ -97.903259, 30.71093 ], [ -97.903813, 30.710847 ], [ -97.903832, 30.710864 ], [ -97.903953, 30.710682 ], [ -97.904119, 30.710297 ], [ -97.904227, 30.709764 ], [ -97.904272, 30.709412 ], [ -97.904266, 30.709192 ], [ -97.904246, 30.709076 ], [ -97.904266, 30.709027 ], [ -97.904317, 30.708961 ], [ -97.904508, 30.708818 ], [ -97.904603, 30.708763 ], [ -97.904985, 30.708587 ], [ -97.90524, 30.70851 ], [ -97.905934, 30.708373 ], [ -97.906086, 30.708356 ], [ -97.906265, 30.708318 ], [ -97.906621, 30.708197 ], [ -97.90685, 30.708104 ], [ -97.907092, 30.707988 ], [ -97.907232, 30.707889 ], [ -97.90729, 30.707829 ], [ -97.907296, 30.70773 ], [ -97.907321, 30.707664 ], [ -97.907379, 30.707603 ], [ -97.907462, 30.707548 ], [ -97.907672, 30.707488 ], [ -97.908015, 30.707427 ], [ -97.9089, 30.707367 ], [ -97.909117, 30.707334 ], [ -97.90919, 30.707319 ], [ -97.909301, 30.707296 ], [ -97.909416, 30.707246 ], [ -97.909537, 30.707175 ], [ -97.90962, 30.707098 ], [ -97.909676, 30.707007 ], [ -97.909849, 30.706724 ], [ -97.909951, 30.706592 ], [ -97.910148, 30.706372 ], [ -97.910282, 30.706135 ], [ -97.91032, 30.705998 ], [ -97.910352, 30.705794 ], [ -97.910352, 30.705695 ], [ -97.910333, 30.705525 ], [ -97.910352, 30.705349 ], [ -97.910384, 30.705244 ], [ -97.910448, 30.705162 ], [ -97.910537, 30.705096 ], [ -97.910919, 30.704981 ], [ -97.911212, 30.704882 ], [ -97.911415, 30.704788 ], [ -97.911676, 30.704634 ], [ -97.911791, 30.704552 ], [ -97.912256, 30.704117 ], [ -97.912498, 30.70393 ], [ -97.912587, 30.703853 ], [ -97.912759, 30.703677 ], [ -97.912867, 30.703587 ], [ -97.913083, 30.703408 ], [ -97.913198, 30.703336 ], [ -97.913656, 30.703117 ], [ -97.913784, 30.70304 ], [ -97.913873, 30.702974 ], [ -97.914045, 30.702743 ], [ -97.914083, 30.702671 ], [ -97.914191, 30.702561 ], [ -97.914172, 30.70244 ], [ -97.914146, 30.70238 ], [ -97.914172, 30.702259 ], [ -97.914217, 30.702176 ], [ -97.914287, 30.702077 ], [ -97.914465, 30.701846 ], [ -97.914484, 30.701808 ], [ -97.91449, 30.701753 ], [ -97.914529, 30.701687 ], [ -97.914605, 30.701648 ], [ -97.914656, 30.701659 ], [ -97.914707, 30.701687 ], [ -97.914751, 30.701692 ], [ -97.914821, 30.701681 ], [ -97.914866, 30.701648 ], [ -97.914917, 30.701593 ], [ -97.914968, 30.701511 ], [ -97.915019, 30.701472 ], [ -97.915159, 30.701412 ], [ -97.915216, 30.701373 ], [ -97.915242, 30.701329 ], [ -97.915242, 30.701296 ], [ -97.915223, 30.701269 ], [ -97.915114, 30.701208 ], [ -97.91507, 30.701153 ], [ -97.915108, 30.701043 ], [ -97.915189, 30.701024 ], [ -97.915201, 30.700916 ], [ -97.915277, 30.700903 ], [ -97.915324, 30.700812 ], [ -97.915528, 30.700686 ], [ -97.915694, 30.700691 ], [ -97.916305, 30.700653 ], [ -97.916502, 30.700538 ], [ -97.916636, 30.700488 ], [ -97.916769, 30.700378 ], [ -97.920802, 30.701819 ], [ -97.925451, 30.703472 ], [ -97.927357, 30.704149 ], [ -97.928793, 30.704659 ], [ -97.928705, 30.704878 ], [ -97.928589, 30.705186 ], [ -97.928468, 30.705587 ], [ -97.928389, 30.705969 ], [ -97.928264, 30.706802 ], [ -97.928105, 30.708032 ], [ -97.928043, 30.708598 ], [ -97.927993, 30.709174 ], [ -97.927982, 30.709625 ], [ -97.927963, 30.710432 ], [ -97.928005, 30.711068 ], [ -97.927975, 30.711519 ], [ -97.927892, 30.712007 ], [ -97.927712, 30.712893 ], [ -97.927715, 30.713199 ], [ -97.927747, 30.713744 ], [ -97.927807, 30.714302 ], [ -97.927895, 30.714856 ], [ -97.927957, 30.715163 ], [ -97.927969, 30.715224 ], [ -97.928087, 30.715486 ], [ -97.928194, 30.715673 ], [ -97.92836, 30.715908 ], [ -97.928372, 30.715928 ], [ -97.928516, 30.716165 ], [ -97.92891, 30.716693 ], [ -97.929161, 30.717075 ], [ -97.929268, 30.717249 ], [ -97.929326, 30.717368 ], [ -97.929411, 30.717543 ], [ -97.929587, 30.717965 ], [ -97.930148, 30.719401 ], [ -97.930602, 30.720563 ], [ -97.930641, 30.720664 ], [ -97.930664, 30.720732 ], [ -97.930802, 30.721129 ], [ -97.930933, 30.721586 ], [ -97.931079, 30.722019 ], [ -97.931276, 30.722499 ], [ -97.932091, 30.724332 ], [ -97.932233, 30.724672 ], [ -97.932312, 30.724845 ] ] ] } },
{ "type": "Feature", "properties": { "GEOID": "484910202071", "NAME": "Block Group 1; Census Tract 202.07; Williamson County; Texas", "state": "48", "county": "491", "tract": "020207", "block group": "1", "population": 3735.0, "population_moe": 1188.0, "area_sq_miles": 7.791848878350689, "population_density": 479.34707901965783, "under5": 515.0, "under5_moe": 403.34228640200871, "under18": 1301.0, "under18_moe": 517.71517265770763, "age18_64": 1861.0, "age18_64_moe": 425.7428801518588, "age65plus": 573.0, "age65plus_moe": 275.67009268326518, "civilian_noninstitutionalized_population": 3713.0, "civilian_noninstitutionalized_population_moe": 1187.0, "uninsured": 156.0, "uninsured_moe": 108.95411878400927, "uninsured_pct": 4.2014543495825478, "disability_population_base": "<NA>", "disability_population_base_moe": "<NA>", "disability": null, "disability_moe": "<NA>", "disability_pct": null, "poverty_population_base": 3713.0, "poverty_population_base_moe": 1187.0, "poverty": 167.0, "poverty_moe": 130.29965464267354, "poverty_pct": 4.4977107460274706, "median_household_income": "102658.0", "median_household_income_moe": "13736.0", "per_capita_income": 48966.0, "per_capita_income_moe": 10942.0, "households": "<NA>", "households_moe": "<NA>", "no_vehicle_households": "<NA>", "no_vehicle_households_moe": "<NA>", "no_vehicle_pct": null, "youth_population_pct": 34.832663989290495, "senior_population_pct": 15.341365461847388, "healthcare_need_score": 31.060916295988775, "healthcare_need_notes": "Relative index averaging min-max normalized uninsured_pct, disability_pct, poverty_pct, no_vehicle_pct, youth_population_pct, and senior_population_pct within the retained Liberty Hill study-area block groups.", "uninsured_pct_numerator": "uninsured", "uninsured_pct_denominator": "civilian_noninstitutionalized_population", "disability_pct_numerator": "disability", "disability_pct_denominator": "disability_population_base", "poverty_pct_numerator": "poverty", "poverty_pct_denominator": "poverty_population_base", "no_vehicle_pct_numerator": "no_vehicle_households", "no_vehicle_pct_denominator": "households", "youth_population_pct_numerator": "under18", "youth_population_pct_denominator": "population", "senior_population_pct_numerator": "age65plus", "senior_population_pct_denominator": "population", "intersects_liberty_hill_city": true, "nearest_any_medical_miles": 1.7855840223545461, "nearest_primary_care_miles": 1.9367615844316803, "nearest_urgent_care_miles": 1.7855840223545461, "nearest_hospital_miles": 11.92584474947626, "nearest_emergency_miles": 6.8231668624992254, "nearest_primary_care_minutes": null, "nearest_urgent_care_minutes": null, "nearest_hospital_minutes": null, "nearest_emergency_minutes": null, "healthcare_access_measure": "Straight-line distance", "healthcare_access_distance_band": "1-3 miles" }, "geometry": { "type": "Polygon", "coordinates": [ [ [ -97.914151, 30.669996 ], [ -97.913862, 30.670458 ], [ -97.913789, 30.670575 ], [ -97.91376, 30.670619 ], [ -97.913618, 30.670848 ], [ -97.91354, 30.670974 ], [ -97.913264, 30.671413 ], [ -97.912916, 30.671969 ], [ -97.911742, 30.673878 ], [ -97.911528, 30.674229 ], [ -97.911243, 30.674702 ], [ -97.911082, 30.675134 ], [ -97.91101, 30.675769 ], [ -97.911135, 30.676459 ], [ -97.912233, 30.67899 ], [ -97.912371, 30.679302 ], [ -97.912622, 30.679915 ], [ -97.912688, 30.680143 ], [ -97.913006, 30.68253 ], [ -97.913068, 30.683007 ], [ -97.913258, 30.684461 ], [ -97.913284, 30.684661 ], [ -97.913482, 30.686116 ], [ -97.913579, 30.686832 ], [ -97.913694, 30.687747 ], [ -97.913782, 30.688444 ], [ -97.913816, 30.688968 ], [ -97.913757, 30.689615 ], [ -97.91348, 30.690376 ], [ -97.9133, 30.690969 ], [ -97.91294, 30.691647 ], [ -97.912125, 30.692988 ], [ -97.910884, 30.695086 ], [ -97.910206, 30.696213 ], [ -97.909961, 30.696525 ], [ -97.908564, 30.697946 ], [ -97.907743, 30.698779 ], [ -97.90672, 30.699848 ], [ -97.906497, 30.700354 ], [ -97.906478, 30.700562 ], [ -97.90648, 30.700642 ], [ -97.906488, 30.700723 ], [ -97.906499, 30.700776 ], [ -97.906602, 30.701111 ], [ -97.906969, 30.701996 ], [ -97.907421, 30.70312 ], [ -97.907613, 30.703613 ], [ -97.908369, 30.705382 ], [ -97.908614, 30.705946 ], [ -97.908679, 30.706119 ], [ -97.908762, 30.706339 ], [ -97.908982, 30.706923 ], [ -97.909046, 30.707071 ], [ -97.909133, 30.707229 ], [ -97.90919, 30.707319 ], [ -97.909117, 30.707334 ], [ -97.9089, 30.707367 ], [ -97.908015, 30.707427 ], [ -97.907672, 30.707488 ], [ -97.907462, 30.707548 ], [ -97.907379, 30.707603 ], [ -97.907321, 30.707664 ], [ -97.907296, 30.70773 ], [ -97.90729, 30.707829 ], [ -97.907232, 30.707889 ], [ -97.907092, 30.707988 ], [ -97.90685, 30.708104 ], [ -97.906621, 30.708197 ], [ -97.906265, 30.708318 ], [ -97.906086, 30.708356 ], [ -97.905934, 30.708373 ], [ -97.90524, 30.70851 ], [ -97.904985, 30.708587 ], [ -97.904603, 30.708763 ], [ -97.904508, 30.708818 ], [ -97.904317, 30.708961 ], [ -97.904266, 30.709027 ], [ -97.904246, 30.709076 ], [ -97.904266, 30.709192 ], [ -97.904272, 30.709412 ], [ -97.904227, 30.709764 ], [ -97.904119, 30.710297 ], [ -97.903953, 30.710682 ], [ -97.903832, 30.710864 ], [ -97.903813, 30.710847 ], [ -97.903259, 30.71093 ], [ -97.903183, 30.710952 ], [ -97.903049, 30.710946 ], [ -97.90289, 30.710919 ], [ -97.902514, 30.71061 ], [ -97.90233, 30.710445 ], [ -97.902228, 30.710379 ], [ -97.902139, 30.710346 ], [ -97.902012, 30.710341 ], [ -97.901903, 30.710352 ], [ -97.901795, 30.710385 ], [ -97.901662, 30.710456 ], [ -97.901458, 30.710627 ], [ -97.901401, 30.710698 ], [ -97.901381, 30.710764 ], [ -97.901381, 30.710803 ], [ -97.901407, 30.710863 ], [ -97.90161, 30.711034 ], [ -97.901706, 30.711193 ], [ -97.901782, 30.711364 ], [ -97.901801, 30.711452 ], [ -97.901776, 30.711589 ], [ -97.901718, 30.711683 ], [ -97.901521, 30.711875 ], [ -97.901413, 30.711941 ], [ -97.901368, 30.711947 ], [ -97.90119, 30.711936 ], [ -97.901114, 30.711903 ], [ -97.901005, 30.71182 ], [ -97.900923, 30.711743 ], [ -97.900853, 30.711644 ], [ -97.900827, 30.71155 ], [ -97.900808, 30.711418 ], [ -97.90077, 30.711297 ], [ -97.900732, 30.711215 ], [ -97.900675, 30.711143 ], [ -97.900566, 30.711105 ], [ -97.900471, 30.711116 ], [ -97.900395, 30.71116 ], [ -97.900318, 30.711226 ], [ -97.900267, 30.711303 ], [ -97.900235, 30.711407 ], [ -97.900267, 30.711484 ], [ -97.900369, 30.711627 ], [ -97.900401, 30.711721 ], [ -97.900382, 30.71182 ], [ -97.900318, 30.71188 ], [ -97.900222, 30.71193 ], [ -97.900114, 30.711952 ], [ -97.899928, 30.711935 ], [ -97.900129, 30.712311 ], [ -97.900185, 30.71248 ], [ -97.900161, 30.712788 ], [ -97.900155, 30.712889 ], [ -97.900146, 30.713052 ], [ -97.90027, 30.713481 ], [ -97.900438, 30.713738 ], [ -97.900646, 30.713885 ], [ -97.900693, 30.714108 ], [ -97.900673, 30.714361 ], [ -97.900724, 30.714542 ], [ -97.900972, 30.71468 ], [ -97.901074, 30.714807 ], [ -97.901068, 30.714895 ], [ -97.901029, 30.715016 ], [ -97.901042, 30.715087 ], [ -97.901016, 30.716226 ], [ -97.900978, 30.716671 ], [ -97.900927, 30.71704 ], [ -97.90078, 30.717254 ], [ -97.900086, 30.718865 ], [ -97.899997, 30.71908 ], [ -97.89992, 30.719311 ], [ -97.899831, 30.71963 ], [ -97.89978, 30.719696 ], [ -97.899703, 30.719762 ], [ -97.899538, 30.71985 ], [ -97.898697, 30.720003 ], [ -97.898449, 30.720058 ], [ -97.898258, 30.720113 ], [ -97.896978, 30.720531 ], [ -97.896393, 30.7208 ], [ -97.896316, 30.720855 ], [ -97.896119, 30.720932 ], [ -97.895966, 30.721036 ], [ -97.895692, 30.721278 ], [ -97.895571, 30.721361 ], [ -97.895278, 30.721498 ], [ -97.895195, 30.721553 ], [ -97.895093, 30.721806 ], [ -97.895049, 30.721867 ], [ -97.894909, 30.721999 ], [ -97.894308, 30.721787 ], [ -97.893673, 30.721586 ], [ -97.89303, 30.721404 ], [ -97.892382, 30.721242 ], [ -97.892269, 30.72122 ], [ -97.892155, 30.721206 ], [ -97.89204, 30.7212 ], [ -97.891925, 30.721202 ], [ -97.89181, 30.721211 ], [ -97.891696, 30.721229 ], [ -97.891577, 30.721257 ], [ -97.889854, 30.721804 ], [ -97.884821, 30.723426 ], [ -97.883505, 30.723844 ], [ -97.87662, 30.725866 ], [ -97.876286, 30.725911 ], [ -97.876283, 30.725243 ], [ -97.876401, 30.7228 ], [ -97.876418, 30.722454 ], [ -97.876541, 30.720326 ], [ -97.876736, 30.71725 ], [ -97.876853, 30.714972 ], [ -97.876856, 30.714922 ], [ -97.877168, 30.709984 ], [ -97.877352, 30.707051 ], [ -97.877415, 30.705744 ], [ -97.877467, 30.705098 ], [ -97.877514, 30.704513 ], [ -97.877566, 30.703482 ], [ -97.877576, 30.703285 ], [ -97.87759, 30.703008 ], [ -97.877616, 30.702496 ], [ -97.877758, 30.700192 ], [ -97.877835, 30.698833 ], [ -97.877916, 30.697559 ], [ -97.877945, 30.697187 ], [ -97.878022, 30.696559 ], [ -97.878301, 30.69484 ], [ -97.878802, 30.69175 ], [ -97.878914, 30.690869 ], [ -97.878944, 30.690542 ], [ -97.878967, 30.690015 ], [ -97.878969, 30.68957 ], [ -97.878973, 30.688846 ], [ -97.878986, 30.687903 ], [ -97.879009, 30.683588 ], [ -97.879007, 30.68143 ], [ -97.879009, 30.681225 ], [ -97.879032, 30.679092 ], [ -97.87905, 30.678422 ], [ -97.87908, 30.67795 ], [ -97.879105, 30.677558 ], [ -97.879112, 30.677499 ], [ -97.879325, 30.675802 ], [ -97.879528, 30.674103 ], [ -97.879702, 30.67266 ], [ -97.880219, 30.668364 ], [ -97.880291, 30.667639 ], [ -97.880314, 30.666757 ], [ -97.880267, 30.666129 ], [ -97.880184, 30.665536 ], [ -97.880063, 30.664901 ], [ -97.879769, 30.663924 ], [ -97.879618, 30.663524 ], [ -97.87912, 30.662318 ], [ -97.878257, 30.660202 ], [ -97.877998, 30.659557 ], [ -97.877178, 30.657505 ], [ -97.876686, 30.65638 ], [ -97.876451, 30.655778 ], [ -97.876427, 30.655717 ], [ -97.875974, 30.654554 ], [ -97.875486, 30.653303 ], [ -97.87612, 30.653524 ], [ -97.876672, 30.653732 ], [ -97.877473, 30.654035 ], [ -97.87856, 30.654447 ], [ -97.879757, 30.654888 ], [ -97.881379, 30.655451 ], [ -97.882196, 30.655734 ], [ -97.882707, 30.655913 ], [ -97.884911, 30.656686 ], [ -97.886513, 30.657242 ], [ -97.887273, 30.657506 ], [ -97.888647, 30.657982 ], [ -97.888734, 30.658013 ], [ -97.890381, 30.65864 ], [ -97.890882, 30.658839 ], [ -97.893873, 30.660028 ], [ -97.893945, 30.660061 ], [ -97.894381, 30.660234 ], [ -97.896259, 30.660984 ], [ -97.897753, 30.66158 ], [ -97.900047, 30.662537 ], [ -97.901426, 30.663133 ], [ -97.902143, 30.663447 ], [ -97.902204, 30.663474 ], [ -97.903231, 30.663947 ], [ -97.905123, 30.664826 ], [ -97.905256, 30.664894 ], [ -97.906341, 30.665441 ], [ -97.907651, 30.666108 ], [ -97.910376, 30.667496 ], [ -97.911163, 30.667893 ], [ -97.911569, 30.668097 ], [ -97.912013, 30.668322 ], [ -97.914332, 30.6695 ], [ -97.914151, 30.669996 ] ] ] } },
{ "type": "Feature", "properties": { "GEOID": "484910203411", "NAME": "Block Group 1; Census Tract 203.41; Williamson County; Texas", "state": "48", "county": "491", "tract": "020341", "block group": "1", "population": 4069.0, "population_moe": 1000.0, "area_sq_miles": 1.7205687046351896, "population_density": 2364.9157334073129, "under5": 145.0, "under5_moe": 96.519428096109237, "under18": 1017.0, "under18_moe": 294.89998304509953, "age18_64": 2609.0, "age18_64_moe": 546.58851067324861, "age65plus": 443.0, "age65plus_moe": 135.26640381114595, "civilian_noninstitutionalized_population": 4069.0, "civilian_noninstitutionalized_population_moe": 1000.0, "uninsured": 128.0, "uninsured_moe": 91.978258300535344, "uninsured_pct": 3.1457360530842955, "disability_population_base": "<NA>", "disability_population_base_moe": "<NA>", "disability": null, "disability_moe": "<NA>", "disability_pct": null, "poverty_population_base": 4069.0, "poverty_population_base_moe": 1000.0, "poverty": 526.0, "poverty_moe": 231.22499864850255, "poverty_pct": 12.92700909314328, "median_household_income": "111721.0", "median_household_income_moe": "13708.0", "per_capita_income": 44642.0, "per_capita_income_moe": 7388.0, "households": "<NA>", "households_moe": "<NA>", "no_vehicle_households": "<NA>", "no_vehicle_households_moe": "<NA>", "no_vehicle_pct": null, "youth_population_pct": 24.99385598427132, "senior_population_pct": 10.887195871221431, "healthcare_need_score": 28.63489069391121, "healthcare_need_notes": "Relative index averaging min-max normalized uninsured_pct, disability_pct, poverty_pct, no_vehicle_pct, youth_population_pct, and senior_population_pct within the retained Liberty Hill study-area block groups.", "uninsured_pct_numerator": "uninsured", "uninsured_pct_denominator": "civilian_noninstitutionalized_population", "disability_pct_numerator": "disability", "disability_pct_denominator": "disability_population_base", "poverty_pct_numerator": "poverty", "poverty_pct_denominator": "poverty_population_base", "no_vehicle_pct_numerator": "no_vehicle_households", "no_vehicle_pct_denominator": "households", "youth_population_pct_numerator": "under18", "youth_population_pct_denominator": "population", "senior_population_pct_numerator": "age65plus", "senior_population_pct_denominator": "population", "intersects_liberty_hill_city": false, "nearest_any_medical_miles": 1.4962694580461693, "nearest_primary_care_miles": 1.4962694580461693, "nearest_urgent_care_miles": 1.8028307887403048, "nearest_hospital_miles": 3.0742345892396044, "nearest_emergency_miles": 2.0652251190359499, "nearest_primary_care_minutes": null, "nearest_urgent_care_minutes": null, "nearest_hospital_minutes": null, "nearest_emergency_minutes": null, "healthcare_access_measure": "Straight-line distance", "healthcare_access_distance_band": "1-3 miles" }, "geometry": { "type": "Polygon", "coordinates": [ [ [ -97.852568, 30.578766 ], [ -97.852411, 30.578814 ], [ -97.85137, 30.579152 ], [ -97.850461, 30.579454 ], [ -97.848552, 30.580085 ], [ -97.84817, 30.580218 ], [ -97.846256, 30.580841 ], [ -97.845704, 30.581014 ], [ -97.84421, 30.581445 ], [ -97.842679, 30.581872 ], [ -97.841324, 30.58225 ], [ -97.841038, 30.582318 ], [ -97.840944, 30.582333 ], [ -97.840749, 30.582365 ], [ -97.840505, 30.582386 ], [ -97.840261, 30.582388 ], [ -97.840017, 30.582375 ], [ -97.83947, 30.582312 ], [ -97.838809, 30.582196 ], [ -97.838474, 30.582154 ], [ -97.838347, 30.582147 ], [ -97.838236, 30.58214 ], [ -97.838, 30.582145 ], [ -97.837754, 30.582164 ], [ -97.83751, 30.5822 ], [ -97.83727, 30.582252 ], [ -97.837036, 30.582318 ], [ -97.836509, 30.582501 ], [ -97.836237, 30.582596 ], [ -97.835931, 30.582702 ], [ -97.835698, 30.582763 ], [ -97.835353, 30.582138 ], [ -97.834908, 30.581384 ], [ -97.834415, 30.580549 ], [ -97.833395, 30.578928 ], [ -97.832951, 30.578221 ], [ -97.831993, 30.576558 ], [ -97.830556, 30.574123 ], [ -97.829421, 30.572174 ], [ -97.828663, 30.570904 ], [ -97.828415, 30.570478 ], [ -97.827899, 30.569731 ], [ -97.827391, 30.568887 ], [ -97.827001, 30.568251 ], [ -97.826654, 30.567517 ], [ -97.826081, 30.56649 ], [ -97.825472, 30.565386 ], [ -97.824881, 30.56445 ], [ -97.824606, 30.564014 ], [ -97.824878, 30.563933 ], [ -97.825197, 30.563838 ], [ -97.825545, 30.563734 ], [ -97.825617, 30.563712 ], [ -97.826594, 30.563422 ], [ -97.827256, 30.563225 ], [ -97.829125, 30.562702 ], [ -97.829769, 30.56248 ], [ -97.83016, 30.562346 ], [ -97.831311, 30.562007 ], [ -97.831464, 30.561962 ], [ -97.831585, 30.561924 ], [ -97.833153, 30.561438 ], [ -97.833878, 30.561207 ], [ -97.835893, 30.560543 ], [ -97.837341, 30.560066 ], [ -97.838289, 30.559755 ], [ -97.840544, 30.559072 ], [ -97.840898, 30.558968 ], [ -97.840961, 30.558947 ], [ -97.841705, 30.558695 ], [ -97.842661, 30.558372 ], [ -97.843307, 30.558209 ], [ -97.843875, 30.558039 ], [ -97.844141, 30.557959 ], [ -97.8443, 30.558273 ], [ -97.844515, 30.558752 ], [ -97.844546, 30.558822 ], [ -97.846425, 30.563303 ], [ -97.84874, 30.568904 ], [ -97.849689, 30.571185 ], [ -97.851224, 30.574873 ], [ -97.851535, 30.57562 ], [ -97.852291, 30.577438 ], [ -97.852423, 30.577728 ], [ -97.852857, 30.578679 ], [ -97.852568, 30.578766 ] ] ] } },
{ "type": "Feature", "properties": { "GEOID": "484910201242", "NAME": "Block Group 2; Census Tract 201.24; Williamson County; Texas", "state": "48", "county": "491", "tract": "020124", "block group": "2", "population": 1396.0, "population_moe": 374.0, "area_sq_miles": 8.2612547051745793, "population_density": 168.98159538957094, "under5": 172.0, "under5_moe": 171.30382365843442, "under18": 476.0, "under18_moe": 226.44866968034941, "age18_64": 824.0, "age18_64_moe": 248.78504778221702, "age65plus": 96.0, "age65plus_moe": 67.096944788865017, "civilian_noninstitutionalized_population": 1396.0, "civilian_noninstitutionalized_population_moe": 374.0, "uninsured": 49.0, "uninsured_moe": 51.312766442669997, "uninsured_pct": 3.5100286532951288, "disability_population_base": "<NA>", "disability_population_base_moe": "<NA>", "disability": null, "disability_moe": "<NA>", "disability_pct": null, "poverty_population_base": 1396.0, "poverty_population_base_moe": 374.0, "poverty": 0.0, "poverty_moe": 21.213203435596427, "poverty_pct": 0.0, "median_household_income": "250001.0", "median_household_income_moe": "<NA>", "per_capita_income": 128549.0, "per_capita_income_moe": 45173.0, "households": "<NA>", "households_moe": "<NA>", "no_vehicle_households": "<NA>", "no_vehicle_households_moe": "<NA>", "no_vehicle_pct": null, "youth_population_pct": 34.097421203438394, "senior_population_pct": 6.8767908309455592, "healthcare_need_score": 24.665268670898644, "healthcare_need_notes": "Relative index averaging min-max normalized uninsured_pct, disability_pct, poverty_pct, no_vehicle_pct, youth_population_pct, and senior_population_pct within the retained Liberty Hill study-area block groups.", "uninsured_pct_numerator": "uninsured", "uninsured_pct_denominator": "civilian_noninstitutionalized_population", "disability_pct_numerator": "disability", "disability_pct_denominator": "disability_population_base", "poverty_pct_numerator": "poverty", "poverty_pct_denominator": "poverty_population_base", "no_vehicle_pct_numerator": "no_vehicle_households", "no_vehicle_pct_denominator": "households", "youth_population_pct_numerator": "under18", "youth_population_pct_denominator": "population", "senior_population_pct_numerator": "age65plus", "senior_population_pct_denominator": "population", "intersects_liberty_hill_city": false, "nearest_any_medical_miles": 4.853065513507195, "nearest_primary_care_miles": 6.4171177935640582, "nearest_urgent_care_miles": 5.6803810935971395, "nearest_hospital_miles": 4.853065513507195, "nearest_emergency_miles": 5.4260659862306131, "nearest_primary_care_minutes": null, "nearest_urgent_care_minutes": null, "nearest_hospital_minutes": null, "nearest_emergency_minutes": null, "healthcare_access_measure": "Straight-line distance", "healthcare_access_distance_band": "3-5 miles" }, "geometry": { "type": "Polygon", "coordinates": [ [ [ -97.819063, 30.611904 ], [ -97.818711, 30.611856 ], [ -97.818644, 30.611847 ], [ -97.818281, 30.611798 ], [ -97.817532, 30.611823 ], [ -97.816511, 30.611817 ], [ -97.815355, 30.611917 ], [ -97.813391, 30.612072 ], [ -97.812938, 30.612016 ], [ -97.812166, 30.611745 ], [ -97.811778, 30.611474 ], [ -97.811595, 30.611278 ], [ -97.811368, 30.610857 ], [ -97.810966, 30.610448 ], [ -97.810598, 30.60979 ], [ -97.810098, 30.608897 ], [ -97.809538, 30.60832 ], [ -97.809349, 30.608178 ], [ -97.808946, 30.607875 ], [ -97.808717, 30.607704 ], [ -97.808692, 30.607685 ], [ -97.808187, 30.607434 ], [ -97.80755, 30.607277 ], [ -97.807111, 30.607169 ], [ -97.80657, 30.607289 ], [ -97.8064, 30.607327 ], [ -97.806347, 30.607345 ], [ -97.806295, 30.607363 ], [ -97.80513, 30.607766 ], [ -97.804549, 30.608108 ], [ -97.804179, 30.608448 ], [ -97.803673, 30.609466 ], [ -97.803268, 30.610045 ], [ -97.803218, 30.610117 ], [ -97.803075, 30.610321 ], [ -97.80273, 30.610723 ], [ -97.80268, 30.610765 ], [ -97.802013, 30.611322 ], [ -97.801511, 30.611638 ], [ -97.801176, 30.611949 ], [ -97.80079, 30.612212 ], [ -97.800396, 30.612412 ], [ -97.800091, 30.612704 ], [ -97.799766, 30.612926 ], [ -97.798875, 30.613345 ], [ -97.797603, 30.61379 ], [ -97.79672, 30.613997 ], [ -97.796184, 30.614064 ], [ -97.795559, 30.614046 ], [ -97.794601, 30.613905 ], [ -97.794571, 30.613901 ], [ -97.793616, 30.613648 ], [ -97.793287, 30.613499 ], [ -97.793248, 30.613481 ], [ -97.793184, 30.613466 ], [ -97.792319, 30.613258 ], [ -97.791867, 30.613223 ], [ -97.791461, 30.613399 ], [ -97.790864, 30.613547 ], [ -97.79031, 30.613788 ], [ -97.790188, 30.613814 ], [ -97.789867, 30.613881 ], [ -97.788973, 30.614165 ], [ -97.788315, 30.614453 ], [ -97.787997, 30.614534 ], [ -97.787719, 30.614692 ], [ -97.786267, 30.615325 ], [ -97.785163, 30.61575 ], [ -97.781296, 30.617094 ], [ -97.780657, 30.617302 ], [ -97.779348, 30.617854 ], [ -97.77795, 30.61876 ], [ -97.777667, 30.619114 ], [ -97.777325, 30.619686 ], [ -97.776997, 30.62101 ], [ -97.776561, 30.621837 ], [ -97.776246, 30.6223 ], [ -97.776077, 30.62328 ], [ -97.775881, 30.623689 ], [ -97.775815, 30.623827 ], [ -97.77526, 30.6244 ], [ -97.774836, 30.624687 ], [ -97.774519, 30.624802 ], [ -97.774334, 30.62487 ], [ -97.774148, 30.624937 ], [ -97.77377, 30.624873 ], [ -97.773329, 30.624603 ], [ -97.773084, 30.624359 ], [ -97.772825, 30.623951 ], [ -97.772758, 30.623658 ], [ -97.772634, 30.623107 ], [ -97.772284, 30.62238 ], [ -97.771716, 30.621722 ], [ -97.771031, 30.621105 ], [ -97.76981, 30.620311 ], [ -97.769743, 30.620267 ], [ -97.768595, 30.6197 ], [ -97.767989, 30.61947 ], [ -97.767578, 30.619461 ], [ -97.766337, 30.619636 ], [ -97.765591, 30.619676 ], [ -97.764196, 30.620034 ], [ -97.764124, 30.62007 ], [ -97.76397, 30.620536 ], [ -97.762566, 30.621731 ], [ -97.760864, 30.622367 ], [ -97.760147, 30.622547 ], [ -97.757534, 30.623565 ], [ -97.757248, 30.623592 ], [ -97.756886, 30.623513 ], [ -97.756138, 30.623128 ], [ -97.755481, 30.622692 ], [ -97.755249, 30.622445 ], [ -97.75486, 30.622033 ], [ -97.754639, 30.621871 ], [ -97.752783, 30.621492 ], [ -97.750494, 30.621166 ], [ -97.749299, 30.621134 ], [ -97.749064, 30.621182 ], [ -97.748638, 30.621356 ], [ -97.748155, 30.621421 ], [ -97.747763, 30.621353 ], [ -97.746609, 30.621359 ], [ -97.746478, 30.62136 ], [ -97.745527, 30.621156 ], [ -97.744891, 30.62089 ], [ -97.74423, 30.620878 ], [ -97.743948, 30.620918 ], [ -97.74366, 30.620889 ], [ -97.743473, 30.62082 ], [ -97.743063, 30.620527 ], [ -97.742859, 30.619919 ], [ -97.742864, 30.619777 ], [ -97.742987, 30.619486 ], [ -97.74267, 30.618136 ], [ -97.74241, 30.617735 ], [ -97.742079, 30.617592 ], [ -97.741711, 30.617586 ], [ -97.741386, 30.617637 ], [ -97.740165, 30.617968 ], [ -97.739787, 30.618179 ], [ -97.738527, 30.618388 ], [ -97.737376, 30.618901 ], [ -97.736846, 30.618967 ], [ -97.736442, 30.619019 ], [ -97.736078, 30.618996 ], [ -97.735586, 30.618965 ], [ -97.735449, 30.619019 ], [ -97.735116, 30.61915 ], [ -97.734836, 30.619262 ], [ -97.734511, 30.619459 ], [ -97.734377, 30.619542 ], [ -97.734073, 30.620158 ], [ -97.734041, 30.620336 ], [ -97.734029, 30.620403 ], [ -97.734024, 30.620439 ], [ -97.733982, 30.620497 ], [ -97.733549, 30.621097 ], [ -97.733189, 30.621856 ], [ -97.732972, 30.622314 ], [ -97.732585, 30.622937 ], [ -97.732321, 30.623209 ], [ -97.7316, 30.623626 ], [ -97.731514, 30.623665 ], [ -97.731284, 30.623771 ], [ -97.730773, 30.623842 ], [ -97.730629, 30.623862 ], [ -97.730291, 30.623827 ], [ -97.729876, 30.623784 ], [ -97.729436, 30.623745 ], [ -97.729414, 30.623731 ], [ -97.7287, 30.623379 ], [ -97.728645, 30.623326 ], [ -97.728535, 30.623219 ], [ -97.728426, 30.622988 ], [ -97.728327, 30.622388 ], [ -97.728302, 30.62204 ], [ -97.7283, 30.622007 ], [ -97.72829, 30.621848 ], [ -97.728158, 30.621531 ], [ -97.728081, 30.621345 ], [ -97.727927, 30.621063 ], [ -97.727869, 30.620955 ], [ -97.727423, 30.620313 ], [ -97.727032, 30.619949 ], [ -97.726029, 30.619384 ], [ -97.725495, 30.619184 ], [ -97.724733, 30.619039 ], [ -97.724224, 30.618864 ], [ -97.724193, 30.618854 ], [ -97.723968, 30.618748 ], [ -97.723617, 30.618584 ], [ -97.723277, 30.618349 ], [ -97.723202, 30.618297 ], [ -97.723046, 30.618189 ], [ -97.722971, 30.618137 ], [ -97.722708, 30.618034 ], [ -97.722342, 30.618041 ], [ -97.721391, 30.618276 ], [ -97.720823, 30.618344 ], [ -97.72014, 30.618644 ], [ -97.719663, 30.618792 ], [ -97.719338, 30.618853 ], [ -97.719188, 30.618897 ], [ -97.719154, 30.618906 ], [ -97.718673, 30.619048 ], [ -97.718113, 30.619337 ], [ -97.717783, 30.619448 ], [ -97.717753, 30.619458 ], [ -97.717727, 30.619393 ], [ -97.717162, 30.61809 ], [ -97.716681, 30.617015 ], [ -97.716255, 30.616043 ], [ -97.716081, 30.615696 ], [ -97.715911, 30.615356 ], [ -97.715792, 30.615103 ], [ -97.715223, 30.613898 ], [ -97.714204, 30.612298 ], [ -97.713773, 30.611773 ], [ -97.713386, 30.611302 ], [ -97.712402, 30.610081 ], [ -97.711568, 30.608952 ], [ -97.712415, 30.608549 ], [ -97.713414, 30.60806 ], [ -97.713778, 30.607881 ], [ -97.714942, 30.607278 ], [ -97.7151, 30.607196 ], [ -97.715707, 30.606864 ], [ -97.717168, 30.606102 ], [ -97.717956, 30.605686 ], [ -97.718796, 30.605258 ], [ -97.719216, 30.605043 ], [ -97.719858, 30.604704 ], [ -97.720223, 30.604524 ], [ -97.720548, 30.604374 ], [ -97.720863, 30.60424 ], [ -97.721126, 30.604149 ], [ -97.721369, 30.604072 ], [ -97.721719, 30.603991 ], [ -97.722252, 30.603895 ], [ -97.722456, 30.603848 ], [ -97.724133, 30.603471 ], [ -97.724784, 30.603343 ], [ -97.725204, 30.603283 ], [ -97.725818, 30.603223 ], [ -97.729335, 30.602906 ], [ -97.731114, 30.602751 ], [ -97.731542, 30.602714 ], [ -97.732805, 30.6026 ], [ -97.734897, 30.60241 ], [ -97.738044, 30.60213 ], [ -97.742258, 30.601754 ], [ -97.745009, 30.601504 ], [ -97.745384, 30.601458 ], [ -97.745757, 30.601398 ], [ -97.746126, 30.601326 ], [ -97.74633, 30.601277 ], [ -97.746553, 30.601223 ], [ -97.746912, 30.601121 ], [ -97.747853, 30.600831 ], [ -97.75299, 30.59925 ], [ -97.753406, 30.59914 ], [ -97.75389, 30.599036 ], [ -97.754197, 30.598978 ], [ -97.754568, 30.598922 ], [ -97.754942, 30.598882 ], [ -97.755317, 30.598858 ], [ -97.757545, 30.598771 ], [ -97.757799, 30.59875 ], [ -97.75805, 30.598719 ], [ -97.758485, 30.598639 ], [ -97.75933, 30.598404 ], [ -97.759462, 30.598365 ], [ -97.761932, 30.597639 ], [ -97.762945, 30.597376 ], [ -97.76349, 30.597262 ], [ -97.764468, 30.597102 ], [ -97.76459, 30.597085 ], [ -97.764964, 30.597033 ], [ -97.766066, 30.596882 ], [ -97.769198, 30.596445 ], [ -97.772841, 30.595936 ], [ -97.773397, 30.595859 ], [ -97.773659, 30.595823 ], [ -97.774805, 30.595665 ], [ -97.77518, 30.595638 ], [ -97.77592, 30.59562 ], [ -97.780325, 30.595527 ], [ -97.784871, 30.595419 ], [ -97.785566, 30.595382 ], [ -97.78607, 30.595342 ], [ -97.78786, 30.595154 ], [ -97.7881, 30.59513 ], [ -97.788341, 30.595097 ], [ -97.788698, 30.595031 ], [ -97.788992, 30.594963 ], [ -97.789339, 30.594866 ], [ -97.789654, 30.594772 ], [ -97.790132, 30.594629 ], [ -97.790375, 30.594567 ], [ -97.790682, 30.594502 ], [ -97.791056, 30.594442 ], [ -97.791245, 30.59442 ], [ -97.79156, 30.594396 ], [ -97.791813, 30.594387 ], [ -97.793121, 30.594379 ], [ -97.793478, 30.594379 ], [ -97.793788, 30.594389 ], [ -97.794096, 30.594417 ], [ -97.794401, 30.594462 ], [ -97.794701, 30.594525 ], [ -97.794997, 30.594605 ], [ -97.795285, 30.594701 ], [ -97.796293, 30.595115 ], [ -97.797096, 30.595431 ], [ -97.797394, 30.595524 ], [ -97.7977, 30.595596 ], [ -97.797739, 30.595603 ], [ -97.79795, 30.595639 ], [ -97.798197, 30.595664 ], [ -97.798445, 30.595674 ], [ -97.798693, 30.595669 ], [ -97.798941, 30.595648 ], [ -97.799248, 30.595601 ], [ -97.799377, 30.595573 ], [ -97.799449, 30.595558 ], [ -97.799494, 30.595548 ], [ -97.799734, 30.595481 ], [ -97.799749, 30.595476 ], [ -97.799968, 30.595399 ], [ -97.800195, 30.595302 ], [ -97.800377, 30.59521 ], [ -97.800673, 30.595035 ], [ -97.800869, 30.594896 ], [ -97.800994, 30.594795 ], [ -97.801054, 30.594747 ], [ -97.801227, 30.594587 ], [ -97.801388, 30.594417 ], [ -97.802549, 30.593003 ], [ -97.804346, 30.590818 ], [ -97.804582, 30.590541 ], [ -97.805259, 30.589769 ], [ -97.805461, 30.589539 ], [ -97.80647, 30.588414 ], [ -97.806638, 30.588255 ], [ -97.806778, 30.588139 ], [ -97.806817, 30.588107 ], [ -97.807008, 30.587969 ], [ -97.80721, 30.587844 ], [ -97.80742, 30.58773 ], [ -97.807639, 30.58763 ], [ -97.807751, 30.587587 ], [ -97.80783, 30.587556 ], [ -97.808085, 30.58747 ], [ -97.808204, 30.587433 ], [ -97.808484, 30.587362 ], [ -97.808889, 30.58726 ], [ -97.80913, 30.587196 ], [ -97.809226, 30.587171 ], [ -97.809427, 30.587098 ], [ -97.810176, 30.58869 ], [ -97.811194, 30.591072 ], [ -97.81225, 30.593524 ], [ -97.812987, 30.595265 ], [ -97.813108, 30.595546 ], [ -97.813404, 30.596294 ], [ -97.814052, 30.598042 ], [ -97.814968, 30.60007 ], [ -97.815344, 30.601012 ], [ -97.815727, 30.602367 ], [ -97.816093, 30.603697 ], [ -97.816374, 30.6047 ], [ -97.817035, 30.606415 ], [ -97.817662, 30.608159 ], [ -97.818148, 30.609427 ], [ -97.818528, 30.610383 ], [ -97.818667, 30.610841 ], [ -97.819016, 30.611788 ], [ -97.819063, 30.611904 ] ] ] } },
{ "type": "Feature", "properties": { "GEOID": "484910203291", "NAME": "Block Group 1; Census Tract 203.29; Williamson County; Texas", "state": "48", "county": "491", "tract": "020329", "block group": "1", "population": 2618.0, "population_moe": 760.0, "area_sq_miles": 0.94185724935958814, "population_density": 2779.6144285984929, "under5": 372.0, "under5_moe": 175.93180496999398, "under18": 924.0, "under18_moe": 321.78719676208374, "age18_64": 1576.0, "age18_64_moe": 424.55270579752522, "age65plus": 118.0, "age65plus_moe": 77.961528974231896, "civilian_noninstitutionalized_population": 2618.0, "civilian_noninstitutionalized_population_moe": 760.0, "uninsured": 95.0, "uninsured_moe": 76.256147293185492, "uninsured_pct": 3.6287242169595113, "disability_population_base": "<NA>", "disability_population_base_moe": "<NA>", "disability": null, "disability_moe": "<NA>", "disability_pct": null, "poverty_population_base": 2578.0, "poverty_population_base_moe": 757.0, "poverty": 399.0, "poverty_moe": 545.0, "poverty_pct": 15.477114041892939, "median_household_income": "113403.0", "median_household_income_moe": "21408.0", "per_capita_income": 42163.0, "per_capita_income_moe": 11821.0, "households": "<NA>", "households_moe": "<NA>", "no_vehicle_households": "<NA>", "no_vehicle_households_moe": "<NA>", "no_vehicle_pct": null, "youth_population_pct": 35.294117647058826, "senior_population_pct": 4.5072574484339194, "healthcare_need_score": 35.197975355242036, "healthcare_need_notes": "Relative index averaging min-max normalized uninsured_pct, disability_pct, poverty_pct, no_vehicle_pct, youth_population_pct, and senior_population_pct within the retained Liberty Hill study-area block groups.", "uninsured_pct_numerator": "uninsured", "uninsured_pct_denominator": "civilian_noninstitutionalized_population", "disability_pct_numerator": "disability", "disability_pct_denominator": "disability_population_base", "poverty_pct_numerator": "poverty", "poverty_pct_denominator": "poverty_population_base", "no_vehicle_pct_numerator": "no_vehicle_households", "no_vehicle_pct_denominator": "households", "youth_population_pct_numerator": "under18", "youth_population_pct_denominator": "population", "senior_population_pct_numerator": "age65plus", "senior_population_pct_denominator": "population", "intersects_liberty_hill_city": true, "nearest_any_medical_miles": 0.92897080350862493, "nearest_primary_care_miles": 0.92897080350862493, "nearest_urgent_care_miles": 2.6173662789693313, "nearest_hospital_miles": 7.3642621293054118, "nearest_emergency_miles": 2.2386540271206972, "nearest_primary_care_minutes": null, "nearest_urgent_care_minutes": null, "nearest_hospital_minutes": null, "nearest_emergency_minutes": null, "healthcare_access_measure": "Straight-line distance", "healthcare_access_distance_band": "0-1 miles" }, "geometry": { "type": "Polygon", "coordinates": [ [ [ -97.881518, 30.640101 ], [ -97.881286, 30.640205 ], [ -97.881244, 30.640219 ], [ -97.880562, 30.640442 ], [ -97.879062, 30.640917 ], [ -97.878214, 30.641192 ], [ -97.878057, 30.641243 ], [ -97.877135, 30.641531 ], [ -97.876497, 30.641732 ], [ -97.875928, 30.64191 ], [ -97.875725, 30.641974 ], [ -97.875336, 30.642099 ], [ -97.872207, 30.643099 ], [ -97.871389, 30.641466 ], [ -97.87177, 30.641318 ], [ -97.872095, 30.64114 ], [ -97.872437, 30.640892 ], [ -97.872603, 30.640729 ], [ -97.872793, 30.640484 ], [ -97.873497, 30.639693 ], [ -97.873814, 30.639359 ], [ -97.874054, 30.639118 ], [ -97.874522, 30.638641 ], [ -97.874786, 30.63838 ], [ -97.874649, 30.638226 ], [ -97.874442, 30.63799 ], [ -97.874287, 30.637688 ], [ -97.873933, 30.63684 ], [ -97.873436, 30.635719 ], [ -97.873341, 30.635416 ], [ -97.873055, 30.634615 ], [ -97.872543, 30.633411 ], [ -97.872215, 30.632644 ], [ -97.871918, 30.631893 ], [ -97.872364, 30.631751 ], [ -97.87272, 30.63164 ], [ -97.872486, 30.63107 ], [ -97.872105, 30.630141 ], [ -97.871788, 30.629377 ], [ -97.871304, 30.629529 ], [ -97.871127, 30.629556 ], [ -97.871008, 30.629556 ], [ -97.870911, 30.629549 ], [ -97.870773, 30.629526 ], [ -97.870503, 30.629472 ], [ -97.8695, 30.629167 ], [ -97.86923, 30.629076 ], [ -97.868969, 30.628958 ], [ -97.868653, 30.628717 ], [ -97.868475, 30.628511 ], [ -97.868352, 30.628353 ], [ -97.86814, 30.628068 ], [ -97.868007, 30.627901 ], [ -97.867773, 30.627577 ], [ -97.867708, 30.62737 ], [ -97.866803, 30.627475 ], [ -97.866381, 30.627514 ], [ -97.865947, 30.627555 ], [ -97.864829, 30.627883 ], [ -97.86435, 30.626774 ], [ -97.863538, 30.625222 ], [ -97.86333, 30.624815 ], [ -97.863112, 30.624389 ], [ -97.86291, 30.623991 ], [ -97.862771, 30.623719 ], [ -97.862704, 30.623587 ], [ -97.862421, 30.623031 ], [ -97.862175, 30.622546 ], [ -97.861426, 30.6211 ], [ -97.861281, 30.62082 ], [ -97.861268, 30.620796 ], [ -97.861236, 30.62073 ], [ -97.86159, 30.620457 ], [ -97.861677, 30.62039 ], [ -97.861986, 30.620226 ], [ -97.863561, 30.619352 ], [ -97.864401, 30.618762 ], [ -97.865863, 30.617872 ], [ -97.866742, 30.617213 ], [ -97.867023, 30.617164 ], [ -97.867258, 30.617014 ], [ -97.867633, 30.616858 ], [ -97.868213, 30.616899 ], [ -97.868369, 30.616948 ], [ -97.870003, 30.617729 ], [ -97.87043, 30.617982 ], [ -97.870489, 30.617917 ], [ -97.870553, 30.617846 ], [ -97.870635, 30.617659 ], [ -97.870667, 30.617559 ], [ -97.870667, 30.617477 ], [ -97.870641, 30.617329 ], [ -97.870622, 30.617279 ], [ -97.870533, 30.617164 ], [ -97.870501, 30.617076 ], [ -97.870482, 30.61696 ], [ -97.870482, 30.616806 ], [ -97.870508, 30.616647 ], [ -97.870558, 30.616515 ], [ -97.870711, 30.616278 ], [ -97.870832, 30.616146 ], [ -97.871143, 30.615893 ], [ -97.871245, 30.615788 ], [ -97.871512, 30.61559 ], [ -97.871569, 30.61553 ], [ -97.87167, 30.61531 ], [ -97.871772, 30.615122 ], [ -97.871886, 30.614781 ], [ -97.87195, 30.614644 ], [ -97.871975, 30.614561 ], [ -97.87202, 30.614237 ], [ -97.872026, 30.613989 ], [ -97.872007, 30.613879 ], [ -97.871988, 30.613808 ], [ -97.871943, 30.613742 ], [ -97.871879, 30.61361 ], [ -97.87186, 30.6135 ], [ -97.871816, 30.613406 ], [ -97.871701, 30.613258 ], [ -97.871593, 30.613071 ], [ -97.871478, 30.612906 ], [ -97.871389, 30.612818 ], [ -97.8713, 30.612708 ], [ -97.871173, 30.612505 ], [ -97.871128, 30.612455 ], [ -97.871007, 30.612169 ], [ -97.870944, 30.611861 ], [ -97.871077, 30.611724 ], [ -97.871242, 30.611454 ], [ -97.871274, 30.611311 ], [ -97.871369, 30.611251 ], [ -97.871496, 30.611229 ], [ -97.871643, 30.611267 ], [ -97.871814, 30.611278 ], [ -97.871961, 30.611272 ], [ -97.872107, 30.611157 ], [ -97.872177, 30.61103 ], [ -97.872215, 30.610904 ], [ -97.872278, 30.610244 ], [ -97.872323, 30.610194 ], [ -97.872399, 30.610145 ], [ -97.872634, 30.610078 ], [ -97.872805, 30.609988 ], [ -97.873106, 30.611815 ], [ -97.873128, 30.611955 ], [ -97.87318, 30.612233 ], [ -97.873206, 30.612391 ], [ -97.873217, 30.612478 ], [ -97.87323, 30.612609 ], [ -97.873237, 30.612717 ], [ -97.873241, 30.612921 ], [ -97.873229, 30.613159 ], [ -97.873213, 30.613378 ], [ -97.873177, 30.613734 ], [ -97.873155, 30.613926 ], [ -97.873101, 30.614363 ], [ -97.873071, 30.614516 ], [ -97.872964, 30.614891 ], [ -97.872829, 30.615215 ], [ -97.872615, 30.615662 ], [ -97.872425, 30.616132 ], [ -97.872393, 30.616284 ], [ -97.872345, 30.616546 ], [ -97.872328, 30.616761 ], [ -97.872333, 30.61699 ], [ -97.872352, 30.617182 ], [ -97.872402, 30.617422 ], [ -97.87249, 30.617678 ], [ -97.872613, 30.617929 ], [ -97.872634, 30.617968 ], [ -97.872648, 30.617988 ], [ -97.872796, 30.618201 ], [ -97.873039, 30.618507 ], [ -97.874268, 30.619867 ], [ -97.874793, 30.62045 ], [ -97.87548, 30.621213 ], [ -97.875749, 30.621541 ], [ -97.876, 30.621901 ], [ -97.876162, 30.62221 ], [ -97.876173, 30.622231 ], [ -97.876291, 30.622547 ], [ -97.876398, 30.622892 ], [ -97.876459, 30.623231 ], [ -97.876489, 30.62375 ], [ -97.876499, 30.62405 ], [ -97.876502, 30.624121 ], [ -97.876504, 30.624197 ], [ -97.876517, 30.62456 ], [ -97.876539, 30.625416 ], [ -97.876542, 30.625495 ], [ -97.876568, 30.626166 ], [ -97.8766, 30.626656 ], [ -97.876659, 30.626935 ], [ -97.876815, 30.627452 ], [ -97.877113, 30.628397 ], [ -97.877597, 30.629909 ], [ -97.87778, 30.630497 ], [ -97.877932, 30.63098 ], [ -97.879312, 30.635343 ], [ -97.879624, 30.636327 ], [ -97.879961, 30.637348 ], [ -97.880214, 30.638027 ], [ -97.880412, 30.638411 ], [ -97.880744, 30.63891 ], [ -97.881302, 30.63973 ], [ -97.881542, 30.640094 ], [ -97.881518, 30.640101 ] ] ] } },
{ "type": "Feature", "properties": { "GEOID": "484910201243", "NAME": "Block Group 3; Census Tract 201.24; Williamson County; Texas", "state": "48", "county": "491", "tract": "020124", "block group": "3", "population": 5697.0, "population_moe": 932.0, "area_sq_miles": 4.5740580461899381, "population_density": 1245.5023400381726, "under5": 356.0, "under5_moe": 142.04224723651762, "under18": 1443.0, "under18_moe": 322.80024783137947, "age18_64": 3815.0, "age18_64_moe": 592.92242325619634, "age65plus": 439.0, "age65plus_moe": 184.99729727755485, "civilian_noninstitutionalized_population": 5697.0, "civilian_noninstitutionalized_population_moe": 932.0, "uninsured": 125.0, "uninsured_moe": 87.246776444748946, "uninsured_pct": 2.1941372652273126, "disability_population_base": "<NA>", "disability_population_base_moe": "<NA>", "disability": null, "disability_moe": "<NA>", "disability_pct": null, "poverty_population_base": 5684.0, "poverty_population_base_moe": 933.0, "poverty": 187.0, "poverty_moe": 182.42806801586207, "poverty_pct": 3.2899366643209005, "median_household_income": "187548.0", "median_household_income_moe": "15718.0", "per_capita_income": 70104.0, "per_capita_income_moe": 8542.0, "households": "<NA>", "households_moe": "<NA>", "no_vehicle_households": "<NA>", "no_vehicle_households_moe": "<NA>", "no_vehicle_pct": null, "youth_population_pct": 25.3291205897841, "senior_population_pct": 7.705810075478321, "healthcare_need_score": 20.769660786984836, "healthcare_need_notes": "Relative index averaging min-max normalized uninsured_pct, disability_pct, poverty_pct, no_vehicle_pct, youth_population_pct, and senior_population_pct within the retained Liberty Hill study-area block groups.", "uninsured_pct_numerator": "uninsured", "uninsured_pct_denominator": "civilian_noninstitutionalized_population", "disability_pct_numerator": "disability", "disability_pct_denominator": "disability_population_base", "poverty_pct_numerator": "poverty", "poverty_pct_denominator": "poverty_population_base", "no_vehicle_pct_numerator": "no_vehicle_households", "no_vehicle_pct_denominator": "households", "youth_population_pct_numerator": "under18", "youth_population_pct_denominator": "population", "senior_population_pct_numerator": "age65plus", "senior_population_pct_denominator": "population", "intersects_liberty_hill_city": false, "nearest_any_medical_miles": 3.8225013045532514, "nearest_primary_care_miles": 4.288279142430433, "nearest_urgent_care_miles": 4.2114252945162765, "nearest_hospital_miles": 6.3571882912229958, "nearest_emergency_miles": 3.8225013045532514, "nearest_primary_care_minutes": null, "nearest_urgent_care_minutes": null, "nearest_hospital_minutes": null, "nearest_emergency_minutes": null, "healthcare_access_measure": "Straight-line distance", "healthcare_access_distance_band": "3-5 miles" }, "geometry": { "type": "Polygon", "coordinates": [ [ [ -97.827804, 30.637688 ], [ -97.827359, 30.637678 ], [ -97.827256, 30.637675 ], [ -97.826855, 30.637668 ], [ -97.826662, 30.637664 ], [ -97.824899, 30.637626 ], [ -97.824807, 30.637625 ], [ -97.822766, 30.637592 ], [ -97.821109, 30.637558 ], [ -97.820937, 30.637555 ], [ -97.817912, 30.637495 ], [ -97.817621, 30.637488 ], [ -97.817488, 30.637485 ], [ -97.81351, 30.637392 ], [ -97.811663, 30.637359 ], [ -97.810689, 30.637342 ], [ -97.810235, 30.637332 ], [ -97.808181, 30.637289 ], [ -97.806891, 30.637262 ], [ -97.806857, 30.637265 ], [ -97.806828, 30.63726 ], [ -97.805603, 30.637243 ], [ -97.805505, 30.637242 ], [ -97.804985, 30.637234 ], [ -97.804823, 30.637232 ], [ -97.803687, 30.637238 ], [ -97.802156, 30.637149 ], [ -97.800722, 30.63712 ], [ -97.799554, 30.637097 ], [ -97.799156, 30.637085 ], [ -97.798787, 30.637074 ], [ -97.798123, 30.637034 ], [ -97.797462, 30.636974 ], [ -97.797049, 30.636923 ], [ -97.794293, 30.636563 ], [ -97.792839, 30.636395 ], [ -97.789607, 30.635939 ], [ -97.788864, 30.635833 ], [ -97.787606, 30.635662 ], [ -97.783358, 30.635083 ], [ -97.782842, 30.635013 ], [ -97.781486, 30.634836 ], [ -97.779472, 30.634561 ], [ -97.779177, 30.634521 ], [ -97.77911, 30.634512 ], [ -97.778537, 30.634435 ], [ -97.778241, 30.634395 ], [ -97.778168, 30.634106 ], [ -97.778061, 30.63378 ], [ -97.77798, 30.633617 ], [ -97.777899, 30.63351 ], [ -97.777854, 30.633449 ], [ -97.777838, 30.633347 ], [ -97.777831, 30.633191 ], [ -97.777764, 30.632869 ], [ -97.777761, 30.632682 ], [ -97.777675, 30.632535 ], [ -97.777631, 30.63241 ], [ -97.777615, 30.632289 ], [ -97.777539, 30.632111 ], [ -97.77748, 30.631711 ], [ -97.777449, 30.631574 ], [ -97.777464, 30.631446 ], [ -97.777482, 30.631337 ], [ -97.777705, 30.631004 ], [ -97.777794, 30.630843 ], [ -97.7778, 30.630632 ], [ -97.777761, 30.630377 ], [ -97.777763, 30.630261 ], [ -97.777869, 30.630012 ], [ -97.777995, 30.629655 ], [ -97.778222, 30.629235 ], [ -97.778278, 30.629134 ], [ -97.778418, 30.62888 ], [ -97.778503, 30.628629 ], [ -97.778522, 30.628413 ], [ -97.778543, 30.62828 ], [ -97.778576, 30.628121 ], [ -97.778673, 30.627994 ], [ -97.778672, 30.627921 ], [ -97.778682, 30.62782 ], [ -97.77871, 30.627704 ], [ -97.77868, 30.627592 ], [ -97.778616, 30.627469 ], [ -97.778554, 30.627267 ], [ -97.778455, 30.627143 ], [ -97.778413, 30.626979 ], [ -97.778419, 30.626816 ], [ -97.778401, 30.626641 ], [ -97.778351, 30.626481 ], [ -97.77828, 30.626324 ], [ -97.778188, 30.626093 ], [ -97.778214, 30.625838 ], [ -97.778207, 30.625557 ], [ -97.778235, 30.625275 ], [ -97.77819, 30.625081 ], [ -97.778122, 30.624939 ], [ -97.778019, 30.624845 ], [ -97.777909, 30.624758 ], [ -97.77775, 30.624678 ], [ -97.777914, 30.624352 ], [ -97.777736, 30.624324 ], [ -97.77766, 30.624286 ], [ -97.777488, 30.624121 ], [ -97.777424, 30.624088 ], [ -97.777367, 30.62411 ], [ -97.777285, 30.624214 ], [ -97.777195, 30.624253 ], [ -97.77703, 30.62422 ], [ -97.776941, 30.624187 ], [ -97.776839, 30.624143 ], [ -97.776757, 30.624088 ], [ -97.776585, 30.623928 ], [ -97.776522, 30.623851 ], [ -97.776522, 30.623801 ], [ -97.776547, 30.623713 ], [ -97.776541, 30.623653 ], [ -97.776515, 30.623587 ], [ -97.776464, 30.623515 ], [ -97.776305, 30.623394 ], [ -97.776178, 30.623312 ], [ -97.776077, 30.62328 ], [ -97.776246, 30.6223 ], [ -97.776561, 30.621837 ], [ -97.776997, 30.62101 ], [ -97.777325, 30.619686 ], [ -97.777667, 30.619114 ], [ -97.77795, 30.61876 ], [ -97.779348, 30.617854 ], [ -97.780657, 30.617302 ], [ -97.781296, 30.617094 ], [ -97.785163, 30.61575 ], [ -97.786267, 30.615325 ], [ -97.787719, 30.614692 ], [ -97.787997, 30.614534 ], [ -97.788315, 30.614453 ], [ -97.788973, 30.614165 ], [ -97.789867, 30.613881 ], [ -97.790188, 30.613814 ], [ -97.79031, 30.613788 ], [ -97.790864, 30.613547 ], [ -97.791461, 30.613399 ], [ -97.791867, 30.613223 ], [ -97.792319, 30.613258 ], [ -97.793184, 30.613466 ], [ -97.793248, 30.613481 ], [ -97.793287, 30.613499 ], [ -97.793616, 30.613648 ], [ -97.794571, 30.613901 ], [ -97.794601, 30.613905 ], [ -97.795559, 30.614046 ], [ -97.796184, 30.614064 ], [ -97.79672, 30.613997 ], [ -97.797603, 30.61379 ], [ -97.798875, 30.613345 ], [ -97.799766, 30.612926 ], [ -97.800091, 30.612704 ], [ -97.800396, 30.612412 ], [ -97.80079, 30.612212 ], [ -97.801176, 30.611949 ], [ -97.801511, 30.611638 ], [ -97.802013, 30.611322 ], [ -97.80268, 30.610765 ], [ -97.80273, 30.610723 ], [ -97.803075, 30.610321 ], [ -97.803218, 30.610117 ], [ -97.803268, 30.610045 ], [ -97.803673, 30.609466 ], [ -97.804179, 30.608448 ], [ -97.804549, 30.608108 ], [ -97.80513, 30.607766 ], [ -97.806295, 30.607363 ], [ -97.806347, 30.607345 ], [ -97.8064, 30.607327 ], [ -97.80657, 30.607289 ], [ -97.807111, 30.607169 ], [ -97.80755, 30.607277 ], [ -97.808187, 30.607434 ], [ -97.808692, 30.607685 ], [ -97.808717, 30.607704 ], [ -97.808946, 30.607875 ], [ -97.809349, 30.608178 ], [ -97.809538, 30.60832 ], [ -97.810098, 30.608897 ], [ -97.810598, 30.60979 ], [ -97.810966, 30.610448 ], [ -97.811368, 30.610857 ], [ -97.811595, 30.611278 ], [ -97.811778, 30.611474 ], [ -97.812166, 30.611745 ], [ -97.812938, 30.612016 ], [ -97.813391, 30.612072 ], [ -97.815355, 30.611917 ], [ -97.816511, 30.611817 ], [ -97.817532, 30.611823 ], [ -97.818281, 30.611798 ], [ -97.818644, 30.611847 ], [ -97.818711, 30.611856 ], [ -97.819063, 30.611904 ], [ -97.819113, 30.61201 ], [ -97.819264, 30.612323 ], [ -97.819527, 30.612886 ], [ -97.819969, 30.613892 ], [ -97.820053, 30.614084 ], [ -97.820523, 30.615099 ], [ -97.820836, 30.615772 ], [ -97.820957, 30.616029 ], [ -97.821309, 30.61677 ], [ -97.82156, 30.61733 ], [ -97.821988, 30.618164 ], [ -97.822412, 30.61923 ], [ -97.823139, 30.621039 ], [ -97.82328, 30.621396 ], [ -97.823599, 30.622204 ], [ -97.823645, 30.622325 ], [ -97.824712, 30.625078 ], [ -97.825081, 30.626025 ], [ -97.825322, 30.626642 ], [ -97.825401, 30.62685 ], [ -97.825916, 30.628192 ], [ -97.826133, 30.6287 ], [ -97.826431, 30.629516 ], [ -97.826596, 30.630018 ], [ -97.827149, 30.631629 ], [ -97.827439, 30.632988 ], [ -97.827575, 30.634403 ], [ -97.827573, 30.635823 ], [ -97.827688, 30.637126 ], [ -97.827743, 30.637393 ], [ -97.827804, 30.637688 ] ] ] } },
{ "type": "Feature", "properties": { "GEOID": "484910206043", "NAME": "Block Group 3; Census Tract 206.04; Williamson County; Texas", "state": "48", "county": "491", "tract": "020604", "block group": "3", "population": 4890.0, "population_moe": 760.0, "area_sq_miles": 2.4417441026339968, "population_density": 2002.6668620700186, "under5": 199.0, "under5_moe": 106.25441167311595, "under18": 1802.0, "under18_moe": 355.92976835325254, "age18_64": 2878.0, "age18_64_moe": 398.65398530555291, "age65plus": 210.0, "age65plus_moe": 106.98598038995577, "civilian_noninstitutionalized_population": 4890.0, "civilian_noninstitutionalized_population_moe": 760.0, "uninsured": 353.0, "uninsured_moe": 173.27146331695823, "uninsured_pct": 7.2188139059304701, "disability_population_base": "<NA>", "disability_population_base_moe": "<NA>", "disability": null, "disability_moe": "<NA>", "disability_pct": null, "poverty_population_base": 4890.0, "poverty_population_base_moe": 760.0, "poverty": 68.0, "poverty_moe": 82.37718130647589, "poverty_pct": 1.3905930470347649, "median_household_income": "166118.0", "median_household_income_moe": "22855.0", "per_capita_income": 61364.0, "per_capita_income_moe": 7247.0, "households": "<NA>", "households_moe": "<NA>", "no_vehicle_households": "<NA>", "no_vehicle_households_moe": "<NA>", "no_vehicle_pct": null, "youth_population_pct": 36.850715746421272, "senior_population_pct": 4.294478527607362, "healthcare_need_score": 29.245474494542766, "healthcare_need_notes": "Relative index averaging min-max normalized uninsured_pct, disability_pct, poverty_pct, no_vehicle_pct, youth_population_pct, and senior_population_pct within the retained Liberty Hill study-area block groups.", "uninsured_pct_numerator": "uninsured", "uninsured_pct_denominator": "civilian_noninstitutionalized_population", "disability_pct_numerator": "disability", "disability_pct_denominator": "disability_population_base", "poverty_pct_numerator": "poverty", "poverty_pct_denominator": "poverty_population_base", "no_vehicle_pct_numerator": "no_vehicle_households", "no_vehicle_pct_denominator": "households", "youth_population_pct_numerator": "under18", "youth_population_pct_denominator": "population", "senior_population_pct_numerator": "age65plus", "senior_population_pct_denominator": "population", "intersects_liberty_hill_city": false, "nearest_any_medical_miles": 3.8082839285251189, "nearest_primary_care_miles": 5.2307753576988949, "nearest_urgent_care_miles": 5.5354952732243747, "nearest_hospital_miles": 3.8082839285251189, "nearest_emergency_miles": 5.489395796538111, "nearest_primary_care_minutes": null, "nearest_urgent_care_minutes": null, "nearest_hospital_minutes": null, "nearest_emergency_minutes": null, "healthcare_access_measure": "Straight-line distance", "healthcare_access_distance_band": "3-5 miles" }, "geometry": { "type": "Polygon", "coordinates": [ [ [ -97.78489, 30.576463 ], [ -97.784636, 30.576614 ], [ -97.784502, 30.576696 ], [ -97.784162, 30.576883 ], [ -97.783894, 30.577061 ], [ -97.78379, 30.577146 ], [ -97.783624, 30.577286 ], [ -97.783505, 30.577394 ], [ -97.783391, 30.5775 ], [ -97.783352, 30.577536 ], [ -97.782983, 30.577878 ], [ -97.782719, 30.578142 ], [ -97.78262, 30.578242 ], [ -97.782239, 30.578662 ], [ -97.782169, 30.578751 ], [ -97.782107, 30.578845 ], [ -97.782054, 30.578944 ], [ -97.782012, 30.579047 ], [ -97.781979, 30.579151 ], [ -97.781831, 30.579746 ], [ -97.781806, 30.579907 ], [ -97.781799, 30.580014 ], [ -97.781805, 30.580174 ], [ -97.781836, 30.580483 ], [ -97.781846, 30.58055 ], [ -97.781837, 30.580621 ], [ -97.78181, 30.580686 ], [ -97.78179, 30.580716 ], [ -97.781739, 30.580771 ], [ -97.781708, 30.580792 ], [ -97.781638, 30.580828 ], [ -97.779996, 30.581347 ], [ -97.778943, 30.581696 ], [ -97.778504, 30.581841 ], [ -97.777193, 30.582238 ], [ -97.77709, 30.582271 ], [ -97.776661, 30.582409 ], [ -97.776548, 30.582434 ], [ -97.77644, 30.582472 ], [ -97.776364, 30.582509 ], [ -97.77634, 30.58252 ], [ -97.776245, 30.582579 ], [ -97.776159, 30.582647 ], [ -97.775517, 30.583224 ], [ -97.772661, 30.5857 ], [ -97.772643, 30.58572 ], [ -97.772632, 30.585741 ], [ -97.772619, 30.585785 ], [ -97.772623, 30.585832 ], [ -97.773238, 30.587263 ], [ -97.773508, 30.587874 ], [ -97.773758, 30.588469 ], [ -97.772734, 30.588752 ], [ -97.772619, 30.588793 ], [ -97.772515, 30.588846 ], [ -97.772072, 30.589143 ], [ -97.771988, 30.589185 ], [ -97.771943, 30.5892 ], [ -97.770888, 30.58945 ], [ -97.770774, 30.589465 ], [ -97.770659, 30.589469 ], [ -97.769813, 30.589374 ], [ -97.769695, 30.589389 ], [ -97.76823, 30.589858 ], [ -97.766258, 30.590475 ], [ -97.765496, 30.590726 ], [ -97.765439, 30.59061 ], [ -97.76478, 30.589041 ], [ -97.764037, 30.587304 ], [ -97.763539, 30.586094 ], [ -97.763095, 30.585056 ], [ -97.762893, 30.584598 ], [ -97.762856, 30.584497 ], [ -97.762834, 30.584394 ], [ -97.762817, 30.584182 ], [ -97.762738, 30.582695 ], [ -97.762733, 30.582239 ], [ -97.762729, 30.582198 ], [ -97.762706, 30.58212 ], [ -97.762671, 30.582043 ], [ -97.762386, 30.581651 ], [ -97.762177, 30.581325 ], [ -97.761689, 30.580466 ], [ -97.761538, 30.580185 ], [ -97.76141, 30.579897 ], [ -97.761344, 30.579668 ], [ -97.76133, 30.579581 ], [ -97.761318, 30.579538 ], [ -97.761281, 30.579457 ], [ -97.76123, 30.579382 ], [ -97.760419, 30.577852 ], [ -97.760389, 30.577808 ], [ -97.760338, 30.577719 ], [ -97.760299, 30.577627 ], [ -97.760269, 30.577531 ], [ -97.760251, 30.577433 ], [ -97.760232, 30.577233 ], [ -97.760211, 30.577134 ], [ -97.760177, 30.577039 ], [ -97.760133, 30.576945 ], [ -97.759554, 30.575165 ], [ -97.759089, 30.575309 ], [ -97.758921, 30.575372 ], [ -97.758812, 30.575421 ], [ -97.758436, 30.575562 ], [ -97.758271, 30.575215 ], [ -97.758081, 30.574764 ], [ -97.758009, 30.574615 ], [ -97.757909, 30.574359 ], [ -97.757832, 30.574097 ], [ -97.757776, 30.57345 ], [ -97.757726, 30.572381 ], [ -97.757779, 30.572364 ], [ -97.757887, 30.57226 ], [ -97.758396, 30.571413 ], [ -97.758472, 30.571171 ], [ -97.758937, 30.570341 ], [ -97.759108, 30.570198 ], [ -97.759922, 30.569797 ], [ -97.760596, 30.569275 ], [ -97.760685, 30.569143 ], [ -97.760723, 30.569 ], [ -97.760666, 30.568758 ], [ -97.760654, 30.568587 ], [ -97.760679, 30.568488 ], [ -97.760762, 30.568373 ], [ -97.760838, 30.568312 ], [ -97.760591, 30.567938 ], [ -97.760432, 30.567786 ], [ -97.760476, 30.567729 ], [ -97.760515, 30.567509 ], [ -97.760585, 30.567256 ], [ -97.76061, 30.567102 ], [ -97.760699, 30.566849 ], [ -97.760737, 30.566679 ], [ -97.760795, 30.566558 ], [ -97.760852, 30.566299 ], [ -97.760801, 30.566156 ], [ -97.760725, 30.566052 ], [ -97.760617, 30.56598 ], [ -97.760484, 30.565793 ], [ -97.760484, 30.565611 ], [ -97.760509, 30.56554 ], [ -97.760579, 30.565452 ], [ -97.760681, 30.56526 ], [ -97.760796, 30.565133 ], [ -97.76112, 30.564902 ], [ -97.761425, 30.564743 ], [ -97.761368, 30.564611 ], [ -97.761374, 30.564534 ], [ -97.761355, 30.564352 ], [ -97.761324, 30.564253 ], [ -97.761279, 30.56416 ], [ -97.761152, 30.563962 ], [ -97.761089, 30.563896 ], [ -97.760962, 30.563797 ], [ -97.760263, 30.563609 ], [ -97.760129, 30.563417 ], [ -97.760085, 30.563345 ], [ -97.760008, 30.563274 ], [ -97.759723, 30.563125 ], [ -97.759653, 30.563059 ], [ -97.759634, 30.563015 ], [ -97.759437, 30.562867 ], [ -97.75931, 30.562823 ], [ -97.759164, 30.562724 ], [ -97.759043, 30.562591 ], [ -97.758795, 30.562459 ], [ -97.758738, 30.562377 ], [ -97.758738, 30.562289 ], [ -97.758706, 30.56225 ], [ -97.758598, 30.562223 ], [ -97.758509, 30.562157 ], [ -97.758439, 30.562052 ], [ -97.758414, 30.56192 ], [ -97.758357, 30.561827 ], [ -97.758268, 30.561761 ], [ -97.758192, 30.561755 ], [ -97.758014, 30.561766 ], [ -97.75769, 30.561854 ], [ -97.75741, 30.562002 ], [ -97.756958, 30.562321 ], [ -97.756621, 30.562651 ], [ -97.756431, 30.562794 ], [ -97.756297, 30.562909 ], [ -97.756138, 30.562898 ], [ -97.755852, 30.562711 ], [ -97.755497, 30.562342 ], [ -97.755274, 30.562029 ], [ -97.755097, 30.561688 ], [ -97.754946, 30.561449 ], [ -97.754912, 30.561396 ], [ -97.754881, 30.561248 ], [ -97.754862, 30.560995 ], [ -97.754837, 30.560892 ], [ -97.754822, 30.56083 ], [ -97.754811, 30.560786 ], [ -97.754824, 30.560681 ], [ -97.754862, 30.56056 ], [ -97.755027, 30.560313 ], [ -97.755193, 30.56017 ], [ -97.755365, 30.56006 ], [ -97.755555, 30.559917 ], [ -97.755714, 30.559768 ], [ -97.755861, 30.559439 ], [ -97.755937, 30.55929 ], [ -97.755971, 30.559084 ], [ -97.755975, 30.559059 ], [ -97.755982, 30.558938 ], [ -97.755968, 30.558736 ], [ -97.755963, 30.558669 ], [ -97.755887, 30.558504 ], [ -97.755779, 30.558119 ], [ -97.755665, 30.557799 ], [ -97.755544, 30.557563 ], [ -97.755271, 30.557145 ], [ -97.755112, 30.556963 ], [ -97.754934, 30.556837 ], [ -97.754579, 30.556737 ], [ -97.754051, 30.556704 ], [ -97.753797, 30.556666 ], [ -97.753619, 30.556671 ], [ -97.753307, 30.556583 ], [ -97.753187, 30.556473 ], [ -97.753117, 30.556341 ], [ -97.753085, 30.556225 ], [ -97.753047, 30.555868 ], [ -97.753079, 30.555769 ], [ -97.75313, 30.555703 ], [ -97.753181, 30.555664 ], [ -97.753223, 30.555518 ], [ -97.753245, 30.555444 ], [ -97.75328, 30.555372 ], [ -97.753315, 30.555301 ], [ -97.753385, 30.555208 ], [ -97.753467, 30.555125 ], [ -97.753601, 30.555038 ], [ -97.753747, 30.554994 ], [ -97.754046, 30.554994 ], [ -97.754167, 30.554922 ], [ -97.754179, 30.554873 ], [ -97.754141, 30.554576 ], [ -97.753964, 30.554086 ], [ -97.75835, 30.552788 ], [ -97.759339, 30.552488 ], [ -97.763462, 30.551222 ], [ -97.763636, 30.551478 ], [ -97.763777, 30.551665 ], [ -97.763974, 30.551872 ], [ -97.764406, 30.552248 ], [ -97.764746, 30.552543 ], [ -97.764977, 30.552745 ], [ -97.76528, 30.553009 ], [ -97.767186, 30.554633 ], [ -97.767483, 30.55492 ], [ -97.767949, 30.555324 ], [ -97.768228, 30.555572 ], [ -97.768466, 30.555779 ], [ -97.768616, 30.55595 ], [ -97.768756, 30.556146 ], [ -97.769118, 30.556762 ], [ -97.769873, 30.558027 ], [ -97.77021, 30.558609 ], [ -97.770712, 30.559468 ], [ -97.770924, 30.559784 ], [ -97.771172, 30.56026 ], [ -97.77154, 30.560886 ], [ -97.771819, 30.561342 ], [ -97.771943, 30.561507 ], [ -97.772099, 30.561714 ], [ -97.772306, 30.561952 ], [ -97.772606, 30.562263 ], [ -97.772792, 30.562439 ], [ -97.772958, 30.562687 ], [ -97.772992, 30.562746 ], [ -97.773015, 30.562786 ], [ -97.773154, 30.563029 ], [ -97.774004, 30.564365 ], [ -97.774104, 30.564521 ], [ -97.774726, 30.565287 ], [ -97.77496, 30.565574 ], [ -97.775495, 30.566263 ], [ -97.776771, 30.567829 ], [ -97.776832, 30.567905 ], [ -97.776955, 30.568055 ], [ -97.777058, 30.568176 ], [ -97.77717, 30.568308 ], [ -97.777214, 30.568355 ], [ -97.777698, 30.568714 ], [ -97.778221, 30.569295 ], [ -97.779188, 30.570395 ], [ -97.780032, 30.571308 ], [ -97.780404, 30.571863 ], [ -97.780474, 30.571993 ], [ -97.780951, 30.573046 ], [ -97.781221, 30.573691 ], [ -97.781231, 30.573906 ], [ -97.781235, 30.574132 ], [ -97.781206, 30.574404 ], [ -97.781141, 30.574886 ], [ -97.781079, 30.575126 ], [ -97.780937, 30.575558 ], [ -97.780811, 30.576118 ], [ -97.780726, 30.576551 ], [ -97.780718, 30.576856 ], [ -97.780742, 30.576926 ], [ -97.780769, 30.577002 ], [ -97.780878, 30.5771 ], [ -97.781155, 30.57717 ], [ -97.781341, 30.577158 ], [ -97.781528, 30.577129 ], [ -97.783114, 30.576682 ], [ -97.783444, 30.57659 ], [ -97.783813, 30.576486 ], [ -97.784333, 30.57634 ], [ -97.784519, 30.576289 ], [ -97.784747, 30.576396 ], [ -97.78489, 30.576463 ] ] ] } },
{ "type": "Feature", "properties": { "GEOID": "484910203312", "NAME": "Block Group 2; Census Tract 203.31; Williamson County; Texas", "state": "48", "county": "491", "tract": "020331", "block group": "2", "population": 2329.0, "population_moe": 1067.0, "area_sq_miles": 0.52167659713174475, "population_density": 4464.4517557528688, "under5": 185.0, "under5_moe": 138.31124321616085, "under18": 624.0, "under18_moe": 294.2210053684135, "age18_64": 1616.0, "age18_64_moe": 523.7938525794284, "age65plus": 89.0, "age65plus_moe": 115.65033506220378, "civilian_noninstitutionalized_population": 2321.0, "civilian_noninstitutionalized_population_moe": 1070.0, "uninsured": 777.0, "uninsured_moe": 598.55743249917134, "uninsured_pct": 33.476949590693664, "disability_population_base": "<NA>", "disability_population_base_moe": "<NA>", "disability": null, "disability_moe": "<NA>", "disability_pct": null, "poverty_population_base": 2329.0, "poverty_population_base_moe": 1067.0, "poverty": 0.0, "poverty_moe": 21.213203435596427, "poverty_pct": 0.0, "median_household_income": "79219.0", "median_household_income_moe": "30547.0", "per_capita_income": 28595.0, "per_capita_income_moe": 5833.0, "households": "<NA>", "households_moe": "<NA>", "no_vehicle_households": "<NA>", "no_vehicle_households_moe": "<NA>", "no_vehicle_pct": null, "youth_population_pct": 26.792614856161446, "senior_population_pct": 3.8213825676255904, "healthcare_need_score": 41.07787145578682, "healthcare_need_notes": "Relative index averaging min-max normalized uninsured_pct, disability_pct, poverty_pct, no_vehicle_pct, youth_population_pct, and senior_population_pct within the retained Liberty Hill study-area block groups.", "uninsured_pct_numerator": "uninsured", "uninsured_pct_denominator": "civilian_noninstitutionalized_population", "disability_pct_numerator": "disability", "disability_pct_denominator": "disability_population_base", "poverty_pct_numerator": "poverty", "poverty_pct_denominator": "poverty_population_base", "no_vehicle_pct_numerator": "no_vehicle_households", "no_vehicle_pct_denominator": "households", "youth_population_pct_numerator": "under18", "youth_population_pct_denominator": "population", "senior_population_pct_numerator": "age65plus", "senior_population_pct_denominator": "population", "intersects_liberty_hill_city": false, "nearest_any_medical_miles": 1.0486091712944496, "nearest_primary_care_miles": 1.5525246928523377, "nearest_urgent_care_miles": 1.0486091712944496, "nearest_hospital_miles": 4.1791260056651423, "nearest_emergency_miles": 1.5350591115367282, "nearest_primary_care_minutes": null, "nearest_urgent_care_minutes": null, "nearest_hospital_minutes": null, "nearest_emergency_minutes": null, "healthcare_access_measure": "Straight-line distance", "healthcare_access_distance_band": "1-3 miles" }, "geometry": { "type": "Polygon", "coordinates": [ [ [ -97.871332, 30.576855 ], [ -97.870876, 30.577001 ], [ -97.870593, 30.577095 ], [ -97.87037, 30.577169 ], [ -97.869491, 30.577461 ], [ -97.868978, 30.577632 ], [ -97.868586, 30.577762 ], [ -97.867711, 30.578053 ], [ -97.864508, 30.579085 ], [ -97.861863, 30.579943 ], [ -97.861513, 30.580052 ], [ -97.861272, 30.580112 ], [ -97.861025, 30.580154 ], [ -97.860766, 30.580184 ], [ -97.86061, 30.580194 ], [ -97.860325, 30.580195 ], [ -97.859993, 30.580179 ], [ -97.859235, 30.5801 ], [ -97.85864, 30.580041 ], [ -97.857018, 30.579882 ], [ -97.856858, 30.579866 ], [ -97.856653, 30.579859 ], [ -97.856418, 30.57986 ], [ -97.856155, 30.579879 ], [ -97.855887, 30.579918 ], [ -97.855697, 30.579956 ], [ -97.855444, 30.580019 ], [ -97.854709, 30.580248 ], [ -97.854061, 30.580462 ], [ -97.85366, 30.580574 ], [ -97.853267, 30.57963 ], [ -97.852857, 30.578679 ], [ -97.852949, 30.578652 ], [ -97.853432, 30.578492 ], [ -97.853919, 30.578325 ], [ -97.854465, 30.578133 ], [ -97.854809, 30.578029 ], [ -97.854871, 30.57801 ], [ -97.855161, 30.577937 ], [ -97.855882, 30.577735 ], [ -97.855633, 30.577097 ], [ -97.855507, 30.576797 ], [ -97.8554, 30.576548 ], [ -97.854937, 30.575421 ], [ -97.854887, 30.575305 ], [ -97.854379, 30.574135 ], [ -97.855408, 30.573736 ], [ -97.859368, 30.572188 ], [ -97.859703, 30.572059 ], [ -97.860006, 30.571943 ], [ -97.86067, 30.571712 ], [ -97.861591, 30.57142 ], [ -97.861984, 30.571294 ], [ -97.862958, 30.571116 ], [ -97.863201, 30.571071 ], [ -97.864027, 30.57092 ], [ -97.864935, 30.570718 ], [ -97.865031, 30.570686 ], [ -97.865308, 30.570589 ], [ -97.865564, 30.570477 ], [ -97.865841, 30.570328 ], [ -97.866251, 30.570056 ], [ -97.8666, 30.569826 ], [ -97.867305, 30.569362 ], [ -97.868123, 30.56884 ], [ -97.868548, 30.569313 ], [ -97.868648, 30.569433 ], [ -97.868783, 30.569595 ], [ -97.869001, 30.56989 ], [ -97.869088, 30.570018 ], [ -97.869105, 30.570052 ], [ -97.869281, 30.570397 ], [ -97.869428, 30.570724 ], [ -97.869693, 30.571313 ], [ -97.869873, 30.571714 ], [ -97.870116, 30.572253 ], [ -97.870228, 30.572502 ], [ -97.870654, 30.573424 ], [ -97.87111, 30.574469 ], [ -97.872035, 30.576629 ], [ -97.871332, 30.576855 ] ] ] } },
{ "type": "Feature", "properties": { "GEOID": "484910206091", "NAME": "Block Group 1; Census Tract 206.09; Williamson County; Texas", "state": "48", "county": "491", "tract": "020609", "block group": "1", "population": 1013.0, "population_moe": 161.0, "area_sq_miles": 0.68804590274001176, "population_density": 1472.2854913689921, "under5": 23.0, "under5_moe": 30.016662039607269, "under18": 226.0, "under18_moe": 106.07544484940895, "age18_64": 608.0, "age18_64_moe": 126.66096478394597, "age65plus": 179.0, "age65plus_moe": 63.411355449950761, "civilian_noninstitutionalized_population": 991.0, "civilian_noninstitutionalized_population_moe": 158.0, "uninsured": 20.0, "uninsured_moe": 29.086079144497972, "uninsured_pct": 2.0181634712411705, "disability_population_base": "<NA>", "disability_population_base_moe": "<NA>", "disability": null, "disability_moe": "<NA>", "disability_pct": null, "poverty_population_base": 1013.0, "poverty_population_base_moe": 161.0, "poverty": 27.0, "poverty_moe": 31.953090617340916, "poverty_pct": 2.6653504442250742, "median_household_income": "198667.0", "median_household_income_moe": "30623.0", "per_capita_income": 76192.0, "per_capita_income_moe": 9419.0, "households": "<NA>", "households_moe": "<NA>", "no_vehicle_households": "<NA>", "no_vehicle_households_moe": "<NA>", "no_vehicle_pct": null, "youth_population_pct": 22.309970384995065, "senior_population_pct": 17.670286278381049, "healthcare_need_score": 21.219933863051253, "healthcare_need_notes": "Relative index averaging min-max normalized uninsured_pct, disability_pct, poverty_pct, no_vehicle_pct, youth_population_pct, and senior_population_pct within the retained Liberty Hill study-area block groups.", "uninsured_pct_numerator": "uninsured", "uninsured_pct_denominator": "civilian_noninstitutionalized_population", "disability_pct_numerator": "disability", "disability_pct_denominator": "disability_population_base", "poverty_pct_numerator": "poverty", "poverty_pct_denominator": "poverty_population_base", "no_vehicle_pct_numerator": "no_vehicle_households", "no_vehicle_pct_denominator": "households", "youth_population_pct_numerator": "under18", "youth_population_pct_denominator": "population", "senior_population_pct_numerator": "age65plus", "senior_population_pct_denominator": "population", "intersects_liberty_hill_city": false, "nearest_any_medical_miles": 4.3810224522377137, "nearest_primary_care_miles": 6.0799831656453831, "nearest_urgent_care_miles": 6.4547089958419157, "nearest_hospital_miles": 4.3810224522377137, "nearest_emergency_miles": 6.402646763544273, "nearest_primary_care_minutes": null, "nearest_urgent_care_minutes": null, "nearest_hospital_minutes": null, "nearest_emergency_minutes": null, "healthcare_access_measure": "Straight-line distance", "healthcare_access_distance_band": "3-5 miles" }, "geometry": { "type": "Polygon", "coordinates": [ [ [ -97.761425, 30.564743 ], [ -97.76112, 30.564902 ], [ -97.760796, 30.565133 ], [ -97.760681, 30.56526 ], [ -97.760579, 30.565452 ], [ -97.760509, 30.56554 ], [ -97.760484, 30.565611 ], [ -97.760484, 30.565793 ], [ -97.760617, 30.56598 ], [ -97.760725, 30.566052 ], [ -97.760801, 30.566156 ], [ -97.760852, 30.566299 ], [ -97.760795, 30.566558 ], [ -97.760737, 30.566679 ], [ -97.760699, 30.566849 ], [ -97.76061, 30.567102 ], [ -97.760585, 30.567256 ], [ -97.760515, 30.567509 ], [ -97.760476, 30.567729 ], [ -97.760432, 30.567786 ], [ -97.760591, 30.567938 ], [ -97.760838, 30.568312 ], [ -97.760762, 30.568373 ], [ -97.760679, 30.568488 ], [ -97.760654, 30.568587 ], [ -97.760666, 30.568758 ], [ -97.760723, 30.569 ], [ -97.760685, 30.569143 ], [ -97.760596, 30.569275 ], [ -97.759922, 30.569797 ], [ -97.759108, 30.570198 ], [ -97.758937, 30.570341 ], [ -97.758472, 30.571171 ], [ -97.758396, 30.571413 ], [ -97.757887, 30.57226 ], [ -97.757779, 30.572364 ], [ -97.757726, 30.572381 ], [ -97.757776, 30.57345 ], [ -97.757832, 30.574097 ], [ -97.757909, 30.574359 ], [ -97.758009, 30.574615 ], [ -97.758081, 30.574764 ], [ -97.758271, 30.575215 ], [ -97.758436, 30.575562 ], [ -97.757423, 30.575941 ], [ -97.757085, 30.576034 ], [ -97.756952, 30.576066 ], [ -97.756158, 30.57625 ], [ -97.755426, 30.576419 ], [ -97.755093, 30.57651 ], [ -97.754786, 30.576594 ], [ -97.754154, 30.576789 ], [ -97.753341, 30.577048 ], [ -97.753026, 30.5763 ], [ -97.75275, 30.575645 ], [ -97.752252, 30.574438 ], [ -97.751872, 30.573926 ], [ -97.751344, 30.573641 ], [ -97.75104, 30.573455 ], [ -97.750815, 30.573252 ], [ -97.750651, 30.573099 ], [ -97.750226, 30.572915 ], [ -97.749942, 30.572782 ], [ -97.749603, 30.572777 ], [ -97.74932, 30.572774 ], [ -97.749038, 30.572675 ], [ -97.748755, 30.572593 ], [ -97.748414, 30.572599 ], [ -97.748212, 30.572515 ], [ -97.748108, 30.572327 ], [ -97.747966, 30.57188 ], [ -97.748042, 30.571529 ], [ -97.748092, 30.571179 ], [ -97.748078, 30.570941 ], [ -97.748049, 30.570783 ], [ -97.747977, 30.570581 ], [ -97.74779, 30.570178 ], [ -97.747702, 30.569975 ], [ -97.747545, 30.569609 ], [ -97.747379, 30.56925 ], [ -97.74733, 30.569144 ], [ -97.747091, 30.568607 ], [ -97.747022, 30.568366 ], [ -97.74697, 30.56808 ], [ -97.746952, 30.567874 ], [ -97.746965, 30.567638 ], [ -97.747011, 30.567397 ], [ -97.747042, 30.567237 ], [ -97.747079, 30.567107 ], [ -97.747175, 30.566853 ], [ -97.747407, 30.566326 ], [ -97.747471, 30.566146 ], [ -97.747492, 30.566053 ], [ -97.747514, 30.565866 ], [ -97.747514, 30.565772 ], [ -97.747471, 30.565417 ], [ -97.747384, 30.565237 ], [ -97.746966, 30.56446 ], [ -97.746911, 30.564333 ], [ -97.746892, 30.564268 ], [ -97.746872, 30.564134 ], [ -97.746884, 30.563522 ], [ -97.746903, 30.562769 ], [ -97.746881, 30.562617 ], [ -97.746782, 30.561926 ], [ -97.746775, 30.561879 ], [ -97.746769, 30.561834 ], [ -97.749626, 30.560982 ], [ -97.750116, 30.560835 ], [ -97.750318, 30.560774 ], [ -97.750805, 30.56063 ], [ -97.752354, 30.560144 ], [ -97.754263, 30.559559 ], [ -97.75466, 30.559642 ], [ -97.754825, 30.559588 ], [ -97.754987, 30.559542 ], [ -97.755304, 30.559431 ], [ -97.75546, 30.559365 ], [ -97.755612, 30.559294 ], [ -97.755761, 30.559216 ], [ -97.755971, 30.559084 ], [ -97.755937, 30.55929 ], [ -97.755861, 30.559439 ], [ -97.755714, 30.559768 ], [ -97.755555, 30.559917 ], [ -97.755365, 30.56006 ], [ -97.755193, 30.56017 ], [ -97.755027, 30.560313 ], [ -97.754862, 30.56056 ], [ -97.754824, 30.560681 ], [ -97.754811, 30.560786 ], [ -97.754822, 30.56083 ], [ -97.754837, 30.560892 ], [ -97.754862, 30.560995 ], [ -97.754881, 30.561248 ], [ -97.754912, 30.561396 ], [ -97.754946, 30.561449 ], [ -97.755097, 30.561688 ], [ -97.755274, 30.562029 ], [ -97.755497, 30.562342 ], [ -97.755852, 30.562711 ], [ -97.756138, 30.562898 ], [ -97.756297, 30.562909 ], [ -97.756431, 30.562794 ], [ -97.756621, 30.562651 ], [ -97.756958, 30.562321 ], [ -97.75741, 30.562002 ], [ -97.75769, 30.561854 ], [ -97.758014, 30.561766 ], [ -97.758192, 30.561755 ], [ -97.758268, 30.561761 ], [ -97.758357, 30.561827 ], [ -97.758414, 30.56192 ], [ -97.758439, 30.562052 ], [ -97.758509, 30.562157 ], [ -97.758598, 30.562223 ], [ -97.758706, 30.56225 ], [ -97.758738, 30.562289 ], [ -97.758738, 30.562377 ], [ -97.758795, 30.562459 ], [ -97.759043, 30.562591 ], [ -97.759164, 30.562724 ], [ -97.75931, 30.562823 ], [ -97.759437, 30.562867 ], [ -97.759634, 30.563015 ], [ -97.759653, 30.563059 ], [ -97.759723, 30.563125 ], [ -97.760008, 30.563274 ], [ -97.760085, 30.563345 ], [ -97.760129, 30.563417 ], [ -97.760263, 30.563609 ], [ -97.760962, 30.563797 ], [ -97.761089, 30.563896 ], [ -97.761152, 30.563962 ], [ -97.761279, 30.56416 ], [ -97.761324, 30.564253 ], [ -97.761355, 30.564352 ], [ -97.761374, 30.564534 ], [ -97.761368, 30.564611 ], [ -97.761425, 30.564743 ] ] ] } },
{ "type": "Feature", "properties": { "GEOID": "484910203321", "NAME": "Block Group 1; Census Tract 203.32; Williamson County; Texas", "state": "48", "county": "491", "tract": "020332", "block group": "1", "population": 1148.0, "population_moe": 454.0, "area_sq_miles": 0.54032926403709547, "population_density": 2124.6304363059371, "under5": 0.0, "under5_moe": 21.213203435596427, "under18": 224.0, "under18_moe": 119.96249413879323, "age18_64": 764.0, "age18_64_moe": 256.02148347355541, "age65plus": 160.0, "age65plus_moe": 95.467271878900988, "civilian_noninstitutionalized_population": 1148.0, "civilian_noninstitutionalized_population_moe": 454.0, "uninsured": 395.0, "uninsured_moe": 230.43220261065943, "uninsured_pct": 34.407665505226483, "disability_population_base": "<NA>", "disability_population_base_moe": "<NA>", "disability": null, "disability_moe": "<NA>", "disability_pct": null, "poverty_population_base": 1148.0, "poverty_population_base_moe": 454.0, "poverty": 0.0, "poverty_moe": 21.213203435596427, "poverty_pct": 0.0, "median_household_income": "91356.0", "median_household_income_moe": "1676.0", "per_capita_income": 44428.0, "per_capita_income_moe": 10944.0, "households": "<NA>", "households_moe": "<NA>", "no_vehicle_households": "<NA>", "no_vehicle_households_moe": "<NA>", "no_vehicle_pct": null, "youth_population_pct": 19.512195121951219, "senior_population_pct": 13.937282229965156, "healthcare_need_score": 40.177700938831379, "healthcare_need_notes": "Relative index averaging min-max normalized uninsured_pct, disability_pct, poverty_pct, no_vehicle_pct, youth_population_pct, and senior_population_pct within the retained Liberty Hill study-area block groups.", "uninsured_pct_numerator": "uninsured", "uninsured_pct_denominator": "civilian_noninstitutionalized_population", "disability_pct_numerator": "disability", "disability_pct_denominator": "disability_population_base", "poverty_pct_numerator": "poverty", "poverty_pct_denominator": "poverty_population_base", "no_vehicle_pct_numerator": "no_vehicle_households", "no_vehicle_pct_denominator": "households", "youth_population_pct_numerator": "under18", "youth_population_pct_denominator": "population", "senior_population_pct_numerator": "age65plus", "senior_population_pct_denominator": "population", "intersects_liberty_hill_city": false, "nearest_any_medical_miles": 0.58210623484237534, "nearest_primary_care_miles": 0.58210623484237534, "nearest_urgent_care_miles": 2.0387586900463441, "nearest_hospital_miles": 2.990109687181655, "nearest_emergency_miles": 2.450812906844714, "nearest_primary_care_minutes": null, "nearest_urgent_care_minutes": null, "nearest_hospital_minutes": null, "nearest_emergency_minutes": null, "healthcare_access_measure": "Straight-line distance", "healthcare_access_distance_band": "0-1 miles" }, "geometry": { "type": "Polygon", "coordinates": [ [ [ -97.860386, 30.558306 ], [ -97.859778, 30.558157 ], [ -97.859664, 30.558278 ], [ -97.859518, 30.558382 ], [ -97.859403, 30.558394 ], [ -97.859302, 30.558383 ], [ -97.859154, 30.558387 ], [ -97.859117, 30.558388 ], [ -97.858986, 30.558433 ], [ -97.858939, 30.558449 ], [ -97.858755, 30.558559 ], [ -97.85852, 30.558718 ], [ -97.857853, 30.558911 ], [ -97.856842, 30.559159 ], [ -97.856353, 30.559297 ], [ -97.856252, 30.559396 ], [ -97.855997, 30.559792 ], [ -97.855826, 30.560133 ], [ -97.855809, 30.560163 ], [ -97.855667, 30.560413 ], [ -97.855604, 30.560507 ], [ -97.85554, 30.560633 ], [ -97.855515, 30.560738 ], [ -97.855521, 30.560826 ], [ -97.855547, 30.560892 ], [ -97.855553, 30.560963 ], [ -97.855521, 30.561095 ], [ -97.855458, 30.561222 ], [ -97.855426, 30.561332 ], [ -97.855426, 30.561414 ], [ -97.855369, 30.561667 ], [ -97.85535, 30.562074 ], [ -97.855287, 30.56241 ], [ -97.85521, 30.562526 ], [ -97.855134, 30.562608 ], [ -97.855033, 30.562674 ], [ -97.854956, 30.56274 ], [ -97.854918, 30.562828 ], [ -97.854912, 30.562944 ], [ -97.854944, 30.563026 ], [ -97.855077, 30.563197 ], [ -97.855287, 30.563312 ], [ -97.855478, 30.563383 ], [ -97.855554, 30.563394 ], [ -97.855656, 30.563427 ], [ -97.855796, 30.563554 ], [ -97.855878, 30.563664 ], [ -97.855891, 30.56379 ], [ -97.855866, 30.563922 ], [ -97.855853, 30.564076 ], [ -97.855861, 30.564106 ], [ -97.855891, 30.564225 ], [ -97.855929, 30.564307 ], [ -97.856025, 30.564368 ], [ -97.856076, 30.564412 ], [ -97.856114, 30.564489 ], [ -97.856146, 30.564648 ], [ -97.85612, 30.56483 ], [ -97.856127, 30.564929 ], [ -97.856089, 30.565143 ], [ -97.856089, 30.565198 ], [ -97.856108, 30.565297 ], [ -97.856095, 30.565352 ], [ -97.856025, 30.565391 ], [ -97.855968, 30.565402 ], [ -97.855822, 30.565402 ], [ -97.855593, 30.565435 ], [ -97.855339, 30.565506 ], [ -97.85511, 30.565611 ], [ -97.855021, 30.565699 ], [ -97.854875, 30.565886 ], [ -97.854767, 30.565996 ], [ -97.854576, 30.56626 ], [ -97.854106, 30.566728 ], [ -97.854043, 30.566832 ], [ -97.854011, 30.56692 ], [ -97.854036, 30.567058 ], [ -97.854005, 30.567168 ], [ -97.853998, 30.567487 ], [ -97.853973, 30.567597 ], [ -97.853922, 30.567674 ], [ -97.853681, 30.568164 ], [ -97.853649, 30.568191 ], [ -97.853624, 30.568263 ], [ -97.853478, 30.568477 ], [ -97.853224, 30.568689 ], [ -97.85324, 30.568427 ], [ -97.853232, 30.568302 ], [ -97.853217, 30.56822 ], [ -97.853192, 30.56814 ], [ -97.85298, 30.567587 ], [ -97.851646, 30.568005 ], [ -97.850149, 30.568472 ], [ -97.849218, 30.568762 ], [ -97.84874, 30.568904 ], [ -97.846425, 30.563303 ], [ -97.844546, 30.558822 ], [ -97.844515, 30.558752 ], [ -97.8443, 30.558273 ], [ -97.844141, 30.557959 ], [ -97.845304, 30.557572 ], [ -97.845849, 30.557391 ], [ -97.847091, 30.556975 ], [ -97.848364, 30.556586 ], [ -97.849696, 30.556179 ], [ -97.850472, 30.555953 ], [ -97.851724, 30.555604 ], [ -97.852888, 30.555228 ], [ -97.853016, 30.555178 ], [ -97.853141, 30.555122 ], [ -97.853335, 30.555016 ], [ -97.853374, 30.554993 ], [ -97.853483, 30.554916 ], [ -97.853586, 30.554836 ], [ -97.853682, 30.554748 ], [ -97.853774, 30.554656 ], [ -97.85413, 30.554198 ], [ -97.854424, 30.553781 ], [ -97.854487, 30.55369 ], [ -97.854547, 30.553605 ], [ -97.854595, 30.553609 ], [ -97.854642, 30.553622 ], [ -97.854702, 30.553652 ], [ -97.854977, 30.553823 ], [ -97.855126, 30.553894 ], [ -97.855462, 30.554012 ], [ -97.8555, 30.554028 ], [ -97.855789, 30.554149 ], [ -97.855879, 30.554178 ], [ -97.855972, 30.5542 ], [ -97.856066, 30.554215 ], [ -97.856163, 30.554223 ], [ -97.856259, 30.554225 ], [ -97.856355, 30.554219 ], [ -97.856451, 30.554206 ], [ -97.856544, 30.554187 ], [ -97.856636, 30.554161 ], [ -97.856951, 30.554044 ], [ -97.857274, 30.553945 ], [ -97.857605, 30.553866 ], [ -97.857748, 30.553838 ], [ -97.857922, 30.554138 ], [ -97.858198, 30.554612 ], [ -97.858287, 30.554756 ], [ -97.858437, 30.554999 ], [ -97.858501, 30.555114 ], [ -97.858887, 30.5558 ], [ -97.858919, 30.555857 ], [ -97.859026, 30.556029 ], [ -97.859442, 30.556734 ], [ -97.859918, 30.557539 ], [ -97.86004, 30.557745 ], [ -97.860386, 30.558306 ] ] ] } },
{ "type": "Feature", "properties": { "GEOID": "484910201202", "NAME": "Block Group 2; Census Tract 201.20; Williamson County; Texas", "state": "48", "county": "491", "tract": "020120", "block group": "2", "population": 2128.0, "population_moe": 528.0, "area_sq_miles": 2.8858302067197181, "population_density": 737.39612089613104, "under5": 289.0, "under5_moe": 157.0, "under18": 459.0, "under18_moe": 175.09711591000007, "age18_64": 1535.0, "age18_64_moe": 309.94515643900615, "age65plus": 134.0, "age65plus_moe": 76.046038687100591, "civilian_noninstitutionalized_population": 2128.0, "civilian_noninstitutionalized_population_moe": 528.0, "uninsured": 46.0, "uninsured_moe": 55.740470037487128, "uninsured_pct": 2.1616541353383458, "disability_population_base": "<NA>", "disability_population_base_moe": "<NA>", "disability": null, "disability_moe": "<NA>", "disability_pct": null, "poverty_population_base": 2128.0, "poverty_population_base_moe": 528.0, "poverty": 17.0, "poverty_moe": 30.886890422961002, "poverty_pct": 0.79887218045112773, "median_household_income": "172969.0", "median_household_income_moe": "41092.0", "per_capita_income": 69731.0, "per_capita_income_moe": 11913.0, "households": "<NA>", "households_moe": "<NA>", "no_vehicle_households": "<NA>", "no_vehicle_households_moe": "<NA>", "no_vehicle_pct": null, "youth_population_pct": 21.569548872180452, "senior_population_pct": 6.2969924812030076, "healthcare_need_score": 16.361623704111501, "healthcare_need_notes": "Relative index averaging min-max normalized uninsured_pct, disability_pct, poverty_pct, no_vehicle_pct, youth_population_pct, and senior_population_pct within the retained Liberty Hill study-area block groups.", "uninsured_pct_numerator": "uninsured", "uninsured_pct_denominator": "civilian_noninstitutionalized_population", "disability_pct_numerator": "disability", "disability_pct_denominator": "disability_population_base", "poverty_pct_numerator": "poverty", "poverty_pct_denominator": "poverty_population_base", "no_vehicle_pct_numerator": "no_vehicle_households", "no_vehicle_pct_denominator": "households", "youth_population_pct_numerator": "under18", "youth_population_pct_denominator": "population", "senior_population_pct_numerator": "age65plus", "senior_population_pct_denominator": "population", "intersects_liberty_hill_city": false, "nearest_any_medical_miles": 3.2263701234519226, "nearest_primary_care_miles": 3.2263701234519226, "nearest_urgent_care_miles": 4.1132029486938917, "nearest_hospital_miles": 8.8138141236773837, "nearest_emergency_miles": 5.3647156992294249, "nearest_primary_care_minutes": null, "nearest_urgent_care_minutes": null, "nearest_hospital_minutes": null, "nearest_emergency_minutes": null, "healthcare_access_measure": "Straight-line distance", "healthcare_access_distance_band": "3-5 miles" }, "geometry": { "type": "Polygon", "coordinates": [ [ [ -97.84361, 30.684856 ], [ -97.843022, 30.685423 ], [ -97.84258, 30.685586 ], [ -97.842079, 30.685798 ], [ -97.842002, 30.685831 ], [ -97.840892, 30.686036 ], [ -97.840233, 30.686083 ], [ -97.840184, 30.686075 ], [ -97.839904, 30.686029 ], [ -97.838955, 30.685106 ], [ -97.838701, 30.684974 ], [ -97.838243, 30.684949 ], [ -97.837647, 30.685255 ], [ -97.837429, 30.685418 ], [ -97.837048, 30.685703 ], [ -97.836278, 30.686188 ], [ -97.835216, 30.686739 ], [ -97.834157, 30.684484 ], [ -97.833555, 30.683763 ], [ -97.83323, 30.683497 ], [ -97.833178, 30.683454 ], [ -97.832597, 30.683189 ], [ -97.831942, 30.682986 ], [ -97.831387, 30.682812 ], [ -97.829931, 30.682341 ], [ -97.829265, 30.682125 ], [ -97.828013, 30.681733 ], [ -97.827549, 30.681336 ], [ -97.826552, 30.681105 ], [ -97.824988, 30.680646 ], [ -97.824696, 30.680394 ], [ -97.82459, 30.680211 ], [ -97.824616, 30.679203 ], [ -97.82451, 30.679134 ], [ -97.824139, 30.679203 ], [ -97.823794, 30.679065 ], [ -97.823052, 30.678446 ], [ -97.821859, 30.678217 ], [ -97.821063, 30.677576 ], [ -97.82048, 30.67737 ], [ -97.819844, 30.677347 ], [ -97.819048, 30.677805 ], [ -97.818624, 30.677965 ], [ -97.8182, 30.677988 ], [ -97.817908, 30.677759 ], [ -97.817352, 30.676797 ], [ -97.816556, 30.676109 ], [ -97.81653, 30.675788 ], [ -97.816609, 30.675628 ], [ -97.817245, 30.675307 ], [ -97.817484, 30.674826 ], [ -97.817988, 30.674528 ], [ -97.817988, 30.674253 ], [ -97.817537, 30.674161 ], [ -97.817511, 30.673886 ], [ -97.81767, 30.673703 ], [ -97.817643, 30.673313 ], [ -97.817113, 30.672855 ], [ -97.816927, 30.672442 ], [ -97.816609, 30.672259 ], [ -97.816264, 30.672213 ], [ -97.816052, 30.671961 ], [ -97.815973, 30.671182 ], [ -97.815761, 30.670999 ], [ -97.8156, 30.67049 ], [ -97.815522, 30.670242 ], [ -97.815177, 30.669944 ], [ -97.813878, 30.670036 ], [ -97.812951, 30.670494 ], [ -97.81242, 30.670632 ], [ -97.812102, 30.67054 ], [ -97.81189, 30.67038 ], [ -97.811784, 30.670174 ], [ -97.811758, 30.669097 ], [ -97.811652, 30.668708 ], [ -97.81136, 30.668181 ], [ -97.810671, 30.667539 ], [ -97.810278, 30.667425 ], [ -97.810077, 30.667368 ], [ -97.809933, 30.666929 ], [ -97.809765, 30.666584 ], [ -97.809688, 30.666467 ], [ -97.809649, 30.666236 ], [ -97.809561, 30.666047 ], [ -97.809429, 30.665702 ], [ -97.80918, 30.66524 ], [ -97.808789, 30.664441 ], [ -97.808731, 30.664284 ], [ -97.808672, 30.66409 ], [ -97.808527, 30.663777 ], [ -97.80829, 30.663332 ], [ -97.808109, 30.663045 ], [ -97.807957, 30.662632 ], [ -97.807828, 30.662409 ], [ -97.807627, 30.662015 ], [ -97.807582, 30.66191 ], [ -97.807456, 30.661619 ], [ -97.807352, 30.661341 ], [ -97.807321, 30.66126 ], [ -97.807138, 30.660773 ], [ -97.807262, 30.660717 ], [ -97.807534, 30.660668 ], [ -97.808292, 30.660361 ], [ -97.808901, 30.66016 ], [ -97.810336, 30.659707 ], [ -97.811249, 30.659417 ], [ -97.811285, 30.659374 ], [ -97.811322, 30.659224 ], [ -97.811352, 30.659132 ], [ -97.811389, 30.659061 ], [ -97.811452, 30.658999 ], [ -97.811531, 30.658936 ], [ -97.811626, 30.658893 ], [ -97.811882, 30.658773 ], [ -97.812528, 30.65859 ], [ -97.813687, 30.658264 ], [ -97.814694, 30.657868 ], [ -97.815342, 30.657704 ], [ -97.815579, 30.657646 ], [ -97.815883, 30.657617 ], [ -97.817024, 30.657271 ], [ -97.817183, 30.65722 ], [ -97.817287, 30.657215 ], [ -97.817355, 30.657225 ], [ -97.817403, 30.65725 ], [ -97.817445, 30.65728 ], [ -97.817585, 30.657548 ], [ -97.817673, 30.657783 ], [ -97.817863, 30.658217 ], [ -97.817907, 30.658289 ], [ -97.817959, 30.658324 ], [ -97.818012, 30.658355 ], [ -97.818073, 30.658358 ], [ -97.818127, 30.658364 ], [ -97.818187, 30.658364 ], [ -97.818748, 30.658199 ], [ -97.820039, 30.657802 ], [ -97.820948, 30.657532 ], [ -97.822328, 30.657113 ], [ -97.82404, 30.656577 ], [ -97.824144, 30.656537 ], [ -97.824212, 30.656528 ], [ -97.82427, 30.656536 ], [ -97.824333, 30.656566 ], [ -97.824372, 30.656629 ], [ -97.824429, 30.656737 ], [ -97.824474, 30.656784 ], [ -97.82453, 30.656811 ], [ -97.82459, 30.656807 ], [ -97.825029, 30.65668 ], [ -97.825968, 30.656396 ], [ -97.827107, 30.656047 ], [ -97.829169, 30.655417 ], [ -97.832635, 30.654364 ], [ -97.834254, 30.653886 ], [ -97.835784, 30.653436 ], [ -97.836403, 30.653248 ], [ -97.836721, 30.653142 ], [ -97.836822, 30.653295 ], [ -97.836938, 30.653476 ], [ -97.837051, 30.653656 ], [ -97.837271, 30.654016 ], [ -97.837377, 30.654195 ], [ -97.837483, 30.654374 ], [ -97.837585, 30.654552 ], [ -97.837686, 30.654732 ], [ -97.837784, 30.654913 ], [ -97.837973, 30.655276 ], [ -97.838065, 30.655457 ], [ -97.838153, 30.655637 ], [ -97.838324, 30.656 ], [ -97.838484, 30.656364 ], [ -97.838638, 30.656731 ], [ -97.838788, 30.6571 ], [ -97.83893, 30.657472 ], [ -97.839066, 30.65785 ], [ -97.839192, 30.658235 ], [ -97.839251, 30.65843 ], [ -97.839309, 30.658627 ], [ -97.839324, 30.658679 ], [ -97.83936, 30.658806 ], [ -97.839366, 30.658825 ], [ -97.839421, 30.659025 ], [ -97.839474, 30.659225 ], [ -97.839526, 30.659426 ], [ -97.839543, 30.659495 ], [ -97.839575, 30.659626 ], [ -97.839622, 30.659826 ], [ -97.839665, 30.660026 ], [ -97.839707, 30.660225 ], [ -97.839747, 30.660422 ], [ -97.839785, 30.660618 ], [ -97.83982, 30.660813 ], [ -97.839852, 30.661005 ], [ -97.839881, 30.661195 ], [ -97.839907, 30.661383 ], [ -97.839953, 30.661751 ], [ -97.839996, 30.662107 ], [ -97.840032, 30.662448 ], [ -97.840062, 30.662724 ], [ -97.840059, 30.662769 ], [ -97.840069, 30.662923 ], [ -97.840085, 30.663212 ], [ -97.840093, 30.663346 ], [ -97.8401, 30.663492 ], [ -97.840098, 30.66355 ], [ -97.840101, 30.663721 ], [ -97.840102, 30.663769 ], [ -97.840103, 30.663986 ], [ -97.840104, 30.664202 ], [ -97.840105, 30.664417 ], [ -97.840108, 30.664632 ], [ -97.84011, 30.664846 ], [ -97.840111, 30.665059 ], [ -97.840111, 30.665273 ], [ -97.84011, 30.665488 ], [ -97.84011, 30.665703 ], [ -97.840108, 30.665919 ], [ -97.840105, 30.666136 ], [ -97.840101, 30.666355 ], [ -97.840098, 30.666577 ], [ -97.840096, 30.666801 ], [ -97.840095, 30.667027 ], [ -97.840095, 30.667257 ], [ -97.840095, 30.667487 ], [ -97.840094, 30.667715 ], [ -97.840093, 30.667939 ], [ -97.840092, 30.668161 ], [ -97.840092, 30.668379 ], [ -97.840091, 30.668595 ], [ -97.840091, 30.668806 ], [ -97.840091, 30.669016 ], [ -97.840092, 30.669224 ], [ -97.840092, 30.669429 ], [ -97.840092, 30.669631 ], [ -97.840093, 30.669829 ], [ -97.840092, 30.670026 ], [ -97.840091, 30.670221 ], [ -97.840091, 30.670267 ], [ -97.840097, 30.670413 ], [ -97.840104, 30.670604 ], [ -97.840106, 30.670651 ], [ -97.840084, 30.671681 ], [ -97.840121, 30.672757 ], [ -97.840129, 30.672962 ], [ -97.840145, 30.673356 ], [ -97.840523, 30.675876 ], [ -97.840525, 30.675921 ], [ -97.840621, 30.676277 ], [ -97.840982, 30.677515 ], [ -97.84112, 30.678058 ], [ -97.841386, 30.678705 ], [ -97.841638, 30.679453 ], [ -97.842106, 30.680799 ], [ -97.842763, 30.682605 ], [ -97.843338, 30.684038 ], [ -97.843364, 30.684113 ], [ -97.84339, 30.684187 ], [ -97.843418, 30.684265 ], [ -97.843444, 30.684346 ], [ -97.843488, 30.684503 ], [ -97.843513, 30.684582 ], [ -97.843567, 30.684742 ], [ -97.843593, 30.684816 ], [ -97.84361, 30.684856 ] ] ] } },
{ "type": "Feature", "properties": { "GEOID": "484910203373", "NAME": "Block Group 3; Census Tract 203.37; Williamson County; Texas", "state": "48", "county": "491", "tract": "020337", "block group": "3", "population": 2031.0, "population_moe": 625.0, "area_sq_miles": 0.42671577203093997, "population_density": 4759.6084633420533, "under5": 82.0, "under5_moe": 81.394102980498531, "under18": 408.0, "under18_moe": 220.11133546457802, "age18_64": 1338.0, "age18_64_moe": 292.10100992636092, "age65plus": 285.0, "age65plus_moe": 102.93687385966217, "civilian_noninstitutionalized_population": 2031.0, "civilian_noninstitutionalized_population_moe": 625.0, "uninsured": 101.0, "uninsured_moe": 69.771054170049638, "uninsured_pct": 4.9729197439684878, "disability_population_base": "<NA>", "disability_population_base_moe": "<NA>", "disability": null, "disability_moe": "<NA>", "disability_pct": null, "poverty_population_base": 2022.0, "poverty_population_base_moe": 625.0, "poverty": 32.0, "poverty_moe": 40.853396431630991, "poverty_pct": 1.5825914935707219, "median_household_income": "161339.0", "median_household_income_moe": "24809.0", "per_capita_income": 50512.0, "per_capita_income_moe": 7885.0, "households": "<NA>", "households_moe": "<NA>", "no_vehicle_households": "<NA>", "no_vehicle_households_moe": "<NA>", "no_vehicle_pct": null, "youth_population_pct": 20.088626292466767, "senior_population_pct": 14.032496307237812, "healthcare_need_score": 20.234589661261065, "healthcare_need_notes": "Relative index averaging min-max normalized uninsured_pct, disability_pct, poverty_pct, no_vehicle_pct, youth_population_pct, and senior_population_pct within the retained Liberty Hill study-area block groups.", "uninsured_pct_numerator": "uninsured", "uninsured_pct_denominator": "civilian_noninstitutionalized_population", "disability_pct_numerator": "disability", "disability_pct_denominator": "disability_population_base", "poverty_pct_numerator": "poverty", "poverty_pct_denominator": "poverty_population_base", "no_vehicle_pct_numerator": "no_vehicle_households", "no_vehicle_pct_denominator": "households", "youth_population_pct_numerator": "under18", "youth_population_pct_denominator": "population", "senior_population_pct_numerator": "age65plus", "senior_population_pct_denominator": "population", "intersects_liberty_hill_city": false, "nearest_any_medical_miles": 0.63044192880256433, "nearest_primary_care_miles": 0.63044192880256433, "nearest_urgent_care_miles": 3.1011545593125245, "nearest_hospital_miles": 2.7647970783921458, "nearest_emergency_miles": 3.5575746630002327, "nearest_primary_care_minutes": null, "nearest_urgent_care_minutes": null, "nearest_hospital_minutes": null, "nearest_emergency_minutes": null, "healthcare_access_measure": "Straight-line distance", "healthcare_access_distance_band": "0-1 miles" }, "geometry": { "type": "Polygon", "coordinates": [ [ [ -97.864485, 30.545374 ], [ -97.863432, 30.545696 ], [ -97.862618, 30.545954 ], [ -97.862473, 30.545981 ], [ -97.862241, 30.546036 ], [ -97.861683, 30.546222 ], [ -97.86101, 30.546418 ], [ -97.860302, 30.546638 ], [ -97.860004, 30.54672 ], [ -97.859776, 30.546796 ], [ -97.859472, 30.546914 ], [ -97.859081, 30.547097 ], [ -97.858884, 30.547219 ], [ -97.858701, 30.547353 ], [ -97.858529, 30.547502 ], [ -97.858371, 30.547658 ], [ -97.858314, 30.547721 ], [ -97.857486, 30.548643 ], [ -97.857127, 30.549017 ], [ -97.856669, 30.549622 ], [ -97.856449, 30.549964 ], [ -97.856248, 30.550319 ], [ -97.855918, 30.550981 ], [ -97.855747, 30.551274 ], [ -97.855624, 30.551464 ], [ -97.85549, 30.551639 ], [ -97.854674, 30.551039 ], [ -97.8542, 30.55064 ], [ -97.854063, 30.550506 ], [ -97.854022, 30.550466 ], [ -97.853911, 30.550342 ], [ -97.853857, 30.550283 ], [ -97.853706, 30.550089 ], [ -97.853564, 30.549863 ], [ -97.853354, 30.549501 ], [ -97.85302, 30.54878 ], [ -97.852969, 30.548678 ], [ -97.852418, 30.547574 ], [ -97.852354, 30.547442 ], [ -97.851957, 30.546622 ], [ -97.851733, 30.546111 ], [ -97.85144, 30.545373 ], [ -97.851229, 30.544798 ], [ -97.850863, 30.543957 ], [ -97.850266, 30.542477 ], [ -97.849927, 30.541668 ], [ -97.850109, 30.541619 ], [ -97.850445, 30.541528 ], [ -97.850719, 30.541435 ], [ -97.850962, 30.541409 ], [ -97.851236, 30.541389 ], [ -97.851508, 30.54133 ], [ -97.852065, 30.541174 ], [ -97.852101, 30.541163 ], [ -97.852486, 30.541035 ], [ -97.853009, 30.54086 ], [ -97.85385, 30.540602 ], [ -97.853927, 30.540579 ], [ -97.854715, 30.5403 ], [ -97.854734, 30.540294 ], [ -97.854847, 30.540261 ], [ -97.855582, 30.540047 ], [ -97.856471, 30.539756 ], [ -97.856618, 30.539708 ], [ -97.857402, 30.539455 ], [ -97.857556, 30.539406 ], [ -97.858258, 30.539187 ], [ -97.859171, 30.538897 ], [ -97.860038, 30.538615 ], [ -97.861572, 30.53814 ], [ -97.861601, 30.538224 ], [ -97.86166, 30.538389 ], [ -97.861726, 30.538497 ], [ -97.861812, 30.538709 ], [ -97.861859, 30.538821 ], [ -97.861954, 30.539059 ], [ -97.862005, 30.539183 ], [ -97.862108, 30.539441 ], [ -97.862161, 30.539573 ], [ -97.862268, 30.539838 ], [ -97.86238, 30.540108 ], [ -97.862436, 30.540241 ], [ -97.862491, 30.540373 ], [ -97.862546, 30.540505 ], [ -97.8626, 30.540639 ], [ -97.862654, 30.540774 ], [ -97.862708, 30.540911 ], [ -97.862782, 30.541103 ], [ -97.862816, 30.54119 ], [ -97.862871, 30.541331 ], [ -97.862985, 30.541614 ], [ -97.863041, 30.541755 ], [ -97.863154, 30.542033 ], [ -97.863212, 30.54217 ], [ -97.863238, 30.542233 ], [ -97.863323, 30.542433 ], [ -97.863376, 30.542563 ], [ -97.86348, 30.542823 ], [ -97.863533, 30.542956 ], [ -97.863641, 30.54323 ], [ -97.863698, 30.543369 ], [ -97.863724, 30.543431 ], [ -97.864081, 30.544258 ], [ -97.864358, 30.544932 ], [ -97.864485, 30.545374 ] ] ] } },
{ "type": "Feature", "properties": { "GEOID": "484910203542", "NAME": "Block Group 2; Census Tract 203.54; Williamson County; Texas", "state": "48", "county": "491", "tract": "020354", "block group": "2", "population": 1513.0, "population_moe": 323.0, "area_sq_miles": 0.34939842335217419, "population_density": 4330.3000210592827, "under5": 0.0, "under5_moe": 21.213203435596427, "under18": 226.0, "under18_moe": 100.64790112068906, "age18_64": 1130.0, "age18_64_moe": 218.1215257602972, "age65plus": 157.0, "age65plus_moe": 95.692214939356489, "civilian_noninstitutionalized_population": 1513.0, "civilian_noninstitutionalized_population_moe": 323.0, "uninsured": 98.0, "uninsured_moe": 109.59014554237986, "uninsured_pct": 6.4771976206212818, "disability_population_base": "<NA>", "disability_population_base_moe": "<NA>", "disability": null, "disability_moe": "<NA>", "disability_pct": null, "poverty_population_base": 1513.0, "poverty_population_base_moe": 323.0, "poverty": 211.0, "poverty_moe": 167.91962362987834, "poverty_pct": 13.945803040317251, "median_household_income": "135380.0", "median_household_income_moe": "63086.0", "per_capita_income": 47553.0, "per_capita_income_moe": 11566.0, "households": "<NA>", "households_moe": "<NA>", "no_vehicle_households": "<NA>", "no_vehicle_households_moe": "<NA>", "no_vehicle_pct": null, "youth_population_pct": 14.937210839391938, "senior_population_pct": 10.37673496364838, "healthcare_need_score": 25.416767668923448, "healthcare_need_notes": "Relative index averaging min-max normalized uninsured_pct, disability_pct, poverty_pct, no_vehicle_pct, youth_population_pct, and senior_population_pct within the retained Liberty Hill study-area block groups.", "uninsured_pct_numerator": "uninsured", "uninsured_pct_denominator": "civilian_noninstitutionalized_population", "disability_pct_numerator": "disability", "disability_pct_denominator": "disability_population_base", "poverty_pct_numerator": "poverty", "poverty_pct_denominator": "poverty_population_base", "no_vehicle_pct_numerator": "no_vehicle_households", "no_vehicle_pct_denominator": "households", "youth_population_pct_numerator": "under18", "youth_population_pct_denominator": "population", "senior_population_pct_numerator": "age65plus", "senior_population_pct_denominator": "population", "intersects_liberty_hill_city": false, "nearest_any_medical_miles": 2.3370564405969181, "nearest_primary_care_miles": 2.3370564405969181, "nearest_urgent_care_miles": 4.8360658968924604, "nearest_hospital_miles": 2.6486121998567138, "nearest_emergency_miles": 5.2895464325954666, "nearest_primary_care_minutes": null, "nearest_urgent_care_minutes": null, "nearest_hospital_minutes": null, "nearest_emergency_minutes": null, "healthcare_access_measure": "Straight-line distance", "healthcare_access_distance_band": "1-3 miles" }, "geometry": { "type": "Polygon", "coordinates": [ [ [ -97.860921, 30.51593 ], [ -97.860836, 30.516047 ], [ -97.860679, 30.51621 ], [ -97.860584, 30.516265 ], [ -97.860485, 30.516332 ], [ -97.86028, 30.516439 ], [ -97.859868, 30.516622 ], [ -97.859738, 30.51668 ], [ -97.859344, 30.516796 ], [ -97.859122, 30.516833 ], [ -97.85829, 30.516928 ], [ -97.858437, 30.517672 ], [ -97.858677, 30.518071 ], [ -97.858764, 30.518263 ], [ -97.858815, 30.518351 ], [ -97.859116, 30.519045 ], [ -97.859341, 30.519533 ], [ -97.859467, 30.519889 ], [ -97.859475, 30.520147 ], [ -97.859393, 30.520945 ], [ -97.859266, 30.521706 ], [ -97.859514, 30.52244 ], [ -97.859713, 30.522768 ], [ -97.859932, 30.523413 ], [ -97.860114, 30.524217 ], [ -97.860146, 30.524301 ], [ -97.860383, 30.524927 ], [ -97.860609, 30.52543 ], [ -97.858517, 30.526106 ], [ -97.857932, 30.526295 ], [ -97.857057, 30.526569 ], [ -97.855475, 30.527064 ], [ -97.855355, 30.527102 ], [ -97.855002, 30.526226 ], [ -97.854584, 30.525174 ], [ -97.854132, 30.524139 ], [ -97.854009, 30.523853 ], [ -97.853954, 30.52367 ], [ -97.85395, 30.52355 ], [ -97.85394, 30.523199 ], [ -97.853981, 30.522463 ], [ -97.853988, 30.521927 ], [ -97.853971, 30.521521 ], [ -97.853833, 30.521174 ], [ -97.853737, 30.520916 ], [ -97.852444, 30.517864 ], [ -97.851643, 30.515976 ], [ -97.851019, 30.514503 ], [ -97.851147, 30.514462 ], [ -97.851685, 30.514291 ], [ -97.852471, 30.514039 ], [ -97.853504, 30.513708 ], [ -97.85762, 30.512389 ], [ -97.85795, 30.512283 ], [ -97.858064, 30.512476 ], [ -97.858484, 30.513184 ], [ -97.858917, 30.513934 ], [ -97.859089, 30.514241 ], [ -97.859261, 30.514547 ], [ -97.859406, 30.514806 ], [ -97.859559, 30.514963 ], [ -97.859686, 30.515094 ], [ -97.859839, 30.515186 ], [ -97.860065, 30.515323 ], [ -97.860458, 30.515527 ], [ -97.861011, 30.515809 ], [ -97.860921, 30.51593 ] ] ] } },
{ "type": "Feature", "properties": { "GEOID": "484910203511", "NAME": "Block Group 1; Census Tract 203.51; Williamson County; Texas", "state": "48", "county": "491", "tract": "020351", "block group": "1", "population": 1062.0, "population_moe": 291.0, "area_sq_miles": 0.40494998398684762, "population_density": 2622.5460970372401, "under5": 8.0, "under5_moe": 21.213203435596427, "under18": 228.0, "under18_moe": 108.6922260329597, "age18_64": 680.0, "age18_64_moe": 190.99738218101317, "age65plus": 154.0, "age65plus_moe": 73.824115301166998, "civilian_noninstitutionalized_population": 1051.0, "civilian_noninstitutionalized_population_moe": 291.0, "uninsured": 141.0, "uninsured_moe": 98.249681933327395, "uninsured_pct": 13.415794481446241, "disability_population_base": "<NA>", "disability_population_base_moe": "<NA>", "disability": null, "disability_moe": "<NA>", "disability_pct": null, "poverty_population_base": 1062.0, "poverty_population_base_moe": 291.0, "poverty": 16.0, "poverty_moe": 16.763054614240211, "poverty_pct": 1.5065913370998116, "median_household_income": "123750.0", "median_household_income_moe": "37682.0", "per_capita_income": 51218.0, "per_capita_income_moe": 13518.0, "households": "<NA>", "households_moe": "<NA>", "no_vehicle_households": "<NA>", "no_vehicle_households_moe": "<NA>", "no_vehicle_pct": null, "youth_population_pct": 21.468926553672315, "senior_population_pct": 14.500941619585687, "healthcare_need_score": 27.299820632297497, "healthcare_need_notes": "Relative index averaging min-max normalized uninsured_pct, disability_pct, poverty_pct, no_vehicle_pct, youth_population_pct, and senior_population_pct within the retained Liberty Hill study-area block groups.", "uninsured_pct_numerator": "uninsured", "uninsured_pct_denominator": "civilian_noninstitutionalized_population", "disability_pct_numerator": "disability", "disability_pct_denominator": "disability_population_base", "poverty_pct_numerator": "poverty", "poverty_pct_denominator": "poverty_population_base", "no_vehicle_pct_numerator": "no_vehicle_households", "no_vehicle_pct_denominator": "households", "youth_population_pct_numerator": "under18", "youth_population_pct_denominator": "population", "senior_population_pct_numerator": "age65plus", "senior_population_pct_denominator": "population", "intersects_liberty_hill_city": false, "nearest_any_medical_miles": 1.2932583984818966, "nearest_primary_care_miles": 1.2932583984818966, "nearest_urgent_care_miles": 3.3889977040671866, "nearest_hospital_miles": 1.5790490811123801, "nearest_emergency_miles": 3.7421850670696117, "nearest_primary_care_minutes": null, "nearest_urgent_care_minutes": null, "nearest_hospital_minutes": null, "nearest_emergency_minutes": null, "healthcare_access_measure": "Straight-line distance", "healthcare_access_distance_band": "1-3 miles" }, "geometry": { "type": "Polygon", "coordinates": [ [ [ -97.841787, 30.548216 ], [ -97.841534, 30.548189 ], [ -97.841318, 30.548204 ], [ -97.840668, 30.548344 ], [ -97.84019, 30.548528 ], [ -97.839808, 30.548603 ], [ -97.839623, 30.548685 ], [ -97.839471, 30.548766 ], [ -97.839238, 30.548732 ], [ -97.839029, 30.548809 ], [ -97.838924, 30.54879 ], [ -97.838809, 30.54879 ], [ -97.838714, 30.548812 ], [ -97.838511, 30.548895 ], [ -97.837405, 30.549269 ], [ -97.834431, 30.550205 ], [ -97.833383, 30.550557 ], [ -97.832232, 30.550903 ], [ -97.831819, 30.551069 ], [ -97.831654, 30.551118 ], [ -97.831483, 30.551157 ], [ -97.831269, 30.551194 ], [ -97.831101, 30.551223 ], [ -97.831019, 30.551245 ], [ -97.830932, 30.551216 ], [ -97.830885, 30.551201 ], [ -97.830714, 30.551173 ], [ -97.830676, 30.55114 ], [ -97.830656, 30.551036 ], [ -97.830631, 30.550981 ], [ -97.830599, 30.550959 ], [ -97.830517, 30.550942 ], [ -97.830218, 30.550948 ], [ -97.830015, 30.550931 ], [ -97.829881, 30.550909 ], [ -97.829709, 30.550865 ], [ -97.829373, 30.550821 ], [ -97.829169, 30.550832 ], [ -97.828998, 30.550865 ], [ -97.828718, 30.550887 ], [ -97.828591, 30.550887 ], [ -97.828235, 30.550942 ], [ -97.828108, 30.550975 ], [ -97.827695, 30.550981 ], [ -97.827466, 30.550959 ], [ -97.827358, 30.550965 ], [ -97.827091, 30.550937 ], [ -97.827199, 30.550866 ], [ -97.827282, 30.550833 ], [ -97.827377, 30.550805 ], [ -97.82772, 30.550755 ], [ -97.827803, 30.550728 ], [ -97.828076, 30.550601 ], [ -97.82821, 30.550519 ], [ -97.828419, 30.550442 ], [ -97.828566, 30.550343 ], [ -97.828851, 30.550013 ], [ -97.828902, 30.549903 ], [ -97.828909, 30.549716 ], [ -97.828896, 30.549628 ], [ -97.828858, 30.549474 ], [ -97.828762, 30.54927 ], [ -97.828724, 30.549072 ], [ -97.828667, 30.548924 ], [ -97.828602, 30.548845 ], [ -97.828559, 30.548792 ], [ -97.828368, 30.548627 ], [ -97.828324, 30.548561 ], [ -97.828349, 30.548324 ], [ -97.828356, 30.548132 ], [ -97.82833, 30.547994 ], [ -97.828279, 30.54789 ], [ -97.828184, 30.54778 ], [ -97.828146, 30.547686 ], [ -97.828063, 30.547307 ], [ -97.828019, 30.547147 ], [ -97.827999, 30.54696 ], [ -97.827999, 30.54685 ], [ -97.828025, 30.546361 ], [ -97.828057, 30.546152 ], [ -97.828088, 30.546091 ], [ -97.828145, 30.546009 ], [ -97.828209, 30.545954 ], [ -97.828342, 30.545888 ], [ -97.828387, 30.545882 ], [ -97.828558, 30.545888 ], [ -97.828622, 30.545921 ], [ -97.828876, 30.545882 ], [ -97.829073, 30.545827 ], [ -97.829213, 30.545734 ], [ -97.829359, 30.545651 ], [ -97.829467, 30.545574 ], [ -97.829543, 30.545497 ], [ -97.829575, 30.545437 ], [ -97.829728, 30.545365 ], [ -97.829963, 30.5452 ], [ -97.830255, 30.545013 ], [ -97.830401, 30.544936 ], [ -97.830693, 30.544562 ], [ -97.830795, 30.544392 ], [ -97.830948, 30.544194 ], [ -97.831081, 30.543962 ], [ -97.831214, 30.543693 ], [ -97.831316, 30.543539 ], [ -97.831443, 30.543291 ], [ -97.831786, 30.542961 ], [ -97.831913, 30.542851 ], [ -97.832142, 30.542675 ], [ -97.832326, 30.542582 ], [ -97.832434, 30.542494 ], [ -97.832701, 30.542202 ], [ -97.832796, 30.542032 ], [ -97.832885, 30.54196 ], [ -97.833012, 30.541878 ], [ -97.833254, 30.54163 ], [ -97.833425, 30.541416 ], [ -97.833654, 30.54108 ], [ -97.833972, 30.540635 ], [ -97.834061, 30.540552 ], [ -97.834092, 30.54051 ], [ -97.834302, 30.540227 ], [ -97.834353, 30.540205 ], [ -97.834524, 30.540013 ], [ -97.834658, 30.539881 ], [ -97.834759, 30.539826 ], [ -97.834803, 30.539817 ], [ -97.834931, 30.539793 ], [ -97.83501, 30.539787 ], [ -97.835166, 30.539776 ], [ -97.835287, 30.539782 ], [ -97.835458, 30.539804 ], [ -97.835801, 30.539897 ], [ -97.835954, 30.539947 ], [ -97.836056, 30.539991 ], [ -97.836367, 30.540062 ], [ -97.836697, 30.540084 ], [ -97.836856, 30.54004 ], [ -97.837072, 30.539941 ], [ -97.837358, 30.539831 ], [ -97.837587, 30.539776 ], [ -97.837758, 30.539682 ], [ -97.837936, 30.539556 ], [ -97.838109, 30.539498 ], [ -97.838212, 30.539742 ], [ -97.838394, 30.540174 ], [ -97.839534, 30.542712 ], [ -97.839586, 30.542828 ], [ -97.84004, 30.543838 ], [ -97.840157, 30.544162 ], [ -97.840354, 30.544642 ], [ -97.841601, 30.547462 ], [ -97.841681, 30.547696 ], [ -97.841741, 30.547937 ], [ -97.841784, 30.548179 ], [ -97.841787, 30.548216 ] ] ] } },
{ "type": "Feature", "properties": { "GEOID": "484910203513", "NAME": "Block Group 3; Census Tract 203.51; Williamson County; Texas", "state": "48", "county": "491", "tract": "020351", "block group": "3", "population": 1942.0, "population_moe": 413.0, "area_sq_miles": 2.295542949633492, "population_density": 845.98722071833208, "under5": 28.0, "under5_moe": 29.681644159311659, "under18": 575.0, "under18_moe": 167.79749700159417, "age18_64": 1178.0, "age18_64_moe": 222.27910383119686, "age65plus": 189.0, "age65plus_moe": 86.429161745327605, "civilian_noninstitutionalized_population": 1942.0, "civilian_noninstitutionalized_population_moe": 413.0, "uninsured": 282.0, "uninsured_moe": 183.31939340942628, "uninsured_pct": 14.521112255406798, "disability_population_base": "<NA>", "disability_population_base_moe": "<NA>", "disability": null, "disability_moe": "<NA>", "disability_pct": null, "poverty_population_base": 1876.0, "poverty_population_base_moe": 401.0, "poverty": 71.0, "poverty_moe": 80.411441971898498, "poverty_pct": 3.7846481876332625, "median_household_income": "151359.0", "median_household_income_moe": "38432.0", "per_capita_income": 60681.0, "per_capita_income_moe": 12166.0, "households": "<NA>", "households_moe": "<NA>", "no_vehicle_households": "<NA>", "no_vehicle_households_moe": "<NA>", "no_vehicle_pct": null, "youth_population_pct": 29.6086508753862, "senior_population_pct": 9.7322348094747682, "healthcare_need_score": 33.266623523607926, "healthcare_need_notes": "Relative index averaging min-max normalized uninsured_pct, disability_pct, poverty_pct, no_vehicle_pct, youth_population_pct, and senior_population_pct within the retained Liberty Hill study-area block groups.", "uninsured_pct_numerator": "uninsured", "uninsured_pct_denominator": "civilian_noninstitutionalized_population", "disability_pct_numerator": "disability", "disability_pct_denominator": "disability_population_base", "poverty_pct_numerator": "poverty", "poverty_pct_denominator": "poverty_population_base", "no_vehicle_pct_numerator": "no_vehicle_households", "no_vehicle_pct_denominator": "households", "youth_population_pct_numerator": "under18", "youth_population_pct_denominator": "population", "senior_population_pct_numerator": "age65plus", "senior_population_pct_denominator": "population", "intersects_liberty_hill_city": false, "nearest_any_medical_miles": 0.94886186337052381, "nearest_primary_care_miles": 2.6121376737352096, "nearest_urgent_care_miles": 4.1833297721185287, "nearest_hospital_miles": 0.94886186337052381, "nearest_emergency_miles": 4.4195143710297549, "nearest_primary_care_minutes": null, "nearest_urgent_care_minutes": null, "nearest_hospital_minutes": null, "nearest_emergency_minutes": null, "healthcare_access_measure": "Straight-line distance", "healthcare_access_distance_band": "0-1 miles" }, "geometry": { "type": "Polygon", "coordinates": [ [ [ -97.837936, 30.539556 ], [ -97.837758, 30.539682 ], [ -97.837587, 30.539776 ], [ -97.837358, 30.539831 ], [ -97.837072, 30.539941 ], [ -97.836856, 30.54004 ], [ -97.836697, 30.540084 ], [ -97.836367, 30.540062 ], [ -97.836056, 30.539991 ], [ -97.835954, 30.539947 ], [ -97.835801, 30.539897 ], [ -97.835458, 30.539804 ], [ -97.835287, 30.539782 ], [ -97.835166, 30.539776 ], [ -97.83501, 30.539787 ], [ -97.834931, 30.539793 ], [ -97.834803, 30.539817 ], [ -97.834759, 30.539826 ], [ -97.834658, 30.539881 ], [ -97.834524, 30.540013 ], [ -97.834353, 30.540205 ], [ -97.834302, 30.540227 ], [ -97.834092, 30.54051 ], [ -97.833892, 30.540395 ], [ -97.833343, 30.540176 ], [ -97.833079, 30.540073 ], [ -97.832594, 30.539702 ], [ -97.829767, 30.540607 ], [ -97.827719, 30.541267 ], [ -97.8275, 30.541407 ], [ -97.82723, 30.541641 ], [ -97.82703, 30.541949 ], [ -97.826847, 30.542429 ], [ -97.826567, 30.54336 ], [ -97.826367, 30.543926 ], [ -97.825847, 30.543808 ], [ -97.825999, 30.543083 ], [ -97.825075, 30.542909 ], [ -97.824098, 30.542792 ], [ -97.82375, 30.542802 ], [ -97.823837, 30.543555 ], [ -97.82384, 30.54418 ], [ -97.824744, 30.54441 ], [ -97.824316, 30.545292 ], [ -97.8239, 30.545681 ], [ -97.823483, 30.545919 ], [ -97.823851, 30.546581 ], [ -97.824098, 30.547079 ], [ -97.822718, 30.547531 ], [ -97.82297, 30.548367 ], [ -97.823021, 30.548639 ], [ -97.823057, 30.548968 ], [ -97.823071, 30.549316 ], [ -97.823054, 30.550017 ], [ -97.823054, 30.550057 ], [ -97.823071, 30.551537 ], [ -97.823086, 30.551805 ], [ -97.823119, 30.552026 ], [ -97.823151, 30.552196 ], [ -97.823574, 30.55307 ], [ -97.823662, 30.553194 ], [ -97.823738, 30.553302 ], [ -97.823908, 30.553507 ], [ -97.824065, 30.553672 ], [ -97.824249, 30.553842 ], [ -97.824444, 30.554003 ], [ -97.824669, 30.554163 ], [ -97.824888, 30.554299 ], [ -97.824944, 30.554329 ], [ -97.824918, 30.554446 ], [ -97.824734, 30.5546 ], [ -97.824613, 30.554749 ], [ -97.824581, 30.55487 ], [ -97.824543, 30.55493 ], [ -97.824467, 30.555007 ], [ -97.824327, 30.555073 ], [ -97.824156, 30.555101 ], [ -97.823768, 30.555222 ], [ -97.823399, 30.555299 ], [ -97.823317, 30.555271 ], [ -97.823025, 30.555282 ], [ -97.822745, 30.555365 ], [ -97.822561, 30.555447 ], [ -97.82244, 30.555557 ], [ -97.822395, 30.555634 ], [ -97.822383, 30.555695 ], [ -97.822287, 30.555739 ], [ -97.822217, 30.555783 ], [ -97.821677, 30.555987 ], [ -97.821518, 30.556036 ], [ -97.82135, 30.556076 ], [ -97.821253, 30.556132 ], [ -97.821096, 30.556289 ], [ -97.82095, 30.556436 ], [ -97.820807, 30.556575 ], [ -97.820648, 30.55668 ], [ -97.82051, 30.556789 ], [ -97.820414, 30.556849 ], [ -97.820292, 30.556928 ], [ -97.820207, 30.556962 ], [ -97.82001, 30.557039 ], [ -97.819664, 30.556928 ], [ -97.819533, 30.556857 ], [ -97.819495, 30.556847 ], [ -97.819378, 30.556817 ], [ -97.819081, 30.556834 ], [ -97.818541, 30.556865 ], [ -97.818177, 30.556887 ], [ -97.817751, 30.556945 ], [ -97.817675, 30.556949 ], [ -97.817584, 30.556955 ], [ -97.817449, 30.556962 ], [ -97.817348, 30.556966 ], [ -97.817179, 30.556934 ], [ -97.816339, 30.556767 ], [ -97.816161, 30.556685 ], [ -97.815945, 30.556564 ], [ -97.815862, 30.556465 ], [ -97.815868, 30.556327 ], [ -97.815878, 30.556264 ], [ -97.815919, 30.556168 ], [ -97.815958, 30.55608 ], [ -97.81597, 30.556042 ], [ -97.81597, 30.555992 ], [ -97.815894, 30.555877 ], [ -97.815799, 30.555794 ], [ -97.815703, 30.555789 ], [ -97.815589, 30.555844 ], [ -97.815565, 30.555865 ], [ -97.815347, 30.555922 ], [ -97.815265, 30.555938 ], [ -97.815114, 30.555977 ], [ -97.814428, 30.555916 ], [ -97.814128, 30.555856 ], [ -97.813992, 30.555828 ], [ -97.8136, 30.555819 ], [ -97.813388, 30.555815 ], [ -97.813345, 30.555732 ], [ -97.813331, 30.555689 ], [ -97.812442, 30.555696 ], [ -97.812217, 30.555697 ], [ -97.811994, 30.555763 ], [ -97.811585, 30.555893 ], [ -97.81095, 30.556137 ], [ -97.810632, 30.556508 ], [ -97.810303, 30.556621 ], [ -97.810274, 30.556631 ], [ -97.809665, 30.556809 ], [ -97.809754, 30.55701 ], [ -97.807919, 30.556533 ], [ -97.807829, 30.55647 ], [ -97.807102, 30.555965 ], [ -97.806364, 30.555452 ], [ -97.806297, 30.55535 ], [ -97.805782, 30.554689 ], [ -97.805372, 30.554162 ], [ -97.80502, 30.55405 ], [ -97.804925, 30.554006 ], [ -97.804906, 30.553979 ], [ -97.804868, 30.553951 ], [ -97.804836, 30.553946 ], [ -97.80476, 30.553973 ], [ -97.804671, 30.554008 ], [ -97.804592, 30.554044 ], [ -97.804541, 30.554067 ], [ -97.804442, 30.554089 ], [ -97.804353, 30.554122 ], [ -97.804245, 30.554221 ], [ -97.8042, 30.554248 ], [ -97.804124, 30.554281 ], [ -97.804029, 30.554298 ], [ -97.803851, 30.554298 ], [ -97.803799, 30.554304 ], [ -97.803673, 30.55432 ], [ -97.803533, 30.554309 ], [ -97.803012, 30.554188 ], [ -97.802879, 30.554171 ], [ -97.802364, 30.554232 ], [ -97.802199, 30.554237 ], [ -97.801556, 30.554667 ], [ -97.801474, 30.554397 ], [ -97.80143, 30.55438 ], [ -97.801372, 30.55432 ], [ -97.801296, 30.554215 ], [ -97.801268, 30.55417 ], [ -97.801144, 30.553973 ], [ -97.801125, 30.553896 ], [ -97.800953, 30.553698 ], [ -97.800915, 30.55361 ], [ -97.800921, 30.553439 ], [ -97.800883, 30.553379 ], [ -97.800826, 30.553225 ], [ -97.800635, 30.552978 ], [ -97.800508, 30.552851 ], [ -97.800473, 30.552796 ], [ -97.800369, 30.552631 ], [ -97.800311, 30.55257 ], [ -97.800127, 30.552449 ], [ -97.800064, 30.552422 ], [ -97.800006, 30.552416 ], [ -97.799949, 30.552394 ], [ -97.799809, 30.552317 ], [ -97.799733, 30.552257 ], [ -97.799581, 30.552081 ], [ -97.799485, 30.551998 ], [ -97.799365, 30.551938 ], [ -97.799168, 30.551872 ], [ -97.798774, 30.551839 ], [ -97.798577, 30.551844 ], [ -97.798481, 30.551855 ], [ -97.798392, 30.55191 ], [ -97.798297, 30.551954 ], [ -97.798151, 30.551987 ], [ -97.798053, 30.55202 ], [ -97.797865, 30.552086 ], [ -97.797655, 30.55218 ], [ -97.797464, 30.552284 ], [ -97.797236, 30.552394 ], [ -97.79707, 30.552493 ], [ -97.796886, 30.552548 ], [ -97.796708, 30.552653 ], [ -97.796562, 30.552696 ], [ -97.796219, 30.552762 ], [ -97.79613, 30.552801 ], [ -97.796003, 30.552834 ], [ -97.795869, 30.552916 ], [ -97.795724, 30.552979 ], [ -97.79559, 30.553037 ], [ -97.795301, 30.552365 ], [ -97.795207, 30.5521 ], [ -97.795199, 30.552076 ], [ -97.795018, 30.551608 ], [ -97.794129, 30.549489 ], [ -97.793402, 30.547699 ], [ -97.793218, 30.547199 ], [ -97.793316, 30.547167 ], [ -97.793483, 30.547119 ], [ -97.793662, 30.547045 ], [ -97.793684, 30.547036 ], [ -97.793711, 30.547032 ], [ -97.794167, 30.546891 ], [ -97.794961, 30.546649 ], [ -97.795796, 30.546393 ], [ -97.796514, 30.546171 ], [ -97.797794, 30.545778 ], [ -97.798395, 30.545595 ], [ -97.799972, 30.545119 ], [ -97.800586, 30.544911 ], [ -97.800633, 30.544876 ], [ -97.800652, 30.544856 ], [ -97.800677, 30.544805 ], [ -97.800684, 30.544752 ], [ -97.800681, 30.544725 ], [ -97.800129, 30.543388 ], [ -97.800006, 30.542976 ], [ -97.799932, 30.542689 ], [ -97.799912, 30.542586 ], [ -97.799903, 30.542481 ], [ -97.799904, 30.542324 ], [ -97.799918, 30.542221 ], [ -97.799949, 30.542082 ], [ -97.799993, 30.541957 ], [ -97.800043, 30.541865 ], [ -97.800131, 30.54173 ], [ -97.800231, 30.541605 ], [ -97.800344, 30.541486 ], [ -97.800469, 30.541377 ], [ -97.800963, 30.541064 ], [ -97.801444, 30.540779 ], [ -97.802036, 30.54042 ], [ -97.802126, 30.54035 ], [ -97.802211, 30.540272 ], [ -97.80229, 30.540189 ], [ -97.802357, 30.540101 ], [ -97.802417, 30.540007 ], [ -97.802468, 30.53991 ], [ -97.802507, 30.539809 ], [ -97.802538, 30.539705 ], [ -97.80255, 30.539648 ], [ -97.80256, 30.5396 ], [ -97.802585, 30.539401 ], [ -97.802592, 30.539244 ], [ -97.802583, 30.539003 ], [ -97.802568, 30.538869 ], [ -97.802367, 30.537822 ], [ -97.802371, 30.537768 ], [ -97.802945, 30.537594 ], [ -97.80386, 30.537424 ], [ -97.804685, 30.537273 ], [ -97.806343, 30.537005 ], [ -97.806468, 30.536985 ], [ -97.806697, 30.536933 ], [ -97.806918, 30.536864 ], [ -97.807095, 30.536815 ], [ -97.807334, 30.536762 ], [ -97.807401, 30.536751 ], [ -97.808666, 30.536552 ], [ -97.809135, 30.536485 ], [ -97.809396, 30.536452 ], [ -97.809845, 30.536394 ], [ -97.810868, 30.536279 ], [ -97.811221, 30.536246 ], [ -97.81236, 30.536081 ], [ -97.813154, 30.535948 ], [ -97.813185, 30.535947 ], [ -97.813246, 30.535958 ], [ -97.813305, 30.535956 ], [ -97.813505, 30.535962 ], [ -97.813625, 30.535968 ], [ -97.814106, 30.536076 ], [ -97.814862, 30.53635 ], [ -97.815412, 30.53655 ], [ -97.815649, 30.536636 ], [ -97.81577, 30.536694 ], [ -97.81608, 30.536812 ], [ -97.816236, 30.536871 ], [ -97.816344, 30.536914 ], [ -97.816703, 30.537055 ], [ -97.817006, 30.537177 ], [ -97.817035, 30.537189 ], [ -97.817088, 30.53721 ], [ -97.817234, 30.537265 ], [ -97.817374, 30.53732 ], [ -97.817531, 30.537368 ], [ -97.81773, 30.537439 ], [ -97.817943, 30.537513 ], [ -97.818183, 30.537556 ], [ -97.818393, 30.537597 ], [ -97.818488, 30.537601 ], [ -97.818799, 30.537627 ], [ -97.819055, 30.537638 ], [ -97.819165, 30.537624 ], [ -97.819332, 30.537589 ], [ -97.819401, 30.537587 ], [ -97.820525, 30.537243 ], [ -97.820703, 30.537188 ], [ -97.82114, 30.537054 ], [ -97.823308, 30.536363 ], [ -97.824712, 30.535959 ], [ -97.825638, 30.535675 ], [ -97.825683, 30.535661 ], [ -97.829456, 30.534505 ], [ -97.830105, 30.534306 ], [ -97.831887, 30.533899 ], [ -97.832517, 30.53371 ], [ -97.834086, 30.533239 ], [ -97.835201, 30.532905 ], [ -97.836554, 30.536025 ], [ -97.837794, 30.538748 ], [ -97.838109, 30.539498 ], [ -97.837936, 30.539556 ] ] ] } },
{ "type": "Feature", "properties": { "GEOID": "484910203391", "NAME": "Block Group 1; Census Tract 203.39; Williamson County; Texas", "state": "48", "county": "491", "tract": "020339", "block group": "1", "population": 3789.0, "population_moe": 504.0, "area_sq_miles": 2.8656523366937865, "population_density": 1322.2120323121665, "under5": 315.0, "under5_moe": 153.44705927452634, "under18": 907.0, "under18_moe": 242.46443038103547, "age18_64": 2674.0, "age18_64_moe": 413.36908447536325, "age65plus": 208.0, "age65plus_moe": 105.92922165295089, "civilian_noninstitutionalized_population": 3789.0, "civilian_noninstitutionalized_population_moe": 504.0, "uninsured": 289.0, "uninsured_moe": 183.80968418448469, "uninsured_pct": 7.6273423066772237, "disability_population_base": "<NA>", "disability_population_base_moe": "<NA>", "disability": null, "disability_moe": "<NA>", "disability_pct": null, "poverty_population_base": 3787.0, "poverty_population_base_moe": 504.0, "poverty": 96.0, "poverty_moe": 86.313382508160345, "poverty_pct": 2.5349881172432003, "median_household_income": "128633.0", "median_household_income_moe": "49953.0", "per_capita_income": 69456.0, "per_capita_income_moe": 12734.0, "households": "<NA>", "households_moe": "<NA>", "no_vehicle_households": "<NA>", "no_vehicle_households_moe": "<NA>", "no_vehicle_pct": null, "youth_population_pct": 23.93771443652679, "senior_population_pct": 5.4895750857746108, "healthcare_need_score": 22.721723464391356, "healthcare_need_notes": "Relative index averaging min-max normalized uninsured_pct, disability_pct, poverty_pct, no_vehicle_pct, youth_population_pct, and senior_population_pct within the retained Liberty Hill study-area block groups.", "uninsured_pct_numerator": "uninsured", "uninsured_pct_denominator": "civilian_noninstitutionalized_population", "disability_pct_numerator": "disability", "disability_pct_denominator": "disability_population_base", "poverty_pct_numerator": "poverty", "poverty_pct_denominator": "poverty_population_base", "no_vehicle_pct_numerator": "no_vehicle_households", "no_vehicle_pct_denominator": "households", "youth_population_pct_numerator": "under18", "youth_population_pct_denominator": "population", "senior_population_pct_numerator": "age65plus", "senior_population_pct_denominator": "population", "intersects_liberty_hill_city": false, "nearest_any_medical_miles": 3.0901023424745526, "nearest_primary_care_miles": 3.157616912522756, "nearest_urgent_care_miles": 3.0993784236421611, "nearest_hospital_miles": 3.1795259288940843, "nearest_emergency_miles": 3.0901023424745526, "nearest_primary_care_minutes": null, "nearest_urgent_care_minutes": null, "nearest_hospital_minutes": null, "nearest_emergency_minutes": null, "healthcare_access_measure": "Straight-line distance", "healthcare_access_distance_band": "3-5 miles" }, "geometry": { "type": "Polygon", "coordinates": [ [ [ -97.835461, 30.582809 ], [ -97.835376, 30.582822 ], [ -97.835139, 30.582845 ], [ -97.834896, 30.582853 ], [ -97.834786, 30.582851 ], [ -97.834572, 30.582837 ], [ -97.83433, 30.582806 ], [ -97.832964, 30.582521 ], [ -97.83206, 30.582327 ], [ -97.831602, 30.582267 ], [ -97.831449, 30.582254 ], [ -97.830987, 30.582249 ], [ -97.830802, 30.582266 ], [ -97.830631, 30.582291 ], [ -97.830328, 30.582346 ], [ -97.828923, 30.582709 ], [ -97.828622, 30.58276 ], [ -97.828318, 30.58279 ], [ -97.82801, 30.582799 ], [ -97.827703, 30.582787 ], [ -97.827399, 30.582754 ], [ -97.827218, 30.582723 ], [ -97.826902, 30.58265 ], [ -97.826522, 30.58254 ], [ -97.826236, 30.58244 ], [ -97.825658, 30.582212 ], [ -97.825501, 30.582158 ], [ -97.825237, 30.582066 ], [ -97.824806, 30.58194 ], [ -97.82307, 30.581495 ], [ -97.822608, 30.581398 ], [ -97.822143, 30.581316 ], [ -97.821852, 30.581276 ], [ -97.821336, 30.581205 ], [ -97.820616, 30.581125 ], [ -97.82028, 30.581105 ], [ -97.820255, 30.581103 ], [ -97.819894, 30.581098 ], [ -97.819575, 30.581109 ], [ -97.819416, 30.581115 ], [ -97.818974, 30.581134 ], [ -97.818503, 30.581155 ], [ -97.818273, 30.58118 ], [ -97.818242, 30.581183 ], [ -97.817981, 30.581224 ], [ -97.817725, 30.581279 ], [ -97.817473, 30.58136 ], [ -97.817266, 30.581439 ], [ -97.817225, 30.581454 ], [ -97.816986, 30.581562 ], [ -97.816757, 30.581675 ], [ -97.816641, 30.581746 ], [ -97.816362, 30.581945 ], [ -97.816226, 30.582043 ], [ -97.81564, 30.582483 ], [ -97.815523, 30.582613 ], [ -97.814969, 30.582982 ], [ -97.814709, 30.583132 ], [ -97.81444, 30.583268 ], [ -97.814165, 30.583392 ], [ -97.813379, 30.583689 ], [ -97.813103, 30.583812 ], [ -97.812839, 30.583955 ], [ -97.812544, 30.584142 ], [ -97.812357, 30.584286 ], [ -97.812326, 30.584314 ], [ -97.812182, 30.584441 ], [ -97.812022, 30.584608 ], [ -97.811875, 30.584782 ], [ -97.811427, 30.58543 ], [ -97.811296, 30.58562 ], [ -97.81114, 30.585853 ], [ -97.81096, 30.586076 ], [ -97.81076, 30.586283 ], [ -97.810541, 30.586477 ], [ -97.810436, 30.586559 ], [ -97.810356, 30.586621 ], [ -97.810193, 30.58673 ], [ -97.809938, 30.586877 ], [ -97.809738, 30.586973 ], [ -97.809701, 30.586991 ], [ -97.809672, 30.587005 ], [ -97.809506, 30.587068 ], [ -97.809427, 30.587098 ], [ -97.809226, 30.587171 ], [ -97.80913, 30.587196 ], [ -97.808889, 30.58726 ], [ -97.808484, 30.587362 ], [ -97.808204, 30.587433 ], [ -97.808085, 30.58747 ], [ -97.80783, 30.587556 ], [ -97.807751, 30.587587 ], [ -97.807639, 30.58763 ], [ -97.80742, 30.58773 ], [ -97.80721, 30.587844 ], [ -97.807008, 30.587969 ], [ -97.806817, 30.588107 ], [ -97.806778, 30.588139 ], [ -97.806638, 30.588255 ], [ -97.80647, 30.588414 ], [ -97.805461, 30.589539 ], [ -97.805259, 30.589769 ], [ -97.804582, 30.590541 ], [ -97.801517, 30.590143 ], [ -97.801216, 30.590104 ], [ -97.800925, 30.590071 ], [ -97.80085, 30.590062 ], [ -97.800763, 30.590042 ], [ -97.800726, 30.59004 ], [ -97.800606, 30.590009 ], [ -97.80049, 30.589968 ], [ -97.800441, 30.589945 ], [ -97.800248, 30.58984 ], [ -97.800065, 30.589722 ], [ -97.799596, 30.589449 ], [ -97.798797, 30.588974 ], [ -97.797517, 30.588212 ], [ -97.797385, 30.588133 ], [ -97.797305, 30.588073 ], [ -97.797076, 30.587901 ], [ -97.796452, 30.587197 ], [ -97.796172, 30.586882 ], [ -97.796013, 30.586703 ], [ -97.795485, 30.586107 ], [ -97.795219, 30.585806 ], [ -97.795208, 30.585794 ], [ -97.794924, 30.585475 ], [ -97.794811, 30.585347 ], [ -97.794804, 30.585339 ], [ -97.794056, 30.584495 ], [ -97.793241, 30.583598 ], [ -97.7928, 30.583094 ], [ -97.792724, 30.58302 ], [ -97.792653, 30.58295 ], [ -97.792626, 30.582929 ], [ -97.792563, 30.582879 ], [ -97.792322, 30.582717 ], [ -97.792189, 30.58261 ], [ -97.792066, 30.582494 ], [ -97.79188, 30.58228 ], [ -97.791715, 30.582056 ], [ -97.791501, 30.581802 ], [ -97.791441, 30.58174 ], [ -97.791268, 30.581561 ], [ -97.790283, 30.58071 ], [ -97.789727, 30.580282 ], [ -97.789583, 30.580179 ], [ -97.789429, 30.580087 ], [ -97.789268, 30.580003 ], [ -97.7891, 30.579933 ], [ -97.78887, 30.579854 ], [ -97.788578, 30.579772 ], [ -97.78828, 30.579707 ], [ -97.787672, 30.579565 ], [ -97.787487, 30.579513 ], [ -97.787355, 30.579467 ], [ -97.787252, 30.579391 ], [ -97.787176, 30.579335 ], [ -97.787081, 30.579245 ], [ -97.787009, 30.579157 ], [ -97.786903, 30.578958 ], [ -97.7868, 30.578705 ], [ -97.786621, 30.578302 ], [ -97.786471, 30.577929 ], [ -97.786288, 30.577638 ], [ -97.78608, 30.577388 ], [ -97.785661, 30.576978 ], [ -97.785015, 30.576553 ], [ -97.78489, 30.576463 ], [ -97.785132, 30.576301 ], [ -97.785278, 30.576204 ], [ -97.785922, 30.575915 ], [ -97.786954, 30.575531 ], [ -97.788987, 30.574899 ], [ -97.789064, 30.574861 ], [ -97.789077, 30.574854 ], [ -97.789157, 30.574801 ], [ -97.789194, 30.574765 ], [ -97.789225, 30.574735 ], [ -97.789279, 30.574659 ], [ -97.789302, 30.574619 ], [ -97.789399, 30.574373 ], [ -97.789445, 30.574284 ], [ -97.789473, 30.574242 ], [ -97.789506, 30.574203 ], [ -97.789669, 30.574041 ], [ -97.789765, 30.573945 ], [ -97.789891, 30.573827 ], [ -97.790243, 30.5735 ], [ -97.790302, 30.573424 ], [ -97.790348, 30.573339 ], [ -97.790367, 30.573295 ], [ -97.790518, 30.572642 ], [ -97.790532, 30.572603 ], [ -97.790574, 30.572525 ], [ -97.790601, 30.57249 ], [ -97.790667, 30.572428 ], [ -97.790744, 30.572375 ], [ -97.790941, 30.572278 ], [ -97.791045, 30.57224 ], [ -97.791328, 30.572162 ], [ -97.791722, 30.572042 ], [ -97.792094, 30.571929 ], [ -97.792365, 30.571836 ], [ -97.792393, 30.571826 ], [ -97.792822, 30.571679 ], [ -97.793338, 30.571507 ], [ -97.795734, 30.570743 ], [ -97.798221, 30.569964 ], [ -97.801994, 30.568749 ], [ -97.802592, 30.570672 ], [ -97.802834, 30.570621 ], [ -97.804365, 30.570132 ], [ -97.806146, 30.569599 ], [ -97.8064, 30.569523 ], [ -97.809236, 30.568673 ], [ -97.811367, 30.568019 ], [ -97.811655, 30.567931 ], [ -97.813355, 30.567418 ], [ -97.814725, 30.566998 ], [ -97.815398, 30.566792 ], [ -97.815653, 30.566714 ], [ -97.816064, 30.566589 ], [ -97.817059, 30.56629 ], [ -97.817936, 30.566027 ], [ -97.818859, 30.565743 ], [ -97.820045, 30.565389 ], [ -97.820318, 30.565302 ], [ -97.821397, 30.564961 ], [ -97.821467, 30.564939 ], [ -97.821806, 30.564841 ], [ -97.822398, 30.564644 ], [ -97.822836, 30.564533 ], [ -97.823027, 30.564485 ], [ -97.824606, 30.564014 ], [ -97.824881, 30.56445 ], [ -97.825472, 30.565386 ], [ -97.826081, 30.56649 ], [ -97.826654, 30.567517 ], [ -97.827001, 30.568251 ], [ -97.827391, 30.568887 ], [ -97.827899, 30.569731 ], [ -97.828415, 30.570478 ], [ -97.828663, 30.570904 ], [ -97.829421, 30.572174 ], [ -97.830556, 30.574123 ], [ -97.831993, 30.576558 ], [ -97.832951, 30.578221 ], [ -97.833395, 30.578928 ], [ -97.834415, 30.580549 ], [ -97.834908, 30.581384 ], [ -97.835353, 30.582138 ], [ -97.835698, 30.582763 ], [ -97.835461, 30.582809 ] ] ] } },
{ "type": "Feature", "properties": { "GEOID": "484910203301", "NAME": "Block Group 1; Census Tract 203.30; Williamson County; Texas", "state": "48", "county": "491", "tract": "020330", "block group": "1", "population": 1911.0, "population_moe": 446.0, "area_sq_miles": 19.508136727003528, "population_density": 97.959124786877155, "under5": 32.0, "under5_moe": 32.649655434629018, "under18": 416.0, "under18_moe": 139.86421987055874, "age18_64": 1148.0, "age18_64_moe": 231.06492594074072, "age65plus": 347.0, "age65plus_moe": 130.91982279242512, "civilian_noninstitutionalized_population": 1911.0, "civilian_noninstitutionalized_population_moe": 446.0, "uninsured": 227.0, "uninsured_moe": 115.27792503337315, "uninsured_pct": 11.878597592883306, "disability_population_base": "<NA>", "disability_population_base_moe": "<NA>", "disability": null, "disability_moe": "<NA>", "disability_pct": null, "poverty_population_base": 1911.0, "poverty_population_base_moe": 446.0, "poverty": 168.0, "poverty_moe": 123.17873193047572, "poverty_pct": 8.791208791208792, "median_household_income": "125684.0", "median_household_income_moe": "24098.0", "per_capita_income": 50034.0, "per_capita_income_moe": 9954.0, "households": "<NA>", "households_moe": "<NA>", "no_vehicle_households": "<NA>", "no_vehicle_households_moe": "<NA>", "no_vehicle_pct": null, "youth_population_pct": 21.768707482993197, "senior_population_pct": 18.15803244374673, "healthcare_need_score": 32.303727144189274, "healthcare_need_notes": "Relative index averaging min-max normalized uninsured_pct, disability_pct, poverty_pct, no_vehicle_pct, youth_population_pct, and senior_population_pct within the retained Liberty Hill study-area block groups.", "uninsured_pct_numerator": "uninsured", "uninsured_pct_denominator": "civilian_noninstitutionalized_population", "disability_pct_numerator": "disability", "disability_pct_denominator": "disability_population_base", "poverty_pct_numerator": "poverty", "poverty_pct_denominator": "poverty_population_base", "no_vehicle_pct_numerator": "no_vehicle_households", "no_vehicle_pct_denominator": "households", "youth_population_pct_numerator": "under18", "youth_population_pct_denominator": "population", "senior_population_pct_numerator": "age65plus", "senior_population_pct_denominator": "population", "intersects_liberty_hill_city": true, "nearest_any_medical_miles": 4.6405071768641921, "nearest_primary_care_miles": 5.0509433497449541, "nearest_urgent_care_miles": 4.6405071768641921, "nearest_hospital_miles": 14.362902145446069, "nearest_emergency_miles": 9.4212562233389541, "nearest_primary_care_minutes": null, "nearest_urgent_care_minutes": null, "nearest_hospital_minutes": null, "nearest_emergency_minutes": null, "healthcare_access_measure": "Straight-line distance", "healthcare_access_distance_band": "3-5 miles" }, "geometry": { "type": "Polygon", "coordinates": [ [ [ -98.030269, 30.660592 ], [ -98.027721, 30.665371 ], [ -98.024418, 30.671558 ], [ -98.024357, 30.671673 ], [ -98.024345, 30.671695 ], [ -98.023449, 30.673366 ], [ -98.023442, 30.673379 ], [ -98.023323, 30.673616 ], [ -98.023201, 30.673859 ], [ -98.022611, 30.674922 ], [ -98.022598, 30.674945 ], [ -98.022593, 30.674954 ], [ -98.022556, 30.675021 ], [ -98.022527, 30.675074 ], [ -98.021756, 30.676465 ], [ -98.021719, 30.676534 ], [ -98.021661, 30.676644 ], [ -98.021546, 30.676861 ], [ -98.021524, 30.676902 ], [ -98.019832, 30.679984 ], [ -98.019198, 30.681142 ], [ -98.018992, 30.681517 ], [ -98.014813, 30.689136 ], [ -98.013832, 30.690919 ], [ -98.013806, 30.690967 ], [ -98.013794, 30.690989 ], [ -98.013617, 30.691271 ], [ -98.013591, 30.691313 ], [ -98.012826, 30.692763 ], [ -98.01171, 30.694789 ], [ -98.011698, 30.694808 ], [ -98.00899, 30.699756 ], [ -98.008944, 30.699841 ], [ -98.008904, 30.699915 ], [ -98.008241, 30.701125 ], [ -98.007935, 30.701683 ], [ -98.006759, 30.70383 ], [ -98.006691, 30.703954 ], [ -98.006017, 30.705236 ], [ -98.005979, 30.705308 ], [ -98.005836, 30.705581 ], [ -98.005741, 30.705761 ], [ -98.004847, 30.707464 ], [ -98.004373, 30.708366 ], [ -98.004313, 30.70848 ], [ -98.003491, 30.710043 ], [ -98.003385, 30.710245 ], [ -98.002472, 30.71197 ], [ -98.002461, 30.711992 ], [ -98.000383, 30.715964 ], [ -98.000296, 30.716045 ], [ -97.999229, 30.717878 ], [ -97.998273, 30.719682 ], [ -97.997996, 30.720209 ], [ -97.997597, 30.720087 ], [ -97.99691, 30.71987 ], [ -97.995204, 30.71935 ], [ -97.994126, 30.719017 ], [ -97.992687, 30.718565 ], [ -97.991281, 30.718121 ], [ -97.989342, 30.71753 ], [ -97.9874, 30.716919 ], [ -97.986079, 30.716516 ], [ -97.984359, 30.715976 ], [ -97.984074, 30.715889 ], [ -97.982863, 30.715517 ], [ -97.980584, 30.714815 ], [ -97.979103, 30.714341 ], [ -97.977835, 30.713945 ], [ -97.976195, 30.713436 ], [ -97.974048, 30.71278 ], [ -97.971841, 30.712096 ], [ -97.970958, 30.711824 ], [ -97.971009, 30.712119 ], [ -97.970975, 30.712141 ], [ -97.970965, 30.71216 ], [ -97.970945, 30.712226 ], [ -97.970942, 30.712295 ], [ -97.970957, 30.712362 ], [ -97.971058, 30.712618 ], [ -97.971063, 30.712677 ], [ -97.971058, 30.712706 ], [ -97.971035, 30.712762 ], [ -97.971017, 30.712787 ], [ -97.970992, 30.71281 ], [ -97.97097, 30.71283 ], [ -97.970911, 30.712861 ], [ -97.969821, 30.713145 ], [ -97.969671, 30.713184 ], [ -97.969367, 30.713263 ], [ -97.967726, 30.713842 ], [ -97.966, 30.714351 ], [ -97.965194, 30.714636 ], [ -97.96443, 30.714884 ], [ -97.963555, 30.715145 ], [ -97.963136, 30.714419 ], [ -97.963033, 30.714278 ], [ -97.962903, 30.714133 ], [ -97.962785, 30.714048 ], [ -97.962771, 30.714038 ], [ -97.962535, 30.713908 ], [ -97.962031, 30.713695 ], [ -97.96165, 30.713551 ], [ -97.961179, 30.713345 ], [ -97.96097, 30.713201 ], [ -97.960787, 30.713038 ], [ -97.960549, 30.712803 ], [ -97.959681, 30.711992 ], [ -97.959362, 30.711716 ], [ -97.959088, 30.711574 ], [ -97.958714, 30.711471 ], [ -97.958491, 30.711429 ], [ -97.95839, 30.711405 ], [ -97.957942, 30.711299 ], [ -97.957554, 30.711214 ], [ -97.957512, 30.711204 ], [ -97.95682, 30.711044 ], [ -97.956491, 30.71094 ], [ -97.955768, 30.710698 ], [ -97.95467, 30.7103 ], [ -97.953677, 30.709957 ], [ -97.952645, 30.709557 ], [ -97.952437, 30.709428 ], [ -97.952209, 30.709216 ], [ -97.95127, 30.708125 ], [ -97.951032, 30.707812 ], [ -97.950764, 30.707515 ], [ -97.950458, 30.707194 ], [ -97.949918, 30.706649 ], [ -97.949708, 30.706395 ], [ -97.949113, 30.705628 ], [ -97.948754, 30.705143 ], [ -97.948546, 30.704861 ], [ -97.948034, 30.704222 ], [ -97.947809, 30.703967 ], [ -97.947636, 30.703733 ], [ -97.94705, 30.703003 ], [ -97.946073, 30.701833 ], [ -97.945954, 30.701675 ], [ -97.945921, 30.701631 ], [ -97.945683, 30.701312 ], [ -97.945372, 30.700963 ], [ -97.945356, 30.70094 ], [ -97.945253, 30.700794 ], [ -97.945108, 30.700554 ], [ -97.944973, 30.700283 ], [ -97.944546, 30.699247 ], [ -97.94371, 30.697219 ], [ -97.943115, 30.69576 ], [ -97.942441, 30.694163 ], [ -97.941889, 30.692899 ], [ -97.941355, 30.691541 ], [ -97.941027, 30.69082 ], [ -97.940923, 30.690623 ], [ -97.940807, 30.690498 ], [ -97.940548, 30.690255 ], [ -97.940266, 30.690028 ], [ -97.940076, 30.689938 ], [ -97.939798, 30.689897 ], [ -97.93954, 30.689917 ], [ -97.939179, 30.690012 ], [ -97.938979, 30.690084 ], [ -97.938828, 30.69014 ], [ -97.93853, 30.690234 ], [ -97.938164, 30.690344 ], [ -97.938021, 30.690362 ], [ -97.937836, 30.690333 ], [ -97.937556, 30.690216 ], [ -97.937308, 30.690045 ], [ -97.936306, 30.689618 ], [ -97.936451, 30.689262 ], [ -97.93655, 30.688931 ], [ -97.936605, 30.68855 ], [ -97.936596, 30.688452 ], [ -97.936408, 30.687821 ], [ -97.936141, 30.687151 ], [ -97.936022, 30.686903 ], [ -97.935957, 30.686756 ], [ -97.93583, 30.686469 ], [ -97.93556, 30.685935 ], [ -97.935302, 30.685322 ], [ -97.935045, 30.68475 ], [ -97.934911, 30.684446 ], [ -97.934723, 30.684019 ], [ -97.934333, 30.683085 ], [ -97.934209, 30.682696 ], [ -97.934149, 30.682481 ], [ -97.934013, 30.68199 ], [ -97.933883, 30.68155 ], [ -97.933795, 30.681223 ], [ -97.933737, 30.680984 ], [ -97.933559, 30.680255 ], [ -97.932813, 30.677678 ], [ -97.932511, 30.676634 ], [ -97.932486, 30.67655 ], [ -97.932434, 30.676368 ], [ -97.932264, 30.675781 ], [ -97.931948, 30.674691 ], [ -97.931076, 30.674811 ], [ -97.93014, 30.674948 ], [ -97.928969, 30.67512 ], [ -97.928409, 30.675183 ], [ -97.927851, 30.675221 ], [ -97.927469, 30.675217 ], [ -97.926867, 30.675201 ], [ -97.926292, 30.675126 ], [ -97.925843, 30.675033 ], [ -97.925541, 30.674958 ], [ -97.925111, 30.674841 ], [ -97.92488, 30.674779 ], [ -97.924258, 30.674531 ], [ -97.923744, 30.674283 ], [ -97.923706, 30.674264 ], [ -97.923382, 30.674086 ], [ -97.922856, 30.673824 ], [ -97.921628, 30.673202 ], [ -97.921493, 30.673132 ], [ -97.920385, 30.672554 ], [ -97.920333, 30.672527 ], [ -97.918564, 30.671712 ], [ -97.91759, 30.671152 ], [ -97.916259, 30.670477 ], [ -97.915592, 30.670138 ], [ -97.914924, 30.6698 ], [ -97.914497, 30.669584 ], [ -97.914332, 30.6695 ], [ -97.912013, 30.668322 ], [ -97.911569, 30.668097 ], [ -97.912024, 30.668035 ], [ -97.912114, 30.668023 ], [ -97.913788, 30.667831 ], [ -97.914506, 30.667743 ], [ -97.915162, 30.667656 ], [ -97.915651, 30.667598 ], [ -97.915786, 30.667571 ], [ -97.915856, 30.667553 ], [ -97.916103, 30.667485 ], [ -97.916212, 30.667448 ], [ -97.916314, 30.667403 ], [ -97.91646, 30.667328 ], [ -97.91672, 30.66717 ], [ -97.916912, 30.667065 ], [ -97.91699, 30.667022 ], [ -97.917441, 30.666747 ], [ -97.917605, 30.66665 ], [ -97.917994, 30.666403 ], [ -97.918267, 30.666207 ], [ -97.918308, 30.666176 ], [ -97.918323, 30.666159 ], [ -97.918456, 30.66607 ], [ -97.918589, 30.666004 ], [ -97.918711, 30.665963 ], [ -97.918829, 30.665941 ], [ -97.918955, 30.66593 ], [ -97.91925, 30.665921 ], [ -97.919342, 30.665911 ], [ -97.919494, 30.665885 ], [ -97.91969, 30.665836 ], [ -97.92004, 30.665727 ], [ -97.920268, 30.66566 ], [ -97.920706, 30.66552 ], [ -97.920936, 30.665447 ], [ -97.921837, 30.665156 ], [ -97.922717, 30.664869 ], [ -97.922958, 30.664785 ], [ -97.923389, 30.66467 ], [ -97.923904, 30.66449 ], [ -97.924617, 30.66427 ], [ -97.925596, 30.663977 ], [ -97.92565, 30.66396 ], [ -97.926306, 30.663746 ], [ -97.926428, 30.66369 ], [ -97.926933, 30.663459 ], [ -97.927507, 30.663211 ], [ -97.9279, 30.663041 ], [ -97.928094, 30.662967 ], [ -97.928203, 30.662928 ], [ -97.928508, 30.66283 ], [ -97.928542, 30.662819 ], [ -97.928632, 30.662794 ], [ -97.929208, 30.662634 ], [ -97.92994, 30.662454 ], [ -97.930603, 30.662293 ], [ -97.930856, 30.662222 ], [ -97.931156, 30.662139 ], [ -97.931588, 30.661996 ], [ -97.931675, 30.661962 ], [ -97.931894, 30.661877 ], [ -97.932075, 30.661793 ], [ -97.932647, 30.661526 ], [ -97.933283, 30.661246 ], [ -97.933428, 30.661182 ], [ -97.933781, 30.661047 ], [ -97.935112, 30.660608 ], [ -97.935778, 30.660405 ], [ -97.936029, 30.660345 ], [ -97.936111, 30.660325 ], [ -97.936331, 30.660285 ], [ -97.937668, 30.660119 ], [ -97.937777, 30.660105 ], [ -97.937904, 30.660089 ], [ -97.938237, 30.660048 ], [ -97.938689, 30.659981 ], [ -97.939015, 30.659945 ], [ -97.939304, 30.659926 ], [ -97.939511, 30.659927 ], [ -97.939894, 30.659956 ], [ -97.940284, 30.660007 ], [ -97.94096, 30.660117 ], [ -97.941417, 30.660175 ], [ -97.941868, 30.660209 ], [ -97.942521, 30.660236 ], [ -97.942578, 30.660239 ], [ -97.943053, 30.660266 ], [ -97.943893, 30.660305 ], [ -97.944953, 30.660364 ], [ -97.946188, 30.660441 ], [ -97.946867, 30.660468 ], [ -97.947175, 30.660472 ], [ -97.947397, 30.660468 ], [ -97.947554, 30.660453 ], [ -97.948088, 30.660366 ], [ -97.948408, 30.660299 ], [ -97.948737, 30.660208 ], [ -97.948934, 30.660154 ], [ -97.949143, 30.660097 ], [ -97.949961, 30.659854 ], [ -97.950823, 30.659581 ], [ -97.950877, 30.659564 ], [ -97.951754, 30.659304 ], [ -97.952171, 30.659175 ], [ -97.954094, 30.658596 ], [ -97.955191, 30.658266 ], [ -97.956076, 30.657973 ], [ -97.956727, 30.657787 ], [ -97.957994, 30.65741 ], [ -97.958398, 30.657286 ], [ -97.959088, 30.657073 ], [ -97.959153, 30.65705 ], [ -97.959574, 30.656904 ], [ -97.959899, 30.656767 ], [ -97.960299, 30.656572 ], [ -97.963392, 30.654839 ], [ -97.963815, 30.654589 ], [ -97.964052, 30.654427 ], [ -97.964118, 30.654377 ], [ -97.965069, 30.653646 ], [ -97.9654, 30.653392 ], [ -97.965697, 30.653188 ], [ -97.96598, 30.653019 ], [ -97.96626, 30.652873 ], [ -97.966497, 30.652769 ], [ -97.966639, 30.652717 ], [ -97.967087, 30.652584 ], [ -97.967264, 30.652537 ], [ -97.967468, 30.652496 ], [ -97.968178, 30.65238 ], [ -97.968871, 30.652288 ], [ -97.969286, 30.652214 ], [ -97.970076, 30.652109 ], [ -97.970906, 30.651995 ], [ -97.971171, 30.651958 ], [ -97.972952, 30.651672 ], [ -97.974747, 30.651406 ], [ -97.976498, 30.651132 ], [ -97.978126, 30.650905 ], [ -97.979861, 30.650631 ], [ -97.98073, 30.6505 ], [ -97.981514, 30.650404 ], [ -97.981712, 30.650391 ], [ -97.981936, 30.650394 ], [ -97.982252, 30.650419 ], [ -97.982622, 30.650467 ], [ -97.982872, 30.650515 ], [ -97.983197, 30.650601 ], [ -97.983486, 30.6507 ], [ -97.984105, 30.650941 ], [ -97.984791, 30.651222 ], [ -97.9858, 30.651603 ], [ -97.986088, 30.651712 ], [ -97.988448, 30.652646 ], [ -97.988977, 30.652851 ], [ -97.988999, 30.65286 ], [ -97.990706, 30.653528 ], [ -97.992631, 30.654255 ], [ -97.993647, 30.654685 ], [ -97.994255, 30.654917 ], [ -97.994689, 30.65506 ], [ -97.994945, 30.655134 ], [ -97.995236, 30.655196 ], [ -97.995487, 30.655233 ], [ -97.995741, 30.655253 ], [ -97.995948, 30.655259 ], [ -97.996201, 30.655257 ], [ -97.996348, 30.655247 ], [ -97.996545, 30.655218 ], [ -97.997085, 30.655124 ], [ -97.997479, 30.655056 ], [ -97.998253, 30.654909 ], [ -97.999222, 30.654725 ], [ -98.000445, 30.654493 ], [ -98.001077, 30.654394 ], [ -98.001437, 30.654357 ], [ -98.001753, 30.654338 ], [ -98.002049, 30.654338 ], [ -98.002371, 30.654356 ], [ -98.002705, 30.654397 ], [ -98.003009, 30.654453 ], [ -98.003268, 30.654519 ], [ -98.003859, 30.654694 ], [ -98.004997, 30.655041 ], [ -98.005597, 30.655225 ], [ -98.006662, 30.655577 ], [ -98.008419, 30.656062 ], [ -98.008687, 30.656118 ], [ -98.008954, 30.656159 ], [ -98.00916, 30.656176 ], [ -98.009593, 30.656189 ], [ -98.009765, 30.656185 ], [ -98.009975, 30.656166 ], [ -98.01018, 30.656134 ], [ -98.010392, 30.656086 ], [ -98.010664, 30.656016 ], [ -98.010779, 30.655985 ], [ -98.012159, 30.655552 ], [ -98.013384, 30.655177 ], [ -98.013841, 30.655023 ], [ -98.014098, 30.65495 ], [ -98.014243, 30.654925 ], [ -98.014463, 30.654854 ], [ -98.014927, 30.654725 ], [ -98.015124, 30.654682 ], [ -98.01538, 30.654646 ], [ -98.015633, 30.654628 ], [ -98.015866, 30.654628 ], [ -98.01606, 30.654638 ], [ -98.016429, 30.654683 ], [ -98.017479, 30.654988 ], [ -98.018338, 30.655263 ], [ -98.019287, 30.655619 ], [ -98.019475, 30.65568 ], [ -98.019887, 30.655799 ], [ -98.020305, 30.6559 ], [ -98.021444, 30.656157 ], [ -98.021801, 30.656223 ], [ -98.022626, 30.656375 ], [ -98.023547, 30.656562 ], [ -98.025266, 30.656945 ], [ -98.026248, 30.657148 ], [ -98.026671, 30.657267 ], [ -98.026933, 30.657354 ], [ -98.027028, 30.657384 ], [ -98.027337, 30.657552 ], [ -98.027632, 30.657734 ], [ -98.027869, 30.657896 ], [ -98.028614, 30.658588 ], [ -98.029376, 30.659358 ], [ -98.030344, 30.660451 ], [ -98.030269, 30.660592 ] ] ] } },
{ "type": "Feature", "properties": { "GEOID": "484910203311", "NAME": "Block Group 1; Census Tract 203.31; Williamson County; Texas", "state": "48", "county": "491", "tract": "020331", "block group": "1", "population": 5209.0, "population_moe": 938.0, "area_sq_miles": 1.658250967867505, "population_density": 3141.2615466154225, "under5": 253.0, "under5_moe": 201.06963967740131, "under18": 1265.0, "under18_moe": 357.97206594928605, "age18_64": 3557.0, "age18_64_moe": 598.91067781431309, "age65plus": 387.0, "age65plus_moe": 231.23364807051763, "civilian_noninstitutionalized_population": 5209.0, "civilian_noninstitutionalized_population_moe": 938.0, "uninsured": 464.0, "uninsured_moe": 328.86927494066697, "uninsured_pct": 8.9076598195430989, "disability_population_base": "<NA>", "disability_population_base_moe": "<NA>", "disability": null, "disability_moe": "<NA>", "disability_pct": null, "poverty_population_base": 5209.0, "poverty_population_base_moe": 938.0, "poverty": 30.0, "poverty_moe": 52.392747589718944, "poverty_pct": 0.57592628143597624, "median_household_income": "120608.0", "median_household_income_moe": "27959.0", "per_capita_income": 48742.0, "per_capita_income_moe": 6764.0, "households": "<NA>", "households_moe": "<NA>", "no_vehicle_households": "<NA>", "no_vehicle_households_moe": "<NA>", "no_vehicle_pct": null, "youth_population_pct": 24.284891533883663, "senior_population_pct": 7.4294490305240934, "healthcare_need_score": 23.105274547352906, "healthcare_need_notes": "Relative index averaging min-max normalized uninsured_pct, disability_pct, poverty_pct, no_vehicle_pct, youth_population_pct, and senior_population_pct within the retained Liberty Hill study-area block groups.", "uninsured_pct_numerator": "uninsured", "uninsured_pct_denominator": "civilian_noninstitutionalized_population", "disability_pct_numerator": "disability", "disability_pct_denominator": "disability_population_base", "poverty_pct_numerator": "poverty", "poverty_pct_denominator": "poverty_population_base", "no_vehicle_pct_numerator": "no_vehicle_households", "no_vehicle_pct_denominator": "households", "youth_population_pct_numerator": "under18", "youth_population_pct_denominator": "population", "senior_population_pct_numerator": "age65plus", "senior_population_pct_denominator": "population", "intersects_liberty_hill_city": false, "nearest_any_medical_miles": 1.5405855093034451, "nearest_primary_care_miles": 1.5405855093034451, "nearest_urgent_care_miles": 1.9934349899748931, "nearest_hospital_miles": 4.399002520857886, "nearest_emergency_miles": 2.4792569543787311, "nearest_primary_care_minutes": null, "nearest_urgent_care_minutes": null, "nearest_hospital_minutes": null, "nearest_emergency_minutes": null, "healthcare_access_measure": "Straight-line distance", "healthcare_access_distance_band": "1-3 miles" }, "geometry": { "type": "Polygon", "coordinates": [ [ [ -97.900129, 30.568914 ], [ -97.899888, 30.568799 ], [ -97.899868, 30.568792 ], [ -97.899672, 30.568724 ], [ -97.899373, 30.568639 ], [ -97.899119, 30.56858 ], [ -97.898842, 30.568542 ], [ -97.898563, 30.568524 ], [ -97.898282, 30.568527 ], [ -97.898002, 30.568548 ], [ -97.897923, 30.568559 ], [ -97.897816, 30.568574 ], [ -97.897277, 30.568697 ], [ -97.896807, 30.568833 ], [ -97.893764, 30.569787 ], [ -97.89291, 30.570055 ], [ -97.891546, 30.570493 ], [ -97.891223, 30.570589 ], [ -97.891078, 30.570633 ], [ -97.890774, 30.570727 ], [ -97.890476, 30.570818 ], [ -97.889328, 30.571173 ], [ -97.887899, 30.571621 ], [ -97.887572, 30.571713 ], [ -97.887527, 30.571727 ], [ -97.885988, 30.572217 ], [ -97.885867, 30.572255 ], [ -97.885767, 30.572287 ], [ -97.88456, 30.572667 ], [ -97.882093, 30.573444 ], [ -97.878608, 30.574541 ], [ -97.876948, 30.575087 ], [ -97.875136, 30.57566 ], [ -97.874313, 30.575897 ], [ -97.872714, 30.576414 ], [ -97.872218, 30.57657 ], [ -97.872035, 30.576629 ], [ -97.87111, 30.574469 ], [ -97.870654, 30.573424 ], [ -97.870228, 30.572502 ], [ -97.870116, 30.572253 ], [ -97.869873, 30.571714 ], [ -97.869693, 30.571313 ], [ -97.869428, 30.570724 ], [ -97.869281, 30.570397 ], [ -97.869105, 30.570052 ], [ -97.869088, 30.570018 ], [ -97.869001, 30.56989 ], [ -97.868783, 30.569595 ], [ -97.868648, 30.569433 ], [ -97.868548, 30.569313 ], [ -97.868123, 30.56884 ], [ -97.868062, 30.568771 ], [ -97.86612, 30.566671 ], [ -97.865598, 30.566094 ], [ -97.865232, 30.56565 ], [ -97.864854, 30.565156 ], [ -97.864561, 30.564752 ], [ -97.864512, 30.564679 ], [ -97.86428, 30.564329 ], [ -97.864195, 30.564195 ], [ -97.863325, 30.562836 ], [ -97.862802, 30.562009 ], [ -97.863005, 30.561951 ], [ -97.863459, 30.561822 ], [ -97.867898, 30.560567 ], [ -97.868348, 30.560441 ], [ -97.868358, 30.560438 ], [ -97.869076, 30.560247 ], [ -97.869465, 30.560171 ], [ -97.869661, 30.560121 ], [ -97.869771, 30.560087 ], [ -97.869823, 30.560067 ], [ -97.869878, 30.56004 ], [ -97.86999, 30.559965 ], [ -97.870176, 30.559809 ], [ -97.870411, 30.559571 ], [ -97.870475, 30.559517 ], [ -97.870596, 30.559428 ], [ -97.870699, 30.559364 ], [ -97.870785, 30.55932 ], [ -97.870886, 30.559281 ], [ -97.871188, 30.559187 ], [ -97.871709, 30.559044 ], [ -97.872834, 30.558694 ], [ -97.873527, 30.558503 ], [ -97.874186, 30.558321 ], [ -97.875143, 30.558032 ], [ -97.87605, 30.557748 ], [ -97.877202, 30.5574 ], [ -97.877878, 30.557214 ], [ -97.878442, 30.557079 ], [ -97.879598, 30.556742 ], [ -97.881205, 30.556276 ], [ -97.881257, 30.556298 ], [ -97.88144, 30.556241 ], [ -97.881468, 30.55626 ], [ -97.881499, 30.55625 ], [ -97.881696, 30.556082 ], [ -97.881712, 30.556053 ], [ -97.881781, 30.555921 ], [ -97.881748, 30.555774 ], [ -97.881719, 30.555642 ], [ -97.880999, 30.555018 ], [ -97.880951, 30.554993 ], [ -97.881311, 30.55495 ], [ -97.881595, 30.554862 ], [ -97.882872, 30.554241 ], [ -97.88412, 30.553593 ], [ -97.886785, 30.555843 ], [ -97.887695, 30.556612 ], [ -97.887886, 30.55816 ], [ -97.888479, 30.562974 ], [ -97.888509, 30.563214 ], [ -97.888596, 30.563925 ], [ -97.888632, 30.564219 ], [ -97.888747, 30.565151 ], [ -97.889986, 30.565777 ], [ -97.890039, 30.565803 ], [ -97.890331, 30.565951 ], [ -97.890668, 30.566121 ], [ -97.891455, 30.566518 ], [ -97.892824, 30.565171 ], [ -97.893324, 30.565074 ], [ -97.894276, 30.565013 ], [ -97.894955, 30.564971 ], [ -97.895785, 30.564917 ], [ -97.896238, 30.564884 ], [ -97.896813, 30.565479 ], [ -97.897064, 30.565616 ], [ -97.89822, 30.566888 ], [ -97.898298, 30.566973 ], [ -97.898363, 30.567086 ], [ -97.898679, 30.567412 ], [ -97.899698, 30.568467 ], [ -97.899943, 30.56872 ], [ -97.900129, 30.568914 ] ] ] } },
{ "type": "Feature", "properties": { "GEOID": "484910203381", "NAME": "Block Group 1; Census Tract 203.38; Williamson County; Texas", "state": "48", "county": "491", "tract": "020338", "block group": "1", "population": 6568.0, "population_moe": 970.0, "area_sq_miles": 1.0729789248704649, "population_density": 6121.2758682962203, "under5": 468.0, "under5_moe": 161.24515496597098, "under18": 2294.0, "under18_moe": 471.10932913709104, "age18_64": 3906.0, "age18_64_moe": 545.07063762415237, "age65plus": 368.0, "age65plus_moe": 102.56217626396194, "civilian_noninstitutionalized_population": 6551.0, "civilian_noninstitutionalized_population_moe": 968.0, "uninsured": 491.0, "uninsured_moe": 226.72009174310071, "uninsured_pct": 7.4950389253549075, "disability_population_base": "<NA>", "disability_population_base_moe": "<NA>", "disability": null, "disability_moe": "<NA>", "disability_pct": null, "poverty_population_base": 6559.0, "poverty_population_base_moe": 972.0, "poverty": 334.0, "poverty_moe": 263.63800939925181, "poverty_pct": 5.092239670681507, "median_household_income": "153514.0", "median_household_income_moe": "17654.0", "per_capita_income": 58342.0, "per_capita_income_moe": 9208.0, "households": "<NA>", "households_moe": "<NA>", "no_vehicle_households": "<NA>", "no_vehicle_households_moe": "<NA>", "no_vehicle_pct": null, "youth_population_pct": 34.926918392204634, "senior_population_pct": 5.6029232643118148, "healthcare_need_score": 31.123961863099897, "healthcare_need_notes": "Relative index averaging min-max normalized uninsured_pct, disability_pct, poverty_pct, no_vehicle_pct, youth_population_pct, and senior_population_pct within the retained Liberty Hill study-area block groups.", "uninsured_pct_numerator": "uninsured", "uninsured_pct_denominator": "civilian_noninstitutionalized_population", "disability_pct_numerator": "disability", "disability_pct_denominator": "disability_population_base", "poverty_pct_numerator": "poverty", "poverty_pct_denominator": "poverty_population_base", "no_vehicle_pct_numerator": "no_vehicle_households", "no_vehicle_pct_denominator": "households", "youth_population_pct_numerator": "under18", "youth_population_pct_denominator": "population", "senior_population_pct_numerator": "age65plus", "senior_population_pct_denominator": "population", "intersects_liberty_hill_city": false, "nearest_any_medical_miles": 0.80332088445173766, "nearest_primary_care_miles": 0.80332088445173766, "nearest_urgent_care_miles": 2.5522104887517121, "nearest_hospital_miles": 3.56379100092613, "nearest_emergency_miles": 3.0375603896461549, "nearest_primary_care_minutes": null, "nearest_urgent_care_minutes": null, "nearest_hospital_minutes": null, "nearest_emergency_minutes": null, "healthcare_access_measure": "Straight-line distance", "healthcare_access_distance_band": "0-1 miles" }, "geometry": { "type": "Polygon", "coordinates": [ [ [ -97.88412, 30.553593 ], [ -97.882872, 30.554241 ], [ -97.881595, 30.554862 ], [ -97.881311, 30.55495 ], [ -97.880951, 30.554993 ], [ -97.880999, 30.555018 ], [ -97.881719, 30.555642 ], [ -97.881748, 30.555774 ], [ -97.881781, 30.555921 ], [ -97.881712, 30.556053 ], [ -97.881696, 30.556082 ], [ -97.881499, 30.55625 ], [ -97.881468, 30.55626 ], [ -97.88144, 30.556241 ], [ -97.881257, 30.556298 ], [ -97.881205, 30.556276 ], [ -97.879598, 30.556742 ], [ -97.878442, 30.557079 ], [ -97.877878, 30.557214 ], [ -97.877202, 30.5574 ], [ -97.87605, 30.557748 ], [ -97.875143, 30.558032 ], [ -97.874186, 30.558321 ], [ -97.873527, 30.558503 ], [ -97.872834, 30.558694 ], [ -97.871709, 30.559044 ], [ -97.871188, 30.559187 ], [ -97.870886, 30.559281 ], [ -97.870785, 30.55932 ], [ -97.870699, 30.559364 ], [ -97.870596, 30.559428 ], [ -97.870475, 30.559517 ], [ -97.870411, 30.559571 ], [ -97.870176, 30.559809 ], [ -97.86999, 30.559965 ], [ -97.869878, 30.56004 ], [ -97.869823, 30.560067 ], [ -97.869771, 30.560087 ], [ -97.869661, 30.560121 ], [ -97.869465, 30.560171 ], [ -97.869076, 30.560247 ], [ -97.868358, 30.560438 ], [ -97.868348, 30.560441 ], [ -97.867898, 30.560567 ], [ -97.863459, 30.561822 ], [ -97.863005, 30.561951 ], [ -97.862802, 30.562009 ], [ -97.862538, 30.561618 ], [ -97.861316, 30.559778 ], [ -97.861085, 30.559418 ], [ -97.860945, 30.5592 ], [ -97.860761, 30.558906 ], [ -97.860597, 30.558644 ], [ -97.860386, 30.558306 ], [ -97.86004, 30.557745 ], [ -97.859918, 30.557539 ], [ -97.859442, 30.556734 ], [ -97.859026, 30.556029 ], [ -97.858919, 30.555857 ], [ -97.858887, 30.5558 ], [ -97.858501, 30.555114 ], [ -97.858437, 30.554999 ], [ -97.858287, 30.554756 ], [ -97.858198, 30.554612 ], [ -97.857922, 30.554138 ], [ -97.857748, 30.553838 ], [ -97.857605, 30.553866 ], [ -97.857274, 30.553945 ], [ -97.856951, 30.554044 ], [ -97.856636, 30.554161 ], [ -97.856544, 30.554187 ], [ -97.856451, 30.554206 ], [ -97.856355, 30.554219 ], [ -97.856259, 30.554225 ], [ -97.856163, 30.554223 ], [ -97.856066, 30.554215 ], [ -97.855972, 30.5542 ], [ -97.855879, 30.554178 ], [ -97.855789, 30.554149 ], [ -97.8555, 30.554028 ], [ -97.855462, 30.554012 ], [ -97.855126, 30.553894 ], [ -97.854977, 30.553823 ], [ -97.854702, 30.553652 ], [ -97.854642, 30.553622 ], [ -97.854595, 30.553609 ], [ -97.854547, 30.553605 ], [ -97.854628, 30.553475 ], [ -97.854709, 30.553317 ], [ -97.854774, 30.553154 ], [ -97.854821, 30.552987 ], [ -97.854958, 30.552584 ], [ -97.855118, 30.552186 ], [ -97.855297, 30.55191 ], [ -97.85549, 30.551639 ], [ -97.855624, 30.551464 ], [ -97.855747, 30.551274 ], [ -97.855918, 30.550981 ], [ -97.856248, 30.550319 ], [ -97.856449, 30.549964 ], [ -97.856669, 30.549622 ], [ -97.857127, 30.549017 ], [ -97.857486, 30.548643 ], [ -97.858314, 30.547721 ], [ -97.858371, 30.547658 ], [ -97.858529, 30.547502 ], [ -97.858701, 30.547353 ], [ -97.858884, 30.547219 ], [ -97.859081, 30.547097 ], [ -97.859472, 30.546914 ], [ -97.859776, 30.546796 ], [ -97.860004, 30.54672 ], [ -97.860302, 30.546638 ], [ -97.86101, 30.546418 ], [ -97.861683, 30.546222 ], [ -97.862241, 30.546036 ], [ -97.862473, 30.545981 ], [ -97.862618, 30.545954 ], [ -97.863432, 30.545696 ], [ -97.864485, 30.545374 ], [ -97.864643, 30.545333 ], [ -97.865021, 30.545289 ], [ -97.865285, 30.54523 ], [ -97.865538, 30.545203 ], [ -97.865775, 30.545213 ], [ -97.865957, 30.545243 ], [ -97.866151, 30.545302 ], [ -97.866329, 30.545375 ], [ -97.866493, 30.545467 ], [ -97.866619, 30.545562 ], [ -97.866711, 30.545655 ], [ -97.86681, 30.545773 ], [ -97.866892, 30.545902 ], [ -97.866951, 30.546027 ], [ -97.867032, 30.546261 ], [ -97.867174, 30.546604 ], [ -97.867282, 30.546766 ], [ -97.867382, 30.546886 ], [ -97.867482, 30.54698 ], [ -97.867605, 30.547073 ], [ -97.868032, 30.547334 ], [ -97.868401, 30.547583 ], [ -97.868489, 30.547466 ], [ -97.868845, 30.546997 ], [ -97.871302, 30.548247 ], [ -97.871431, 30.548313 ], [ -97.871997, 30.5486 ], [ -97.872663, 30.548939 ], [ -97.873392, 30.549311 ], [ -97.873603, 30.549418 ], [ -97.873648, 30.549441 ], [ -97.873769, 30.549503 ], [ -97.873802, 30.54952 ], [ -97.873841, 30.54954 ], [ -97.873936, 30.549588 ], [ -97.874197, 30.549721 ], [ -97.874485, 30.549867 ], [ -97.87529, 30.550276 ], [ -97.875746, 30.550506 ], [ -97.877153, 30.551215 ], [ -97.878788, 30.55204 ], [ -97.880308, 30.552806 ], [ -97.880619, 30.552963 ], [ -97.881241, 30.553277 ], [ -97.881295, 30.553304 ], [ -97.881527, 30.553421 ], [ -97.882289, 30.553805 ], [ -97.883369, 30.552958 ], [ -97.88412, 30.553593 ] ] ] } },
{ "type": "Feature", "properties": { "GEOID": "484910201211", "NAME": "Block Group 1; Census Tract 201.21; Williamson County; Texas", "state": "48", "county": "491", "tract": "020121", "block group": "1", "population": 931.0, "population_moe": 270.0, "area_sq_miles": 1.6422933573525293, "population_density": 566.89019402771328, "under5": 9.0, "under5_moe": 21.213203435596427, "under18": 116.0, "under18_moe": 96.369082178881413, "age18_64": 482.0, "age18_64_moe": 182.64720090929399, "age65plus": 333.0, "age65plus_moe": 90.956033334793133, "civilian_noninstitutionalized_population": 904.0, "civilian_noninstitutionalized_population_moe": 267.0, "uninsured": 17.0, "uninsured_moe": 32.787192621510002, "uninsured_pct": 1.8805309734513276, "disability_population_base": "<NA>", "disability_population_base_moe": "<NA>", "disability": null, "disability_moe": "<NA>", "disability_pct": null, "poverty_population_base": 931.0, "poverty_population_base_moe": 270.0, "poverty": 87.0, "poverty_moe": 93.338095116624274, "poverty_pct": 9.3447905477980662, "median_household_income": "158188.0", "median_household_income_moe": "95753.0", "per_capita_income": 88479.0, "per_capita_income_moe": 33492.0, "households": "<NA>", "households_moe": "<NA>", "no_vehicle_households": "<NA>", "no_vehicle_households_moe": "<NA>", "no_vehicle_pct": null, "youth_population_pct": 12.459720730397422, "senior_population_pct": 35.767991407089148, "healthcare_need_score": 24.733311803456559, "healthcare_need_notes": "Relative index averaging min-max normalized uninsured_pct, disability_pct, poverty_pct, no_vehicle_pct, youth_population_pct, and senior_population_pct within the retained Liberty Hill study-area block groups.", "uninsured_pct_numerator": "uninsured", "uninsured_pct_denominator": "civilian_noninstitutionalized_population", "disability_pct_numerator": "disability", "disability_pct_denominator": "disability_population_base", "poverty_pct_numerator": "poverty", "poverty_pct_denominator": "poverty_population_base", "no_vehicle_pct_numerator": "no_vehicle_households", "no_vehicle_pct_denominator": "households", "youth_population_pct_numerator": "under18", "youth_population_pct_denominator": "population", "senior_population_pct_numerator": "age65plus", "senior_population_pct_denominator": "population", "intersects_liberty_hill_city": false, "nearest_any_medical_miles": 2.0333562833492538, "nearest_primary_care_miles": 3.6852174226852323, "nearest_urgent_care_miles": 10.041788682646116, "nearest_hospital_miles": 2.0333562833492538, "nearest_emergency_miles": 9.6880958991502233, "nearest_primary_care_minutes": null, "nearest_urgent_care_minutes": null, "nearest_hospital_minutes": null, "nearest_emergency_minutes": null, "healthcare_access_measure": "Straight-line distance", "healthcare_access_distance_band": "1-3 miles" }, "geometry": { "type": "Polygon", "coordinates": [ [ [ -97.724329, 30.660218 ], [ -97.724289, 30.660482 ], [ -97.724213, 30.660804 ], [ -97.724183, 30.660924 ], [ -97.724037, 30.66132 ], [ -97.7239, 30.661594 ], [ -97.723668, 30.662011 ], [ -97.722833, 30.66343 ], [ -97.72224, 30.664335 ], [ -97.722189, 30.664417 ], [ -97.722033, 30.664367 ], [ -97.721691, 30.66429 ], [ -97.721331, 30.664208 ], [ -97.72101, 30.664094 ], [ -97.720968, 30.664079 ], [ -97.720945, 30.664071 ], [ -97.720867, 30.664037 ], [ -97.720665, 30.663948 ], [ -97.720517, 30.663883 ], [ -97.720057, 30.663681 ], [ -97.719501, 30.663365 ], [ -97.718564, 30.662949 ], [ -97.717411, 30.662552 ], [ -97.717169, 30.662513 ], [ -97.716436, 30.662471 ], [ -97.715944, 30.662496 ], [ -97.715582, 30.662674 ], [ -97.715305, 30.662753 ], [ -97.714564, 30.66286 ], [ -97.713655, 30.66284 ], [ -97.71203, 30.662509 ], [ -97.710751, 30.662092 ], [ -97.710186, 30.661773 ], [ -97.709953, 30.661642 ], [ -97.70923, 30.66137 ], [ -97.708753, 30.661242 ], [ -97.708298, 30.661205 ], [ -97.707674, 30.661243 ], [ -97.70751, 30.661253 ], [ -97.706969, 30.661428 ], [ -97.706832, 30.661561 ], [ -97.706543, 30.662582 ], [ -97.706479, 30.662811 ], [ -97.706166, 30.663014 ], [ -97.705738, 30.663292 ], [ -97.705089, 30.663394 ], [ -97.704867, 30.663373 ], [ -97.704684, 30.663356 ], [ -97.704309, 30.663138 ], [ -97.704295, 30.663126 ], [ -97.703609, 30.662528 ], [ -97.703335, 30.662041 ], [ -97.703254, 30.661618 ], [ -97.703164, 30.661458 ], [ -97.702095, 30.660231 ], [ -97.701827, 30.660007 ], [ -97.701002, 30.659104 ], [ -97.699968, 30.658376 ], [ -97.699057, 30.65744 ], [ -97.698548, 30.656656 ], [ -97.698443, 30.656495 ], [ -97.697689, 30.655336 ], [ -97.697096, 30.654554 ], [ -97.696658, 30.653778 ], [ -97.696603, 30.653681 ], [ -97.696587, 30.653634 ], [ -97.696569, 30.65358 ], [ -97.69649, 30.653341 ], [ -97.69648, 30.653309 ], [ -97.696466, 30.653268 ], [ -97.696339, 30.653158 ], [ -97.695642, 30.652556 ], [ -97.694746, 30.651981 ], [ -97.694154, 30.651716 ], [ -97.694218, 30.651657 ], [ -97.694384, 30.651431 ], [ -97.694606, 30.651057 ], [ -97.69482, 30.6505 ], [ -97.695001, 30.649767 ], [ -97.695151, 30.648446 ], [ -97.695201, 30.646873 ], [ -97.695289, 30.646488 ], [ -97.695446, 30.646279 ], [ -97.695762, 30.646108 ], [ -97.69612, 30.646059 ], [ -97.696619, 30.64599 ], [ -97.697282, 30.645991 ], [ -97.698641, 30.646121 ], [ -97.699736, 30.646287 ], [ -97.699943, 30.646276 ], [ -97.700161, 30.646172 ], [ -97.700568, 30.645815 ], [ -97.700786, 30.645386 ], [ -97.700949, 30.645171 ], [ -97.701061, 30.645026 ], [ -97.701286, 30.644732 ], [ -97.701903, 30.643811 ], [ -97.701922, 30.643782 ], [ -97.702278, 30.643252 ], [ -97.702609, 30.642638 ], [ -97.70304, 30.642071 ], [ -97.703176, 30.641891 ], [ -97.703707, 30.641318 ], [ -97.703745, 30.641277 ], [ -97.704111, 30.640882 ], [ -97.704553, 30.640506 ], [ -97.705371, 30.639903 ], [ -97.705501, 30.639833 ], [ -97.706129, 30.639495 ], [ -97.70625, 30.639429 ], [ -97.706486, 30.639355 ], [ -97.706734, 30.639342 ], [ -97.707799, 30.639481 ], [ -97.708245, 30.639493 ], [ -97.709874, 30.639537 ], [ -97.710061, 30.639615 ], [ -97.710167, 30.639724 ], [ -97.710263, 30.639904 ], [ -97.710302, 30.639978 ], [ -97.710417, 30.640193 ], [ -97.71042, 30.640234 ], [ -97.710431, 30.640342 ], [ -97.710441, 30.64045 ], [ -97.710507, 30.641132 ], [ -97.710439, 30.642374 ], [ -97.71034, 30.642941 ], [ -97.710313, 30.643044 ], [ -97.710191, 30.643514 ], [ -97.709937, 30.644501 ], [ -97.7099, 30.644645 ], [ -97.709826, 30.644935 ], [ -97.709771, 30.645358 ], [ -97.709707, 30.645854 ], [ -97.709739, 30.646066 ], [ -97.709766, 30.646243 ], [ -97.709809, 30.646359 ], [ -97.710033, 30.646951 ], [ -97.711413, 30.648638 ], [ -97.711929, 30.649385 ], [ -97.71241, 30.65008 ], [ -97.712508, 30.650152 ], [ -97.712638, 30.650248 ], [ -97.712666, 30.650211 ], [ -97.712775, 30.650266 ], [ -97.712919, 30.650356 ], [ -97.71297, 30.650364 ], [ -97.713094, 30.650424 ], [ -97.713168, 30.650461 ], [ -97.713197, 30.650482 ], [ -97.713767, 30.650531 ], [ -97.71503, 30.650528 ], [ -97.715365, 30.650354 ], [ -97.715864, 30.649864 ], [ -97.715812, 30.64974 ], [ -97.716107, 30.649366 ], [ -97.716298, 30.64908 ], [ -97.716425, 30.648821 ], [ -97.716749, 30.648244 ], [ -97.71678, 30.64811 ], [ -97.716793, 30.648141 ], [ -97.718688, 30.65263 ], [ -97.719456, 30.65449 ], [ -97.719611, 30.654726 ], [ -97.719783, 30.654954 ], [ -97.71997, 30.655172 ], [ -97.720173, 30.65538 ], [ -97.720399, 30.655572 ], [ -97.72064, 30.655748 ], [ -97.720896, 30.655909 ], [ -97.721164, 30.656055 ], [ -97.721443, 30.656184 ], [ -97.721577, 30.656235 ], [ -97.721869, 30.656378 ], [ -97.721947, 30.656417 ], [ -97.722029, 30.656458 ], [ -97.722192, 30.656563 ], [ -97.722228, 30.656586 ], [ -97.722307, 30.656635 ], [ -97.72241, 30.656701 ], [ -97.722625, 30.656837 ], [ -97.722926, 30.657068 ], [ -97.723149, 30.657253 ], [ -97.723306, 30.6574 ], [ -97.723502, 30.657641 ], [ -97.723697, 30.657878 ], [ -97.723864, 30.658134 ], [ -97.723983, 30.658367 ], [ -97.724106, 30.658652 ], [ -97.724205, 30.658937 ], [ -97.72429, 30.659307 ], [ -97.724328, 30.659559 ], [ -97.724352, 30.659833 ], [ -97.724329, 30.660218 ] ] ] } },
{ "type": "Feature", "properties": { "GEOID": "484910203371", "NAME": "Block Group 1; Census Tract 203.37; Williamson County; Texas", "state": "48", "county": "491", "tract": "020337", "block group": "1", "population": 1872.0, "population_moe": 1342.0, "area_sq_miles": 0.23491606510647828, "population_density": 7968.8036624974775, "under5": 130.0, "under5_moe": 119.33147112141039, "under18": 762.0, "under18_moe": 458.00436679140955, "age18_64": 973.0, "age18_64_moe": 466.17485989701333, "age65plus": 137.0, "age65plus_moe": 79.435508432942001, "civilian_noninstitutionalized_population": 1767.0, "civilian_noninstitutionalized_population_moe": 1342.0, "uninsured": 146.0, "uninsured_moe": 131.74217244299564, "uninsured_pct": 8.2625919637804195, "disability_population_base": "<NA>", "disability_population_base_moe": "<NA>", "disability": null, "disability_moe": "<NA>", "disability_pct": null, "poverty_population_base": 1767.0, "poverty_population_base_moe": 1342.0, "poverty": 53.0, "poverty_moe": 67.446274915668994, "poverty_pct": 2.9994340690435766, "median_household_income": "158940.0", "median_household_income_moe": "1079.0", "per_capita_income": 40944.0, "per_capita_income_moe": 4650.0, "households": "<NA>", "households_moe": "<NA>", "no_vehicle_households": "<NA>", "no_vehicle_households_moe": "<NA>", "no_vehicle_pct": null, "youth_population_pct": 40.705128205128204, "senior_population_pct": 7.318376068376069, "healthcare_need_score": 34.316535437205168, "healthcare_need_notes": "Relative index averaging min-max normalized uninsured_pct, disability_pct, poverty_pct, no_vehicle_pct, youth_population_pct, and senior_population_pct within the retained Liberty Hill study-area block groups.", "uninsured_pct_numerator": "uninsured", "uninsured_pct_denominator": "civilian_noninstitutionalized_population", "disability_pct_numerator": "disability", "disability_pct_denominator": "disability_population_base", "poverty_pct_numerator": "poverty", "poverty_pct_denominator": "poverty_population_base", "no_vehicle_pct_numerator": "no_vehicle_households", "no_vehicle_pct_denominator": "households", "youth_population_pct_numerator": "under18", "youth_population_pct_denominator": "population", "senior_population_pct_numerator": "age65plus", "senior_population_pct_denominator": "population", "intersects_liberty_hill_city": false, "nearest_any_medical_miles": 1.8609617480871687, "nearest_primary_care_miles": 1.8609617480871687, "nearest_urgent_care_miles": 4.3115628323831139, "nearest_hospital_miles": 2.8603603472898018, "nearest_emergency_miles": 4.7770866212504401, "nearest_primary_care_minutes": null, "nearest_urgent_care_minutes": null, "nearest_hospital_minutes": null, "nearest_emergency_minutes": null, "healthcare_access_measure": "Straight-line distance", "healthcare_access_distance_band": "1-3 miles" }, "geometry": { "type": "Polygon", "coordinates": [ [ [ -97.868246, 30.525888 ], [ -97.868144, 30.526759 ], [ -97.868043, 30.527587 ], [ -97.867898, 30.528095 ], [ -97.867809, 30.528394 ], [ -97.867576, 30.529206 ], [ -97.867255, 30.529916 ], [ -97.867067, 30.530174 ], [ -97.866986, 30.530344 ], [ -97.866844, 30.530531 ], [ -97.866789, 30.530601 ], [ -97.866448, 30.531035 ], [ -97.866124, 30.530862 ], [ -97.865007, 30.530312 ], [ -97.864322, 30.530074 ], [ -97.863804, 30.529894 ], [ -97.862403, 30.529394 ], [ -97.862264, 30.529353 ], [ -97.862096, 30.529319 ], [ -97.861926, 30.529301 ], [ -97.861766, 30.529299 ], [ -97.861607, 30.529311 ], [ -97.861427, 30.529341 ], [ -97.861275, 30.529382 ], [ -97.86078, 30.529521 ], [ -97.860056, 30.529803 ], [ -97.859861, 30.529947 ], [ -97.859708, 30.530134 ], [ -97.859555, 30.53029 ], [ -97.859401, 30.530423 ], [ -97.859244, 30.53054 ], [ -97.858744, 30.530788 ], [ -97.858618, 30.530851 ], [ -97.858545, 30.530706 ], [ -97.858283, 30.53044 ], [ -97.857951, 30.530169 ], [ -97.857553, 30.529884 ], [ -97.85733, 30.529704 ], [ -97.856905, 30.52938 ], [ -97.856715, 30.529208 ], [ -97.856569, 30.52909 ], [ -97.856412, 30.528937 ], [ -97.856201, 30.528693 ], [ -97.856047, 30.528498 ], [ -97.85588, 30.528234 ], [ -97.855686, 30.527856 ], [ -97.855355, 30.527102 ], [ -97.855475, 30.527064 ], [ -97.857057, 30.526569 ], [ -97.857932, 30.526295 ], [ -97.858517, 30.526106 ], [ -97.860609, 30.52543 ], [ -97.864125, 30.524281 ], [ -97.864517, 30.524164 ], [ -97.8646, 30.524139 ], [ -97.864639, 30.524119 ], [ -97.864738, 30.524074 ], [ -97.864786, 30.52405 ], [ -97.864864, 30.524014 ], [ -97.864916, 30.523989 ], [ -97.864986, 30.523952 ], [ -97.865045, 30.523921 ], [ -97.865077, 30.523902 ], [ -97.865095, 30.52389 ], [ -97.865193, 30.523829 ], [ -97.865259, 30.523785 ], [ -97.865526, 30.523923 ], [ -97.865746, 30.524116 ], [ -97.866418, 30.524573 ], [ -97.866499, 30.524621 ], [ -97.866609, 30.524649 ], [ -97.866835, 30.524689 ], [ -97.867088, 30.524745 ], [ -97.867427, 30.524807 ], [ -97.867478, 30.524816 ], [ -97.868353, 30.52499 ], [ -97.868246, 30.525888 ] ] ] } },
{ "type": "Feature", "properties": { "GEOID": "484910201241", "NAME": "Block Group 1; Census Tract 201.24; Williamson County; Texas", "state": "48", "county": "491", "tract": "020124", "block group": "1", "population": 1329.0, "population_moe": 388.0, "area_sq_miles": 2.7563166709348477, "population_density": 482.16520765346201, "under5": 60.0, "under5_moe": 55.605755097831377, "under18": 332.0, "under18_moe": 129.06587465321729, "age18_64": 840.0, "age18_64_moe": 242.18381448808671, "age65plus": 157.0, "age65plus_moe": 91.547801721286575, "civilian_noninstitutionalized_population": 1254.0, "civilian_noninstitutionalized_population_moe": 362.0, "uninsured": 162.0, "uninsured_moe": 116.42164747159353, "uninsured_pct": 12.918660287081341, "disability_population_base": "<NA>", "disability_population_base_moe": "<NA>", "disability": null, "disability_moe": "<NA>", "disability_pct": null, "poverty_population_base": 1329.0, "poverty_population_base_moe": 388.0, "poverty": 70.0, "poverty_moe": 113.99122773266372, "poverty_pct": 5.2671181339352895, "median_household_income": "131845.0", "median_household_income_moe": "46149.0", "per_capita_income": 72759.0, "per_capita_income_moe": 28680.0, "households": "<NA>", "households_moe": "<NA>", "no_vehicle_households": "<NA>", "no_vehicle_households_moe": "<NA>", "no_vehicle_pct": null, "youth_population_pct": 24.981188863807375, "senior_population_pct": 11.813393528969151, "healthcare_need_score": 30.851010468399124, "healthcare_need_notes": "Relative index averaging min-max normalized uninsured_pct, disability_pct, poverty_pct, no_vehicle_pct, youth_population_pct, and senior_population_pct within the retained Liberty Hill study-area block groups.", "uninsured_pct_numerator": "uninsured", "uninsured_pct_denominator": "civilian_noninstitutionalized_population", "disability_pct_numerator": "disability", "disability_pct_denominator": "disability_population_base", "poverty_pct_numerator": "poverty", "poverty_pct_denominator": "poverty_population_base", "no_vehicle_pct_numerator": "no_vehicle_households", "no_vehicle_pct_denominator": "households", "youth_population_pct_numerator": "under18", "youth_population_pct_denominator": "population", "senior_population_pct_numerator": "age65plus", "senior_population_pct_denominator": "population", "intersects_liberty_hill_city": false, "nearest_any_medical_miles": 3.6431761729850063, "nearest_primary_care_miles": 5.0808470930750644, "nearest_urgent_care_miles": 7.0163328149649464, "nearest_hospital_miles": 3.6431761729850063, "nearest_emergency_miles": 6.6932130282686693, "nearest_primary_care_minutes": null, "nearest_urgent_care_minutes": null, "nearest_hospital_minutes": null, "nearest_emergency_minutes": null, "healthcare_access_measure": "Straight-line distance", "healthcare_access_distance_band": "3-5 miles" }, "geometry": { "type": "Polygon", "coordinates": [ [ [ -97.778682, 30.62782 ], [ -97.778672, 30.627921 ], [ -97.778673, 30.627994 ], [ -97.778576, 30.628121 ], [ -97.778543, 30.62828 ], [ -97.778522, 30.628413 ], [ -97.778503, 30.628629 ], [ -97.778418, 30.62888 ], [ -97.778278, 30.629134 ], [ -97.778222, 30.629235 ], [ -97.777995, 30.629655 ], [ -97.777869, 30.630012 ], [ -97.777763, 30.630261 ], [ -97.777761, 30.630377 ], [ -97.7778, 30.630632 ], [ -97.777794, 30.630843 ], [ -97.777705, 30.631004 ], [ -97.777482, 30.631337 ], [ -97.777464, 30.631446 ], [ -97.777449, 30.631574 ], [ -97.77748, 30.631711 ], [ -97.777539, 30.632111 ], [ -97.777615, 30.632289 ], [ -97.777631, 30.63241 ], [ -97.777675, 30.632535 ], [ -97.777761, 30.632682 ], [ -97.777764, 30.632869 ], [ -97.777831, 30.633191 ], [ -97.777838, 30.633347 ], [ -97.777854, 30.633449 ], [ -97.777899, 30.63351 ], [ -97.77798, 30.633617 ], [ -97.778061, 30.63378 ], [ -97.778168, 30.634106 ], [ -97.778241, 30.634395 ], [ -97.777923, 30.634352 ], [ -97.777803, 30.634335 ], [ -97.777736, 30.634326 ], [ -97.77633, 30.634138 ], [ -97.775029, 30.633962 ], [ -97.773586, 30.633769 ], [ -97.77195, 30.633547 ], [ -97.771856, 30.633534 ], [ -97.770779, 30.633387 ], [ -97.770531, 30.633354 ], [ -97.769634, 30.633237 ], [ -97.765848, 30.632722 ], [ -97.764856, 30.632587 ], [ -97.764315, 30.632514 ], [ -97.762402, 30.632266 ], [ -97.762148, 30.632234 ], [ -97.761938, 30.632216 ], [ -97.761704, 30.632196 ], [ -97.76149, 30.632178 ], [ -97.761268, 30.632161 ], [ -97.760703, 30.632118 ], [ -97.760027, 30.632082 ], [ -97.758701, 30.631996 ], [ -97.757924, 30.631942 ], [ -97.75343, 30.631636 ], [ -97.752645, 30.631582 ], [ -97.752288, 30.631557 ], [ -97.751526, 30.631505 ], [ -97.748955, 30.631332 ], [ -97.747583, 30.631241 ], [ -97.74692, 30.631189 ], [ -97.746191, 30.631141 ], [ -97.745275, 30.631111 ], [ -97.744729, 30.631111 ], [ -97.744693, 30.631111 ], [ -97.744584, 30.631113 ], [ -97.744434, 30.631116 ], [ -97.744053, 30.631125 ], [ -97.743429, 30.631161 ], [ -97.742808, 30.631215 ], [ -97.742748, 30.631222 ], [ -97.742522, 30.631249 ], [ -97.742189, 30.631289 ], [ -97.7417, 30.631361 ], [ -97.740958, 30.63149 ], [ -97.74047, 30.631593 ], [ -97.739586, 30.631797 ], [ -97.738844, 30.631969 ], [ -97.738713, 30.632 ], [ -97.73436, 30.633022 ], [ -97.733314, 30.633269 ], [ -97.732793, 30.633387 ], [ -97.731587, 30.633661 ], [ -97.729064, 30.634233 ], [ -97.728445, 30.634374 ], [ -97.727648, 30.634519 ], [ -97.726878, 30.634518 ], [ -97.726028, 30.634545 ], [ -97.725497, 30.63447 ], [ -97.724706, 30.634396 ], [ -97.724535, 30.634363 ], [ -97.723668, 30.634244 ], [ -97.722841, 30.634138 ], [ -97.722829, 30.633987 ], [ -97.722726, 30.63323 ], [ -97.722454, 30.63189 ], [ -97.72179, 30.629437 ], [ -97.72128, 30.628062 ], [ -97.720936, 30.627292 ], [ -97.72028, 30.626715 ], [ -97.720328, 30.626607 ], [ -97.720347, 30.626518 ], [ -97.720345, 30.626442 ], [ -97.720328, 30.626344 ], [ -97.71998, 30.625368 ], [ -97.719051, 30.622498 ], [ -97.718647, 30.621537 ], [ -97.717787, 30.619541 ], [ -97.717753, 30.619458 ], [ -97.717783, 30.619448 ], [ -97.718113, 30.619337 ], [ -97.718673, 30.619048 ], [ -97.719154, 30.618906 ], [ -97.719188, 30.618897 ], [ -97.719338, 30.618853 ], [ -97.719663, 30.618792 ], [ -97.72014, 30.618644 ], [ -97.720823, 30.618344 ], [ -97.721391, 30.618276 ], [ -97.722342, 30.618041 ], [ -97.722708, 30.618034 ], [ -97.722971, 30.618137 ], [ -97.723046, 30.618189 ], [ -97.723202, 30.618297 ], [ -97.723277, 30.618349 ], [ -97.723617, 30.618584 ], [ -97.723968, 30.618748 ], [ -97.724193, 30.618854 ], [ -97.724224, 30.618864 ], [ -97.724733, 30.619039 ], [ -97.725495, 30.619184 ], [ -97.726029, 30.619384 ], [ -97.727032, 30.619949 ], [ -97.727423, 30.620313 ], [ -97.727869, 30.620955 ], [ -97.727927, 30.621063 ], [ -97.728081, 30.621345 ], [ -97.728158, 30.621531 ], [ -97.72829, 30.621848 ], [ -97.7283, 30.622007 ], [ -97.728302, 30.62204 ], [ -97.728327, 30.622388 ], [ -97.728426, 30.622988 ], [ -97.728535, 30.623219 ], [ -97.728645, 30.623326 ], [ -97.7287, 30.623379 ], [ -97.729414, 30.623731 ], [ -97.729436, 30.623745 ], [ -97.729876, 30.623784 ], [ -97.730291, 30.623827 ], [ -97.730629, 30.623862 ], [ -97.730773, 30.623842 ], [ -97.731284, 30.623771 ], [ -97.731514, 30.623665 ], [ -97.7316, 30.623626 ], [ -97.732321, 30.623209 ], [ -97.732585, 30.622937 ], [ -97.732972, 30.622314 ], [ -97.733189, 30.621856 ], [ -97.733549, 30.621097 ], [ -97.733982, 30.620497 ], [ -97.734024, 30.620439 ], [ -97.734029, 30.620403 ], [ -97.734041, 30.620336 ], [ -97.734073, 30.620158 ], [ -97.734377, 30.619542 ], [ -97.734511, 30.619459 ], [ -97.734836, 30.619262 ], [ -97.735116, 30.61915 ], [ -97.735449, 30.619019 ], [ -97.735586, 30.618965 ], [ -97.736078, 30.618996 ], [ -97.736442, 30.619019 ], [ -97.736846, 30.618967 ], [ -97.737376, 30.618901 ], [ -97.738527, 30.618388 ], [ -97.739787, 30.618179 ], [ -97.740165, 30.617968 ], [ -97.741386, 30.617637 ], [ -97.741711, 30.617586 ], [ -97.742079, 30.617592 ], [ -97.74241, 30.617735 ], [ -97.74267, 30.618136 ], [ -97.742987, 30.619486 ], [ -97.742864, 30.619777 ], [ -97.742859, 30.619919 ], [ -97.743063, 30.620527 ], [ -97.743473, 30.62082 ], [ -97.74366, 30.620889 ], [ -97.743948, 30.620918 ], [ -97.74423, 30.620878 ], [ -97.744891, 30.62089 ], [ -97.745527, 30.621156 ], [ -97.746478, 30.62136 ], [ -97.746609, 30.621359 ], [ -97.747763, 30.621353 ], [ -97.748155, 30.621421 ], [ -97.748638, 30.621356 ], [ -97.749064, 30.621182 ], [ -97.749299, 30.621134 ], [ -97.750494, 30.621166 ], [ -97.752783, 30.621492 ], [ -97.754639, 30.621871 ], [ -97.75486, 30.622033 ], [ -97.755249, 30.622445 ], [ -97.755481, 30.622692 ], [ -97.756138, 30.623128 ], [ -97.756886, 30.623513 ], [ -97.757248, 30.623592 ], [ -97.757534, 30.623565 ], [ -97.760147, 30.622547 ], [ -97.760864, 30.622367 ], [ -97.762566, 30.621731 ], [ -97.76397, 30.620536 ], [ -97.764124, 30.62007 ], [ -97.764196, 30.620034 ], [ -97.765591, 30.619676 ], [ -97.766337, 30.619636 ], [ -97.767578, 30.619461 ], [ -97.767989, 30.61947 ], [ -97.768595, 30.6197 ], [ -97.769743, 30.620267 ], [ -97.76981, 30.620311 ], [ -97.771031, 30.621105 ], [ -97.771716, 30.621722 ], [ -97.772284, 30.62238 ], [ -97.772634, 30.623107 ], [ -97.772758, 30.623658 ], [ -97.772825, 30.623951 ], [ -97.773084, 30.624359 ], [ -97.773329, 30.624603 ], [ -97.77377, 30.624873 ], [ -97.774148, 30.624937 ], [ -97.774334, 30.62487 ], [ -97.774519, 30.624802 ], [ -97.774836, 30.624687 ], [ -97.77526, 30.6244 ], [ -97.775815, 30.623827 ], [ -97.775881, 30.623689 ], [ -97.776077, 30.62328 ], [ -97.776178, 30.623312 ], [ -97.776305, 30.623394 ], [ -97.776464, 30.623515 ], [ -97.776515, 30.623587 ], [ -97.776541, 30.623653 ], [ -97.776547, 30.623713 ], [ -97.776522, 30.623801 ], [ -97.776522, 30.623851 ], [ -97.776585, 30.623928 ], [ -97.776757, 30.624088 ], [ -97.776839, 30.624143 ], [ -97.776941, 30.624187 ], [ -97.77703, 30.62422 ], [ -97.777195, 30.624253 ], [ -97.777285, 30.624214 ], [ -97.777367, 30.62411 ], [ -97.777424, 30.624088 ], [ -97.777488, 30.624121 ], [ -97.77766, 30.624286 ], [ -97.777736, 30.624324 ], [ -97.777914, 30.624352 ], [ -97.77775, 30.624678 ], [ -97.777909, 30.624758 ], [ -97.778019, 30.624845 ], [ -97.778122, 30.624939 ], [ -97.77819, 30.625081 ], [ -97.778235, 30.625275 ], [ -97.778207, 30.625557 ], [ -97.778214, 30.625838 ], [ -97.778188, 30.626093 ], [ -97.77828, 30.626324 ], [ -97.778351, 30.626481 ], [ -97.778401, 30.626641 ], [ -97.778419, 30.626816 ], [ -97.778413, 30.626979 ], [ -97.778455, 30.627143 ], [ -97.778554, 30.627267 ], [ -97.778616, 30.627469 ], [ -97.77868, 30.627592 ], [ -97.77871, 30.627704 ], [ -97.778682, 30.62782 ] ] ] } },
{ "type": "Feature", "properties": { "GEOID": "484910203292", "NAME": "Block Group 2; Census Tract 203.29; Williamson County; Texas", "state": "48", "county": "491", "tract": "020329", "block group": "2", "population": 11905.0, "population_moe": 1452.0, "area_sq_miles": 11.811054400278547, "population_density": 1007.9540400490609, "under5": 1253.0, "under5_moe": 330.94561486745823, "under18": 3416.0, "under18_moe": 568.03432994846355, "age18_64": 8020.0, "age18_64_moe": 955.5794053871191, "age65plus": 469.0, "age65plus_moe": 200.17991907281808, "civilian_noninstitutionalized_population": 11879.0, "civilian_noninstitutionalized_population_moe": 1450.0, "uninsured": 1495.0, "uninsured_moe": 558.7664986378478, "uninsured_pct": 12.585234447344051, "disability_population_base": "<NA>", "disability_population_base_moe": "<NA>", "disability": null, "disability_moe": "<NA>", "disability_pct": null, "poverty_population_base": 11782.0, "poverty_population_base_moe": 1413.0, "poverty": 579.0, "poverty_moe": 299.80827206733306, "poverty_pct": 4.9142760142590394, "median_household_income": "134530.0", "median_household_income_moe": "13112.0", "per_capita_income": 51802.0, "per_capita_income_moe": 5515.0, "households": "<NA>", "households_moe": "<NA>", "no_vehicle_households": "<NA>", "no_vehicle_households_moe": "<NA>", "no_vehicle_pct": null, "youth_population_pct": 28.693826123477528, "senior_population_pct": 3.9395212095758088, "healthcare_need_score": 30.398702300052705, "healthcare_need_notes": "Relative index averaging min-max normalized uninsured_pct, disability_pct, poverty_pct, no_vehicle_pct, youth_population_pct, and senior_population_pct within the retained Liberty Hill study-area block groups.", "uninsured_pct_numerator": "uninsured", "uninsured_pct_denominator": "civilian_noninstitutionalized_population", "disability_pct_numerator": "disability", "disability_pct_denominator": "disability_population_base", "poverty_pct_numerator": "poverty", "poverty_pct_denominator": "poverty_population_base", "no_vehicle_pct_numerator": "no_vehicle_households", "no_vehicle_pct_denominator": "households", "youth_population_pct_numerator": "under18", "youth_population_pct_denominator": "population", "senior_population_pct_numerator": "age65plus", "senior_population_pct_denominator": "population", "intersects_liberty_hill_city": true, "nearest_any_medical_miles": 0.97454278087018309, "nearest_primary_care_miles": 0.97454278087018309, "nearest_urgent_care_miles": 3.0232966220009163, "nearest_hospital_miles": 7.6929868072408727, "nearest_emergency_miles": 2.8633446013340942, "nearest_primary_care_minutes": null, "nearest_urgent_care_minutes": null, "nearest_hospital_minutes": null, "nearest_emergency_minutes": null, "healthcare_access_measure": "Straight-line distance", "healthcare_access_distance_band": "0-1 miles" }, "geometry": { "type": "Polygon", "coordinates": [ [ [ -97.922717, 30.664869 ], [ -97.921837, 30.665156 ], [ -97.920936, 30.665447 ], [ -97.920706, 30.66552 ], [ -97.920268, 30.66566 ], [ -97.92004, 30.665727 ], [ -97.91969, 30.665836 ], [ -97.919494, 30.665885 ], [ -97.919342, 30.665911 ], [ -97.91925, 30.665921 ], [ -97.918955, 30.66593 ], [ -97.918829, 30.665941 ], [ -97.918711, 30.665963 ], [ -97.918589, 30.666004 ], [ -97.918456, 30.66607 ], [ -97.918323, 30.666159 ], [ -97.918308, 30.666176 ], [ -97.918267, 30.666207 ], [ -97.917994, 30.666403 ], [ -97.917605, 30.66665 ], [ -97.917441, 30.666747 ], [ -97.91699, 30.667022 ], [ -97.916912, 30.667065 ], [ -97.91672, 30.66717 ], [ -97.91646, 30.667328 ], [ -97.916314, 30.667403 ], [ -97.916212, 30.667448 ], [ -97.916103, 30.667485 ], [ -97.915856, 30.667553 ], [ -97.915786, 30.667571 ], [ -97.915651, 30.667598 ], [ -97.915162, 30.667656 ], [ -97.914506, 30.667743 ], [ -97.913788, 30.667831 ], [ -97.912114, 30.668023 ], [ -97.912024, 30.668035 ], [ -97.911569, 30.668097 ], [ -97.911163, 30.667893 ], [ -97.910376, 30.667496 ], [ -97.907651, 30.666108 ], [ -97.906341, 30.665441 ], [ -97.905256, 30.664894 ], [ -97.905123, 30.664826 ], [ -97.903231, 30.663947 ], [ -97.902204, 30.663474 ], [ -97.902143, 30.663447 ], [ -97.901426, 30.663133 ], [ -97.900047, 30.662537 ], [ -97.897753, 30.66158 ], [ -97.896259, 30.660984 ], [ -97.894381, 30.660234 ], [ -97.893945, 30.660061 ], [ -97.893873, 30.660028 ], [ -97.890882, 30.658839 ], [ -97.890381, 30.65864 ], [ -97.888734, 30.658013 ], [ -97.888647, 30.657982 ], [ -97.887273, 30.657506 ], [ -97.886513, 30.657242 ], [ -97.884911, 30.656686 ], [ -97.882707, 30.655913 ], [ -97.882196, 30.655734 ], [ -97.881379, 30.655451 ], [ -97.879757, 30.654888 ], [ -97.87856, 30.654447 ], [ -97.877473, 30.654035 ], [ -97.876672, 30.653732 ], [ -97.87612, 30.653524 ], [ -97.875486, 30.653303 ], [ -97.875296, 30.653245 ], [ -97.874677, 30.653058 ], [ -97.873407, 30.652673 ], [ -97.871043, 30.651967 ], [ -97.866673, 30.650664 ], [ -97.862302, 30.64936 ], [ -97.861667, 30.64917 ], [ -97.859556, 30.648536 ], [ -97.858216, 30.648136 ], [ -97.85745, 30.647908 ], [ -97.857264, 30.647852 ], [ -97.855196, 30.647236 ], [ -97.85156, 30.646144 ], [ -97.85019, 30.645743 ], [ -97.849092, 30.645405 ], [ -97.847475, 30.64493 ], [ -97.847446, 30.644922 ], [ -97.847346, 30.644892 ], [ -97.846425, 30.644612 ], [ -97.845538, 30.644344 ], [ -97.84476, 30.644115 ], [ -97.844706, 30.644099 ], [ -97.844271, 30.643971 ], [ -97.843612, 30.643777 ], [ -97.842462, 30.643423 ], [ -97.842068, 30.64328 ], [ -97.841682, 30.643121 ], [ -97.841306, 30.642945 ], [ -97.84059, 30.64256 ], [ -97.840563, 30.642546 ], [ -97.839839, 30.642157 ], [ -97.83861, 30.641481 ], [ -97.837765, 30.641004 ], [ -97.837632, 30.640929 ], [ -97.837609, 30.640916 ], [ -97.837477, 30.640842 ], [ -97.837325, 30.640757 ], [ -97.837133, 30.640652 ], [ -97.834271, 30.639083 ], [ -97.833715, 30.63879 ], [ -97.833322, 30.638604 ], [ -97.832929, 30.638438 ], [ -97.8326, 30.638314 ], [ -97.832182, 30.638174 ], [ -97.831757, 30.638052 ], [ -97.831325, 30.637947 ], [ -97.830913, 30.637874 ], [ -97.830446, 30.637808 ], [ -97.829976, 30.637759 ], [ -97.829451, 30.637723 ], [ -97.8288, 30.637709 ], [ -97.827804, 30.637688 ], [ -97.827743, 30.637393 ], [ -97.827688, 30.637126 ], [ -97.827573, 30.635823 ], [ -97.827575, 30.634403 ], [ -97.827439, 30.632988 ], [ -97.827149, 30.631629 ], [ -97.826596, 30.630018 ], [ -97.826431, 30.629516 ], [ -97.826133, 30.6287 ], [ -97.825916, 30.628192 ], [ -97.825401, 30.62685 ], [ -97.825322, 30.626642 ], [ -97.825081, 30.626025 ], [ -97.824712, 30.625078 ], [ -97.823645, 30.622325 ], [ -97.823599, 30.622204 ], [ -97.82328, 30.621396 ], [ -97.823139, 30.621039 ], [ -97.822412, 30.61923 ], [ -97.821988, 30.618164 ], [ -97.82156, 30.61733 ], [ -97.821309, 30.61677 ], [ -97.820957, 30.616029 ], [ -97.820836, 30.615772 ], [ -97.820523, 30.615099 ], [ -97.820053, 30.614084 ], [ -97.819969, 30.613892 ], [ -97.819527, 30.612886 ], [ -97.819264, 30.612323 ], [ -97.819113, 30.61201 ], [ -97.819063, 30.611904 ], [ -97.819388, 30.6119 ], [ -97.819804, 30.611896 ], [ -97.82038, 30.611889 ], [ -97.820711, 30.611857 ], [ -97.82127, 30.611722 ], [ -97.822002, 30.611403 ], [ -97.82226, 30.61129 ], [ -97.822529, 30.611172 ], [ -97.823465, 30.611022 ], [ -97.824916, 30.610718 ], [ -97.8256, 30.610693 ], [ -97.825706, 30.61069 ], [ -97.826067, 30.610606 ], [ -97.826353, 30.610564 ], [ -97.826916, 30.610342 ], [ -97.826952, 30.610331 ], [ -97.826996, 30.610284 ], [ -97.82714, 30.61014 ], [ -97.827442, 30.609556 ], [ -97.827556, 30.609453 ], [ -97.827783, 30.609364 ], [ -97.827966, 30.609296 ], [ -97.828481, 30.60928 ], [ -97.828772, 30.609287 ], [ -97.829249, 30.609299 ], [ -97.829374, 30.609284 ], [ -97.829603, 30.609278 ], [ -97.82983, 30.609321 ], [ -97.830213, 30.609456 ], [ -97.831022, 30.609597 ], [ -97.831879, 30.609862 ], [ -97.832535, 30.610207 ], [ -97.832803, 30.610349 ], [ -97.833348, 30.610521 ], [ -97.833765, 30.610815 ], [ -97.834763, 30.611873 ], [ -97.835066, 30.612264 ], [ -97.835949, 30.613394 ], [ -97.836185, 30.613597 ], [ -97.836357, 30.613703 ], [ -97.836777, 30.613962 ], [ -97.837506, 30.61438 ], [ -97.838277, 30.614733 ], [ -97.841065, 30.615478 ], [ -97.841525, 30.615647 ], [ -97.843032, 30.615879 ], [ -97.844718, 30.616139 ], [ -97.844744, 30.616143 ], [ -97.845396, 30.616249 ], [ -97.846191, 30.616637 ], [ -97.846366, 30.616708 ], [ -97.847284, 30.617083 ], [ -97.849437, 30.618248 ], [ -97.850648, 30.618979 ], [ -97.851573, 30.619591 ], [ -97.852925, 30.620297 ], [ -97.853418, 30.620593 ], [ -97.853739, 30.620786 ], [ -97.854824, 30.621187 ], [ -97.855, 30.621252 ], [ -97.855077, 30.621281 ], [ -97.8552, 30.621298 ], [ -97.855495, 30.621336 ], [ -97.855964, 30.621396 ], [ -97.857081, 30.621429 ], [ -97.857966, 30.621551 ], [ -97.858389, 30.621526 ], [ -97.858584, 30.621514 ], [ -97.859252, 30.621476 ], [ -97.859733, 30.621363 ], [ -97.860336, 30.621222 ], [ -97.860423, 30.621178 ], [ -97.86109, 30.620843 ], [ -97.861236, 30.62073 ], [ -97.861268, 30.620796 ], [ -97.861281, 30.62082 ], [ -97.861426, 30.6211 ], [ -97.862175, 30.622546 ], [ -97.862421, 30.623031 ], [ -97.862704, 30.623587 ], [ -97.862771, 30.623719 ], [ -97.86291, 30.623991 ], [ -97.863112, 30.624389 ], [ -97.86333, 30.624815 ], [ -97.863538, 30.625222 ], [ -97.86435, 30.626774 ], [ -97.864829, 30.627883 ], [ -97.865947, 30.627555 ], [ -97.866381, 30.627514 ], [ -97.866803, 30.627475 ], [ -97.867708, 30.62737 ], [ -97.867773, 30.627577 ], [ -97.868007, 30.627901 ], [ -97.86814, 30.628068 ], [ -97.868352, 30.628353 ], [ -97.868475, 30.628511 ], [ -97.868653, 30.628717 ], [ -97.868969, 30.628958 ], [ -97.86923, 30.629076 ], [ -97.8695, 30.629167 ], [ -97.870503, 30.629472 ], [ -97.870773, 30.629526 ], [ -97.870911, 30.629549 ], [ -97.871008, 30.629556 ], [ -97.871127, 30.629556 ], [ -97.871304, 30.629529 ], [ -97.871788, 30.629377 ], [ -97.872105, 30.630141 ], [ -97.872486, 30.63107 ], [ -97.87272, 30.63164 ], [ -97.872364, 30.631751 ], [ -97.871918, 30.631893 ], [ -97.872215, 30.632644 ], [ -97.872543, 30.633411 ], [ -97.873055, 30.634615 ], [ -97.873341, 30.635416 ], [ -97.873436, 30.635719 ], [ -97.873933, 30.63684 ], [ -97.874287, 30.637688 ], [ -97.874442, 30.63799 ], [ -97.874649, 30.638226 ], [ -97.874786, 30.63838 ], [ -97.874522, 30.638641 ], [ -97.874054, 30.639118 ], [ -97.873814, 30.639359 ], [ -97.873497, 30.639693 ], [ -97.872793, 30.640484 ], [ -97.872603, 30.640729 ], [ -97.872437, 30.640892 ], [ -97.872095, 30.64114 ], [ -97.87177, 30.641318 ], [ -97.871389, 30.641466 ], [ -97.872207, 30.643099 ], [ -97.875336, 30.642099 ], [ -97.875725, 30.641974 ], [ -97.875928, 30.64191 ], [ -97.876497, 30.641732 ], [ -97.877135, 30.641531 ], [ -97.878057, 30.641243 ], [ -97.878214, 30.641192 ], [ -97.879062, 30.640917 ], [ -97.880562, 30.640442 ], [ -97.881244, 30.640219 ], [ -97.881286, 30.640205 ], [ -97.881518, 30.640101 ], [ -97.881542, 30.640094 ], [ -97.881302, 30.63973 ], [ -97.880744, 30.63891 ], [ -97.880412, 30.638411 ], [ -97.880214, 30.638027 ], [ -97.879961, 30.637348 ], [ -97.879624, 30.636327 ], [ -97.879312, 30.635343 ], [ -97.877932, 30.63098 ], [ -97.87778, 30.630497 ], [ -97.877597, 30.629909 ], [ -97.877113, 30.628397 ], [ -97.876815, 30.627452 ], [ -97.876659, 30.626935 ], [ -97.8766, 30.626656 ], [ -97.876568, 30.626166 ], [ -97.876542, 30.625495 ], [ -97.876539, 30.625416 ], [ -97.876517, 30.62456 ], [ -97.876504, 30.624197 ], [ -97.876502, 30.624121 ], [ -97.876499, 30.62405 ], [ -97.876489, 30.62375 ], [ -97.876459, 30.623231 ], [ -97.876398, 30.622892 ], [ -97.876291, 30.622547 ], [ -97.876173, 30.622231 ], [ -97.876162, 30.62221 ], [ -97.876, 30.621901 ], [ -97.875749, 30.621541 ], [ -97.87548, 30.621213 ], [ -97.874793, 30.62045 ], [ -97.874268, 30.619867 ], [ -97.873039, 30.618507 ], [ -97.872796, 30.618201 ], [ -97.872648, 30.617988 ], [ -97.872634, 30.617968 ], [ -97.872613, 30.617929 ], [ -97.87249, 30.617678 ], [ -97.872402, 30.617422 ], [ -97.872352, 30.617182 ], [ -97.872333, 30.61699 ], [ -97.872328, 30.616761 ], [ -97.872345, 30.616546 ], [ -97.872393, 30.616284 ], [ -97.872425, 30.616132 ], [ -97.872615, 30.615662 ], [ -97.872829, 30.615215 ], [ -97.872964, 30.614891 ], [ -97.873071, 30.614516 ], [ -97.873101, 30.614363 ], [ -97.873155, 30.613926 ], [ -97.873177, 30.613734 ], [ -97.873213, 30.613378 ], [ -97.873229, 30.613159 ], [ -97.873241, 30.612921 ], [ -97.873237, 30.612717 ], [ -97.87323, 30.612609 ], [ -97.873217, 30.612478 ], [ -97.873206, 30.612391 ], [ -97.87318, 30.612233 ], [ -97.873128, 30.611955 ], [ -97.873106, 30.611815 ], [ -97.872805, 30.609988 ], [ -97.872831, 30.609974 ], [ -97.872971, 30.60988 ], [ -97.873263, 30.609556 ], [ -97.873352, 30.609396 ], [ -97.87339, 30.609347 ], [ -97.873511, 30.609341 ], [ -97.873677, 30.609369 ], [ -97.873727, 30.609424 ], [ -97.873797, 30.609594 ], [ -97.87381, 30.609654 ], [ -97.87388, 30.609742 ], [ -97.873988, 30.609819 ], [ -97.874027, 30.609836 ], [ -97.874084, 30.60983 ], [ -97.874198, 30.609671 ], [ -97.874312, 30.609484 ], [ -97.874433, 30.609401 ], [ -97.874904, 30.609418 ], [ -97.875295, 30.609503 ], [ -97.87543, 30.609476 ], [ -97.875536, 30.609454 ], [ -97.875773, 30.609361 ], [ -97.8759, 30.609218 ], [ -97.876231, 30.6088 ], [ -97.876409, 30.608613 ], [ -97.876562, 30.60847 ], [ -97.876728, 30.608272 ], [ -97.876861, 30.608179 ], [ -97.877141, 30.607948 ], [ -97.877287, 30.607888 ], [ -97.877427, 30.607888 ], [ -97.877574, 30.607926 ], [ -97.877682, 30.607976 ], [ -97.877821, 30.607992 ], [ -97.877923, 30.607987 ], [ -97.878038, 30.607954 ], [ -97.878082, 30.607899 ], [ -97.878031, 30.607794 ], [ -97.878031, 30.607728 ], [ -97.878012, 30.607668 ], [ -97.878019, 30.607536 ], [ -97.878102, 30.607332 ], [ -97.878248, 30.607162 ], [ -97.878318, 30.607096 ], [ -97.878382, 30.607069 ], [ -97.878432, 30.607074 ], [ -97.878471, 30.607107 ], [ -97.87847, 30.607344 ], [ -97.878509, 30.607399 ], [ -97.878566, 30.607415 ], [ -97.878623, 30.607415 ], [ -97.878646, 30.60747 ], [ -97.878813, 30.607844 ], [ -97.879019, 30.608314 ], [ -97.879428, 30.609229 ], [ -97.879716, 30.609876 ], [ -97.879827, 30.61013 ], [ -97.880075, 30.610695 ], [ -97.880254, 30.61113 ], [ -97.880635, 30.612061 ], [ -97.880764, 30.612372 ], [ -97.881329, 30.613732 ], [ -97.881941, 30.615259 ], [ -97.88245, 30.615091 ], [ -97.883299, 30.614818 ], [ -97.884216, 30.614532 ], [ -97.884678, 30.614389 ], [ -97.88483, 30.614355 ], [ -97.885018, 30.614443 ], [ -97.885047, 30.614457 ], [ -97.886046, 30.614231 ], [ -97.887038, 30.613999 ], [ -97.887498, 30.613858 ], [ -97.888912, 30.613499 ], [ -97.890268, 30.613176 ], [ -97.891343, 30.612882 ], [ -97.891496, 30.61284 ], [ -97.891382, 30.612624 ], [ -97.890981, 30.611863 ], [ -97.890463, 30.610806 ], [ -97.889888, 30.609633 ], [ -97.889297, 30.608283 ], [ -97.891381, 30.607564 ], [ -97.891617, 30.60746 ], [ -97.8918, 30.60738 ], [ -97.892336, 30.60711 ], [ -97.893643, 30.606467 ], [ -97.893753, 30.606413 ], [ -97.894313, 30.606137 ], [ -97.895147, 30.605704 ], [ -97.896526, 30.607287 ], [ -97.897017, 30.607885 ], [ -97.897447, 30.608408 ], [ -97.897916, 30.608994 ], [ -97.898438, 30.609683 ], [ -97.898481, 30.60974 ], [ -97.898736, 30.610135 ], [ -97.898847, 30.610307 ], [ -97.898941, 30.610453 ], [ -97.898976, 30.610514 ], [ -97.899006, 30.610567 ], [ -97.899045, 30.610636 ], [ -97.899194, 30.6109 ], [ -97.899429, 30.611356 ], [ -97.899612, 30.611733 ], [ -97.899674, 30.611861 ], [ -97.900267, 30.613077 ], [ -97.900998, 30.614464 ], [ -97.901348, 30.615256 ], [ -97.901488, 30.615585 ], [ -97.901753, 30.61617 ], [ -97.902201, 30.617247 ], [ -97.902448, 30.617806 ], [ -97.902601, 30.618075 ], [ -97.902703, 30.618256 ], [ -97.902847, 30.618496 ], [ -97.902965, 30.618836 ], [ -97.903044, 30.619172 ], [ -97.903087, 30.619449 ], [ -97.903114, 30.619625 ], [ -97.903128, 30.619804 ], [ -97.903132, 30.619857 ], [ -97.903209, 30.620871 ], [ -97.903276, 30.621445 ], [ -97.903395, 30.622273 ], [ -97.903475, 30.622785 ], [ -97.903504, 30.623136 ], [ -97.903516, 30.623435 ], [ -97.903537, 30.623937 ], [ -97.90354, 30.62407 ], [ -97.90355, 30.624503 ], [ -97.903583, 30.624819 ], [ -97.903634, 30.625009 ], [ -97.903651, 30.62507 ], [ -97.903659, 30.625101 ], [ -97.904003, 30.626069 ], [ -97.904173, 30.626588 ], [ -97.904182, 30.62663 ], [ -97.90419, 30.626668 ], [ -97.9042, 30.626712 ], [ -97.904233, 30.626864 ], [ -97.904282, 30.627091 ], [ -97.904318, 30.627456 ], [ -97.904322, 30.628215 ], [ -97.904338, 30.628514 ], [ -97.90436, 30.628945 ], [ -97.904386, 30.629258 ], [ -97.904512, 30.629683 ], [ -97.904686, 30.6301 ], [ -97.904927, 30.630807 ], [ -97.905024, 30.631109 ], [ -97.905147, 30.63164 ], [ -97.905368, 30.633166 ], [ -97.905383, 30.633266 ], [ -97.905419, 30.633477 ], [ -97.905495, 30.633939 ], [ -97.905603, 30.634716 ], [ -97.90561, 30.634847 ], [ -97.905662, 30.635764 ], [ -97.905742, 30.637147 ], [ -97.905744, 30.637265 ], [ -97.905776, 30.639304 ], [ -97.90578, 30.63958 ], [ -97.905807, 30.640848 ], [ -97.90581, 30.641022 ], [ -97.905836, 30.64273 ], [ -97.905834, 30.643921 ], [ -97.905841, 30.643976 ], [ -97.905866, 30.644183 ], [ -97.905961, 30.64454 ], [ -97.906273, 30.645487 ], [ -97.906596, 30.646429 ], [ -97.906816, 30.646878 ], [ -97.907028, 30.647187 ], [ -97.907296, 30.64746 ], [ -97.907632, 30.647728 ], [ -97.907882, 30.647861 ], [ -97.908119, 30.648005 ], [ -97.908645, 30.64827 ], [ -97.909962, 30.648902 ], [ -97.910348, 30.649088 ], [ -97.910629, 30.64924 ], [ -97.910912, 30.649476 ], [ -97.911049, 30.64965 ], [ -97.911221, 30.649865 ], [ -97.911406, 30.65021 ], [ -97.911706, 30.650907 ], [ -97.911729, 30.65096 ], [ -97.912138, 30.651968 ], [ -97.912158, 30.652018 ], [ -97.912487, 30.652889 ], [ -97.912519, 30.652976 ], [ -97.912643, 30.653315 ], [ -97.91271, 30.653497 ], [ -97.913438, 30.655365 ], [ -97.913735, 30.655874 ], [ -97.913882, 30.656096 ], [ -97.914229, 30.656546 ], [ -97.915665, 30.65836 ], [ -97.91582, 30.658527 ], [ -97.916027, 30.65872 ], [ -97.91673, 30.659283 ], [ -97.917265, 30.6597 ], [ -97.91753, 30.659907 ], [ -97.918093, 30.660346 ], [ -97.918518, 30.660699 ], [ -97.91864, 30.660806 ], [ -97.918668, 30.66083 ], [ -97.91913, 30.661234 ], [ -97.919756, 30.661757 ], [ -97.919993, 30.661968 ], [ -97.920267, 30.662231 ], [ -97.920371, 30.662336 ], [ -97.920694, 30.662657 ], [ -97.921074, 30.66304 ], [ -97.921338, 30.663318 ], [ -97.921419, 30.663403 ], [ -97.921569, 30.66356 ], [ -97.921621, 30.663604 ], [ -97.92172, 30.663717 ], [ -97.921793, 30.663804 ], [ -97.922226, 30.664282 ], [ -97.922254, 30.664311 ], [ -97.92243, 30.664504 ], [ -97.922717, 30.664869 ] ] ] } },
{ "type": "Feature", "properties": { "GEOID": "484910203322", "NAME": "Block Group 2; Census Tract 203.32; Williamson County; Texas", "state": "48", "county": "491", "tract": "020332", "block group": "2", "population": 2171.0, "population_moe": 574.0, "area_sq_miles": 0.69757849911491532, "population_density": 3112.1945454949596, "under5": 49.0, "under5_moe": 71.589105316381762, "under18": 488.0, "under18_moe": 217.33384458017576, "age18_64": 1423.0, "age18_64_moe": 335.65011544761904, "age65plus": 260.0, "age65plus_moe": 129.60324070022324, "civilian_noninstitutionalized_population": 2171.0, "civilian_noninstitutionalized_population_moe": 574.0, "uninsured": 334.0, "uninsured_moe": 213.17363814505771, "uninsured_pct": 15.384615384615385, "disability_population_base": "<NA>", "disability_population_base_moe": "<NA>", "disability": null, "disability_moe": "<NA>", "disability_pct": null, "poverty_population_base": 2171.0, "poverty_population_base_moe": 574.0, "poverty": 22.0, "poverty_moe": 32.649655434629018, "poverty_pct": 1.0133578995854444, "median_household_income": "81989.0", "median_household_income_moe": "17702.0", "per_capita_income": 40342.0, "per_capita_income_moe": 7659.0, "households": "<NA>", "households_moe": "<NA>", "no_vehicle_households": "<NA>", "no_vehicle_households_moe": "<NA>", "no_vehicle_pct": null, "youth_population_pct": 22.478120681713495, "senior_population_pct": 11.976047904191617, "healthcare_need_score": 28.29646028118021, "healthcare_need_notes": "Relative index averaging min-max normalized uninsured_pct, disability_pct, poverty_pct, no_vehicle_pct, youth_population_pct, and senior_population_pct within the retained Liberty Hill study-area block groups.", "uninsured_pct_numerator": "uninsured", "uninsured_pct_denominator": "civilian_noninstitutionalized_population", "disability_pct_numerator": "disability", "disability_pct_denominator": "disability_population_base", "poverty_pct_numerator": "poverty", "poverty_pct_denominator": "poverty_population_base", "no_vehicle_pct_numerator": "no_vehicle_households", "no_vehicle_pct_denominator": "households", "youth_population_pct_numerator": "under18", "youth_population_pct_denominator": "population", "senior_population_pct_numerator": "age65plus", "senior_population_pct_denominator": "population", "intersects_liberty_hill_city": false, "nearest_any_medical_miles": 1.0765866996913001, "nearest_primary_care_miles": 1.0765866996913001, "nearest_urgent_care_miles": 1.4809769436827842, "nearest_hospital_miles": 3.7580991478599595, "nearest_emergency_miles": 1.9520613253971197, "nearest_primary_care_minutes": null, "nearest_urgent_care_minutes": null, "nearest_hospital_minutes": null, "nearest_emergency_minutes": null, "healthcare_access_measure": "Straight-line distance", "healthcare_access_distance_band": "1-3 miles" }, "geometry": { "type": "Polygon", "coordinates": [ [ [ -97.868123, 30.56884 ], [ -97.867305, 30.569362 ], [ -97.8666, 30.569826 ], [ -97.866251, 30.570056 ], [ -97.865841, 30.570328 ], [ -97.865564, 30.570477 ], [ -97.865308, 30.570589 ], [ -97.865031, 30.570686 ], [ -97.864935, 30.570718 ], [ -97.864027, 30.57092 ], [ -97.863201, 30.571071 ], [ -97.862958, 30.571116 ], [ -97.861984, 30.571294 ], [ -97.861591, 30.57142 ], [ -97.86067, 30.571712 ], [ -97.860006, 30.571943 ], [ -97.859703, 30.572059 ], [ -97.859368, 30.572188 ], [ -97.855408, 30.573736 ], [ -97.854379, 30.574135 ], [ -97.854887, 30.575305 ], [ -97.854937, 30.575421 ], [ -97.8554, 30.576548 ], [ -97.855507, 30.576797 ], [ -97.855633, 30.577097 ], [ -97.855882, 30.577735 ], [ -97.855161, 30.577937 ], [ -97.854871, 30.57801 ], [ -97.854809, 30.578029 ], [ -97.854465, 30.578133 ], [ -97.853919, 30.578325 ], [ -97.853432, 30.578492 ], [ -97.852949, 30.578652 ], [ -97.852857, 30.578679 ], [ -97.852423, 30.577728 ], [ -97.852291, 30.577438 ], [ -97.851535, 30.57562 ], [ -97.851224, 30.574873 ], [ -97.849689, 30.571185 ], [ -97.84874, 30.568904 ], [ -97.849218, 30.568762 ], [ -97.850149, 30.568472 ], [ -97.851646, 30.568005 ], [ -97.85298, 30.567587 ], [ -97.853192, 30.56814 ], [ -97.853217, 30.56822 ], [ -97.853232, 30.568302 ], [ -97.85324, 30.568427 ], [ -97.853224, 30.568689 ], [ -97.853478, 30.568477 ], [ -97.853624, 30.568263 ], [ -97.853649, 30.568191 ], [ -97.853681, 30.568164 ], [ -97.853922, 30.567674 ], [ -97.853973, 30.567597 ], [ -97.853998, 30.567487 ], [ -97.854005, 30.567168 ], [ -97.854036, 30.567058 ], [ -97.854011, 30.56692 ], [ -97.854043, 30.566832 ], [ -97.854106, 30.566728 ], [ -97.854576, 30.56626 ], [ -97.854767, 30.565996 ], [ -97.854875, 30.565886 ], [ -97.855021, 30.565699 ], [ -97.85511, 30.565611 ], [ -97.855339, 30.565506 ], [ -97.855593, 30.565435 ], [ -97.855822, 30.565402 ], [ -97.855968, 30.565402 ], [ -97.856025, 30.565391 ], [ -97.856095, 30.565352 ], [ -97.856108, 30.565297 ], [ -97.856089, 30.565198 ], [ -97.856089, 30.565143 ], [ -97.856127, 30.564929 ], [ -97.85612, 30.56483 ], [ -97.856146, 30.564648 ], [ -97.856114, 30.564489 ], [ -97.856076, 30.564412 ], [ -97.856025, 30.564368 ], [ -97.855929, 30.564307 ], [ -97.855891, 30.564225 ], [ -97.855861, 30.564106 ], [ -97.855853, 30.564076 ], [ -97.855866, 30.563922 ], [ -97.855891, 30.56379 ], [ -97.855878, 30.563664 ], [ -97.855796, 30.563554 ], [ -97.855656, 30.563427 ], [ -97.855554, 30.563394 ], [ -97.855478, 30.563383 ], [ -97.855287, 30.563312 ], [ -97.855077, 30.563197 ], [ -97.854944, 30.563026 ], [ -97.854912, 30.562944 ], [ -97.854918, 30.562828 ], [ -97.854956, 30.56274 ], [ -97.855033, 30.562674 ], [ -97.855134, 30.562608 ], [ -97.85521, 30.562526 ], [ -97.855287, 30.56241 ], [ -97.85535, 30.562074 ], [ -97.855369, 30.561667 ], [ -97.855426, 30.561414 ], [ -97.855426, 30.561332 ], [ -97.855458, 30.561222 ], [ -97.855521, 30.561095 ], [ -97.855553, 30.560963 ], [ -97.855547, 30.560892 ], [ -97.855521, 30.560826 ], [ -97.855515, 30.560738 ], [ -97.85554, 30.560633 ], [ -97.855604, 30.560507 ], [ -97.855667, 30.560413 ], [ -97.855809, 30.560163 ], [ -97.855826, 30.560133 ], [ -97.855997, 30.559792 ], [ -97.856252, 30.559396 ], [ -97.856353, 30.559297 ], [ -97.856842, 30.559159 ], [ -97.857853, 30.558911 ], [ -97.85852, 30.558718 ], [ -97.858755, 30.558559 ], [ -97.858939, 30.558449 ], [ -97.858986, 30.558433 ], [ -97.859117, 30.558388 ], [ -97.859154, 30.558387 ], [ -97.859302, 30.558383 ], [ -97.859403, 30.558394 ], [ -97.859518, 30.558382 ], [ -97.859664, 30.558278 ], [ -97.859778, 30.558157 ], [ -97.860386, 30.558306 ], [ -97.860597, 30.558644 ], [ -97.860761, 30.558906 ], [ -97.860945, 30.5592 ], [ -97.861085, 30.559418 ], [ -97.861316, 30.559778 ], [ -97.862538, 30.561618 ], [ -97.862802, 30.562009 ], [ -97.863325, 30.562836 ], [ -97.864195, 30.564195 ], [ -97.86428, 30.564329 ], [ -97.864512, 30.564679 ], [ -97.864561, 30.564752 ], [ -97.864854, 30.565156 ], [ -97.865232, 30.56565 ], [ -97.865598, 30.566094 ], [ -97.86612, 30.566671 ], [ -97.868062, 30.568771 ], [ -97.868123, 30.56884 ] ] ] } },
{ "type": "Feature", "properties": { "GEOID": "484910201182", "NAME": "Block Group 2; Census Tract 201.18; Williamson County; Texas", "state": "48", "county": "491", "tract": "020118", "block group": "2", "population": 1023.0, "population_moe": 260.0, "area_sq_miles": 0.89548611935131861, "population_density": 1142.3962671147278, "under5": 0.0, "under5_moe": 21.213203435596427, "under18": 0.0, "under18_moe": 42.426406871192853, "age18_64": 210.0, "age18_64_moe": 165.03332996700999, "age65plus": 813.0, "age65plus_moe": 191.30081024397151, "civilian_noninstitutionalized_population": 1023.0, "civilian_noninstitutionalized_population_moe": 260.0, "uninsured": 23.0, "uninsured_moe": 44.395945760846224, "uninsured_pct": 2.2482893450635388, "disability_population_base": "<NA>", "disability_population_base_moe": "<NA>", "disability": null, "disability_moe": "<NA>", "disability_pct": null, "poverty_population_base": 1023.0, "poverty_population_base_moe": 260.0, "poverty": 1.0, "poverty_moe": 15.524174696260024, "poverty_pct": 0.097751710654936458, "median_household_income": "99750.0", "median_household_income_moe": "26359.0", "per_capita_income": 65681.0, "per_capita_income_moe": 9270.0, "households": "<NA>", "households_moe": "<NA>", "no_vehicle_households": "<NA>", "no_vehicle_households_moe": "<NA>", "no_vehicle_pct": null, "youth_population_pct": 0.0, "senior_population_pct": 79.47214076246334, "healthcare_need_score": 23.648164816019236, "healthcare_need_notes": "Relative index averaging min-max normalized uninsured_pct, disability_pct, poverty_pct, no_vehicle_pct, youth_population_pct, and senior_population_pct within the retained Liberty Hill study-area block groups.", "uninsured_pct_numerator": "uninsured", "uninsured_pct_denominator": "civilian_noninstitutionalized_population", "disability_pct_numerator": "disability", "disability_pct_denominator": "disability_population_base", "poverty_pct_numerator": "poverty", "poverty_pct_denominator": "poverty_population_base", "no_vehicle_pct_numerator": "no_vehicle_households", "no_vehicle_pct_denominator": "households", "youth_population_pct_numerator": "under18", "youth_population_pct_denominator": "population", "senior_population_pct_numerator": "age65plus", "senior_population_pct_denominator": "population", "intersects_liberty_hill_city": false, "nearest_any_medical_miles": 0.71280637240524236, "nearest_primary_care_miles": 0.71280637240524236, "nearest_urgent_care_miles": 10.071265351699347, "nearest_hospital_miles": 6.3339074526426966, "nearest_emergency_miles": 10.570056384007007, "nearest_primary_care_minutes": null, "nearest_urgent_care_minutes": null, "nearest_hospital_minutes": null, "nearest_emergency_minutes": null, "healthcare_access_measure": "Straight-line distance", "healthcare_access_distance_band": "0-1 miles" }, "geometry": { "type": "Polygon", "coordinates": [ [ [ -97.750799, 30.705588 ], [ -97.750159, 30.706515 ], [ -97.75009, 30.70659 ], [ -97.750051, 30.706624 ], [ -97.749963, 30.706683 ], [ -97.749863, 30.706741 ], [ -97.749705, 30.706815 ], [ -97.749595, 30.706856 ], [ -97.747693, 30.707418 ], [ -97.747062, 30.707614 ], [ -97.745249, 30.708118 ], [ -97.743591, 30.708597 ], [ -97.74076, 30.709482 ], [ -97.740087, 30.709687 ], [ -97.736775, 30.710704 ], [ -97.736663, 30.710746 ], [ -97.736503, 30.710825 ], [ -97.73593, 30.711179 ], [ -97.735825, 30.711234 ], [ -97.735714, 30.711281 ], [ -97.735598, 30.71132 ], [ -97.734527, 30.711625 ], [ -97.734238, 30.711697 ], [ -97.733968, 30.711771 ], [ -97.733744, 30.711844 ], [ -97.733525, 30.711929 ], [ -97.732543, 30.712352 ], [ -97.73161, 30.713073 ], [ -97.731586, 30.713091 ], [ -97.731479, 30.713174 ], [ -97.731714, 30.713351 ], [ -97.732474, 30.714109 ], [ -97.732592, 30.714722 ], [ -97.732592, 30.714809 ], [ -97.73256, 30.714864 ], [ -97.732446, 30.714947 ], [ -97.732242, 30.715046 ], [ -97.732147, 30.715107 ], [ -97.732128, 30.715129 ], [ -97.732115, 30.715354 ], [ -97.732071, 30.715426 ], [ -97.731892, 30.715558 ], [ -97.73188, 30.715585 ], [ -97.731829, 30.715618 ], [ -97.73172, 30.715613 ], [ -97.731695, 30.715591 ], [ -97.731256, 30.715745 ], [ -97.731154, 30.715833 ], [ -97.731103, 30.715904 ], [ -97.731039, 30.715948 ], [ -97.731001, 30.715954 ], [ -97.730562, 30.716394 ], [ -97.730251, 30.716878 ], [ -97.730181, 30.716944 ], [ -97.730123, 30.717021 ], [ -97.729761, 30.717335 ], [ -97.729633, 30.717401 ], [ -97.7295, 30.717494 ], [ -97.729417, 30.717588 ], [ -97.729321, 30.717725 ], [ -97.729156, 30.717868 ], [ -97.728921, 30.718083 ], [ -97.728475, 30.718413 ], [ -97.728259, 30.718529 ], [ -97.72815, 30.718562 ], [ -97.728005, 30.71858 ], [ -97.727718, 30.718617 ], [ -97.727525, 30.718686 ], [ -97.727481, 30.718716 ], [ -97.72742, 30.718759 ], [ -97.727374, 30.718793 ], [ -97.727281, 30.718818 ], [ -97.72707, 30.71852 ], [ -97.727024, 30.718376 ], [ -97.726872, 30.718166 ], [ -97.7266, 30.71779 ], [ -97.72633, 30.717424 ], [ -97.726068, 30.717111 ], [ -97.725964, 30.717009 ], [ -97.725851, 30.716897 ], [ -97.725674, 30.71674 ], [ -97.725464, 30.716587 ], [ -97.725223, 30.716428 ], [ -97.724832, 30.7162 ], [ -97.724499, 30.716051 ], [ -97.724265, 30.715972 ], [ -97.723814, 30.715847 ], [ -97.723655, 30.715819 ], [ -97.723442, 30.715787 ], [ -97.723182, 30.715757 ], [ -97.722903, 30.715735 ], [ -97.722807, 30.715738 ], [ -97.722626, 30.71574 ], [ -97.722256, 30.715771 ], [ -97.721981, 30.715807 ], [ -97.721763, 30.715852 ], [ -97.721501, 30.715912 ], [ -97.721276, 30.715986 ], [ -97.721031, 30.716082 ], [ -97.720567, 30.716284 ], [ -97.720407, 30.716067 ], [ -97.720171, 30.715724 ], [ -97.720059, 30.71554 ], [ -97.720008, 30.71544 ], [ -97.719956, 30.715353 ], [ -97.719911, 30.715264 ], [ -97.719824, 30.715053 ], [ -97.719779, 30.714962 ], [ -97.719744, 30.714873 ], [ -97.719698, 30.714754 ], [ -97.719669, 30.714663 ], [ -97.719591, 30.714369 ], [ -97.719564, 30.714215 ], [ -97.719536, 30.714058 ], [ -97.719527, 30.713936 ], [ -97.719515, 30.713857 ], [ -97.719517, 30.713573 ], [ -97.719549, 30.712977 ], [ -97.71955, 30.712818 ], [ -97.719566, 30.7127 ], [ -97.719569, 30.71259 ], [ -97.719585, 30.712477 ], [ -97.719645, 30.712134 ], [ -97.719693, 30.711932 ], [ -97.719786, 30.711639 ], [ -97.719969, 30.71125 ], [ -97.720086, 30.711046 ], [ -97.720159, 30.710929 ], [ -97.720225, 30.710838 ], [ -97.720298, 30.71072 ], [ -97.720371, 30.710628 ], [ -97.720719, 30.710226 ], [ -97.720963, 30.709936 ], [ -97.72109, 30.709807 ], [ -97.721169, 30.709729 ], [ -97.721317, 30.709564 ], [ -97.721513, 30.709374 ], [ -97.721606, 30.709283 ], [ -97.721684, 30.709292 ], [ -97.721814, 30.709307 ], [ -97.721865, 30.709335 ], [ -97.722011, 30.709445 ], [ -97.722088, 30.709593 ], [ -97.722097, 30.709699 ], [ -97.722557, 30.709727 ], [ -97.723336, 30.710145 ], [ -97.72382, 30.710228 ], [ -97.724088, 30.710405 ], [ -97.725793, 30.710879 ], [ -97.727175, 30.711143 ], [ -97.728689, 30.711601 ], [ -97.728721, 30.711505 ], [ -97.728759, 30.71145 ], [ -97.729064, 30.711115 ], [ -97.729319, 30.710873 ], [ -97.72951, 30.710587 ], [ -97.729611, 30.710471 ], [ -97.7297, 30.710411 ], [ -97.730076, 30.710361 ], [ -97.730362, 30.710262 ], [ -97.730439, 30.710191 ], [ -97.730464, 30.710168 ], [ -97.730566, 30.710031 ], [ -97.730642, 30.709866 ], [ -97.73075, 30.709591 ], [ -97.730771, 30.709507 ], [ -97.731017, 30.708573 ], [ -97.731094, 30.708408 ], [ -97.731208, 30.708254 ], [ -97.731316, 30.708139 ], [ -97.731539, 30.707952 ], [ -97.731685, 30.707869 ], [ -97.73173, 30.707775 ], [ -97.73173, 30.707732 ], [ -97.731596, 30.707352 ], [ -97.731501, 30.707187 ], [ -97.7315, 30.70705 ], [ -97.731526, 30.706907 ], [ -97.731475, 30.7065 ], [ -97.731475, 30.706285 ], [ -97.731506, 30.706137 ], [ -97.731598, 30.70593 ], [ -97.731604, 30.705905 ], [ -97.731536, 30.705855 ], [ -97.731375, 30.705683 ], [ -97.731281, 30.705497 ], [ -97.731225, 30.705331 ], [ -97.73121, 30.705199 ], [ -97.731207, 30.70505 ], [ -97.731267, 30.704611 ], [ -97.731278, 30.704463 ], [ -97.73125, 30.704292 ], [ -97.731197, 30.704134 ], [ -97.731135, 30.703982 ], [ -97.731018, 30.703836 ], [ -97.730937, 30.703749 ], [ -97.73079, 30.703644 ], [ -97.730577, 30.703522 ], [ -97.730232, 30.703336 ], [ -97.729969, 30.703177 ], [ -97.730035, 30.703082 ], [ -97.730141, 30.702958 ], [ -97.730249, 30.702841 ], [ -97.730305, 30.702765 ], [ -97.730463, 30.702568 ], [ -97.730672, 30.702363 ], [ -97.73078, 30.702272 ], [ -97.730894, 30.702183 ], [ -97.731118, 30.702023 ], [ -97.731338, 30.70189 ], [ -97.73157, 30.701765 ], [ -97.731831, 30.701644 ], [ -97.731943, 30.701611 ], [ -97.732053, 30.701572 ], [ -97.732345, 30.701481 ], [ -97.732505, 30.701443 ], [ -97.732652, 30.701416 ], [ -97.732965, 30.701373 ], [ -97.733265, 30.701351 ], [ -97.733428, 30.701354 ], [ -97.733618, 30.701372 ], [ -97.734438, 30.701422 ], [ -97.7346, 30.701447 ], [ -97.734729, 30.701455 ], [ -97.734838, 30.701457 ], [ -97.735064, 30.701448 ], [ -97.735179, 30.701431 ], [ -97.735294, 30.701409 ], [ -97.73551, 30.701336 ], [ -97.735803, 30.701213 ], [ -97.735954, 30.701114 ], [ -97.736396, 30.700776 ], [ -97.736526, 30.700691 ], [ -97.736652, 30.700616 ], [ -97.736785, 30.70055 ], [ -97.736927, 30.700493 ], [ -97.737184, 30.700407 ], [ -97.737404, 30.700362 ], [ -97.737503, 30.700351 ], [ -97.737695, 30.700338 ], [ -97.738195, 30.70032 ], [ -97.738312, 30.700309 ], [ -97.738431, 30.700287 ], [ -97.738546, 30.700261 ], [ -97.738662, 30.700228 ], [ -97.738915, 30.700134 ], [ -97.739057, 30.700066 ], [ -97.739368, 30.699864 ], [ -97.739472, 30.699784 ], [ -97.739553, 30.699909 ], [ -97.740227, 30.700678 ], [ -97.740311, 30.70078 ], [ -97.740611, 30.701107 ], [ -97.740807, 30.701338 ], [ -97.741092, 30.701606 ], [ -97.741491, 30.701891 ], [ -97.741891, 30.702131 ], [ -97.742237, 30.702283 ], [ -97.742645, 30.702427 ], [ -97.743074, 30.70253 ], [ -97.74327, 30.702577 ], [ -97.743375, 30.702602 ], [ -97.743664, 30.702673 ], [ -97.743717, 30.702686 ], [ -97.746042, 30.703254 ], [ -97.746334, 30.703338 ], [ -97.746622, 30.703434 ], [ -97.746903, 30.703544 ], [ -97.747177, 30.703666 ], [ -97.747391, 30.703771 ], [ -97.747571, 30.703867 ], [ -97.747893, 30.704038 ], [ -97.74978, 30.705045 ], [ -97.750767, 30.705572 ], [ -97.750799, 30.705588 ] ] ] } },
{ "type": "Feature", "properties": { "GEOID": "484910201181", "NAME": "Block Group 1; Census Tract 201.18; Williamson County; Texas", "state": "48", "county": "491", "tract": "020118", "block group": "1", "population": 1277.0, "population_moe": 326.0, "area_sq_miles": 0.89545863813876714, "population_density": 1426.0848526228704, "under5": 0.0, "under5_moe": 21.213203435596427, "under18": 0.0, "under18_moe": 42.426406871192853, "age18_64": 126.0, "age18_64_moe": 101.54309429990796, "age65plus": 1151.0, "age65plus_moe": 282.69594974106013, "civilian_noninstitutionalized_population": 1277.0, "civilian_noninstitutionalized_population_moe": 326.0, "uninsured": 15.0, "uninsured_moe": 36.055512754639892, "uninsured_pct": 1.1746280344557558, "disability_population_base": "<NA>", "disability_population_base_moe": "<NA>", "disability": null, "disability_moe": "<NA>", "disability_pct": null, "poverty_population_base": 1277.0, "poverty_population_base_moe": 326.0, "poverty": 18.0, "poverty_moe": 32.649655434629018, "poverty_pct": 1.4095536413469067, "median_household_income": "74032.0", "median_household_income_moe": "25275.0", "per_capita_income": 79968.0, "per_capita_income_moe": 28135.0, "households": "<NA>", "households_moe": "<NA>", "no_vehicle_households": "<NA>", "no_vehicle_households_moe": "<NA>", "no_vehicle_pct": null, "youth_population_pct": 0.0, "senior_population_pct": 90.133124510571648, "healthcare_need_score": 26.799681406977367, "healthcare_need_notes": "Relative index averaging min-max normalized uninsured_pct, disability_pct, poverty_pct, no_vehicle_pct, youth_population_pct, and senior_population_pct within the retained Liberty Hill study-area block groups.", "uninsured_pct_numerator": "uninsured", "uninsured_pct_denominator": "civilian_noninstitutionalized_population", "disability_pct_numerator": "disability", "disability_pct_denominator": "disability_population_base", "poverty_pct_numerator": "poverty", "poverty_pct_denominator": "poverty_population_base", "no_vehicle_pct_numerator": "no_vehicle_households", "no_vehicle_pct_denominator": "households", "youth_population_pct_numerator": "under18", "youth_population_pct_denominator": "population", "senior_population_pct_numerator": "age65plus", "senior_population_pct_denominator": "population", "intersects_liberty_hill_city": false, "nearest_any_medical_miles": 0.80873513525265484, "nearest_primary_care_miles": 0.80873513525265484, "nearest_urgent_care_miles": 10.654559549186894, "nearest_hospital_miles": 5.5907293035330756, "nearest_emergency_miles": 10.772338151747286, "nearest_primary_care_minutes": null, "nearest_urgent_care_minutes": null, "nearest_hospital_minutes": null, "nearest_emergency_minutes": null, "healthcare_access_measure": "Straight-line distance", "healthcare_access_distance_band": "0-1 miles" }, "geometry": { "type": "Polygon", "coordinates": [ [ [ -97.739368, 30.699864 ], [ -97.739057, 30.700066 ], [ -97.738915, 30.700134 ], [ -97.738662, 30.700228 ], [ -97.738546, 30.700261 ], [ -97.738431, 30.700287 ], [ -97.738312, 30.700309 ], [ -97.738195, 30.70032 ], [ -97.737695, 30.700338 ], [ -97.737503, 30.700351 ], [ -97.737404, 30.700362 ], [ -97.737184, 30.700407 ], [ -97.736927, 30.700493 ], [ -97.736785, 30.70055 ], [ -97.736652, 30.700616 ], [ -97.736526, 30.700691 ], [ -97.736396, 30.700776 ], [ -97.735954, 30.701114 ], [ -97.735803, 30.701213 ], [ -97.73551, 30.701336 ], [ -97.735294, 30.701409 ], [ -97.735179, 30.701431 ], [ -97.735064, 30.701448 ], [ -97.734838, 30.701457 ], [ -97.734729, 30.701455 ], [ -97.7346, 30.701447 ], [ -97.734438, 30.701422 ], [ -97.733618, 30.701372 ], [ -97.733428, 30.701354 ], [ -97.733265, 30.701351 ], [ -97.732965, 30.701373 ], [ -97.732652, 30.701416 ], [ -97.732505, 30.701443 ], [ -97.732345, 30.701481 ], [ -97.732053, 30.701572 ], [ -97.731943, 30.701611 ], [ -97.731831, 30.701644 ], [ -97.73157, 30.701765 ], [ -97.731338, 30.70189 ], [ -97.731118, 30.702023 ], [ -97.730894, 30.702183 ], [ -97.73078, 30.702272 ], [ -97.730672, 30.702363 ], [ -97.730463, 30.702568 ], [ -97.730305, 30.702765 ], [ -97.730249, 30.702841 ], [ -97.730141, 30.702958 ], [ -97.730035, 30.703082 ], [ -97.729969, 30.703177 ], [ -97.730232, 30.703336 ], [ -97.730577, 30.703522 ], [ -97.73079, 30.703644 ], [ -97.730937, 30.703749 ], [ -97.731018, 30.703836 ], [ -97.731135, 30.703982 ], [ -97.731197, 30.704134 ], [ -97.73125, 30.704292 ], [ -97.731278, 30.704463 ], [ -97.731267, 30.704611 ], [ -97.731207, 30.70505 ], [ -97.73121, 30.705199 ], [ -97.731225, 30.705331 ], [ -97.731281, 30.705497 ], [ -97.731375, 30.705683 ], [ -97.731536, 30.705855 ], [ -97.731604, 30.705905 ], [ -97.731598, 30.70593 ], [ -97.731506, 30.706137 ], [ -97.731475, 30.706285 ], [ -97.731475, 30.7065 ], [ -97.731526, 30.706907 ], [ -97.7315, 30.70705 ], [ -97.731501, 30.707187 ], [ -97.731596, 30.707352 ], [ -97.73173, 30.707732 ], [ -97.73173, 30.707775 ], [ -97.731685, 30.707869 ], [ -97.731539, 30.707952 ], [ -97.731316, 30.708139 ], [ -97.731208, 30.708254 ], [ -97.731094, 30.708408 ], [ -97.731017, 30.708573 ], [ -97.730771, 30.709507 ], [ -97.73075, 30.709591 ], [ -97.730642, 30.709866 ], [ -97.730566, 30.710031 ], [ -97.730464, 30.710168 ], [ -97.730439, 30.710191 ], [ -97.730362, 30.710262 ], [ -97.730076, 30.710361 ], [ -97.7297, 30.710411 ], [ -97.729611, 30.710471 ], [ -97.72951, 30.710587 ], [ -97.729319, 30.710873 ], [ -97.729064, 30.711115 ], [ -97.728759, 30.71145 ], [ -97.728721, 30.711505 ], [ -97.728689, 30.711601 ], [ -97.727175, 30.711143 ], [ -97.725793, 30.710879 ], [ -97.724088, 30.710405 ], [ -97.72382, 30.710228 ], [ -97.723336, 30.710145 ], [ -97.722557, 30.709727 ], [ -97.722097, 30.709699 ], [ -97.722088, 30.709593 ], [ -97.722011, 30.709445 ], [ -97.721865, 30.709335 ], [ -97.721814, 30.709307 ], [ -97.721684, 30.709292 ], [ -97.721606, 30.709283 ], [ -97.721508, 30.709272 ], [ -97.721432, 30.709263 ], [ -97.720967, 30.709016 ], [ -97.720502, 30.708609 ], [ -97.719942, 30.708208 ], [ -97.719776, 30.707999 ], [ -97.719617, 30.70785 ], [ -97.719465, 30.707773 ], [ -97.719388, 30.707707 ], [ -97.718936, 30.707207 ], [ -97.718548, 30.706641 ], [ -97.718427, 30.706393 ], [ -97.71814, 30.705909 ], [ -97.718083, 30.705722 ], [ -97.718006, 30.705293 ], [ -97.71793, 30.705062 ], [ -97.717847, 30.704886 ], [ -97.717713, 30.704644 ], [ -97.717478, 30.704265 ], [ -97.717293, 30.704083 ], [ -97.717108, 30.703918 ], [ -97.717094, 30.70391 ], [ -97.717007, 30.703863 ], [ -97.716943, 30.703847 ], [ -97.716875, 30.703847 ], [ -97.716841, 30.703847 ], [ -97.716734, 30.703818 ], [ -97.716656, 30.703798 ], [ -97.716809, 30.703506 ], [ -97.716835, 30.703281 ], [ -97.716841, 30.703061 ], [ -97.716771, 30.703028 ], [ -97.71665, 30.70305 ], [ -97.71656, 30.702985 ], [ -97.716449, 30.70298 ], [ -97.716376, 30.702922 ], [ -97.716239, 30.702813 ], [ -97.716255, 30.702769 ], [ -97.716271, 30.702585 ], [ -97.716281, 30.702478 ], [ -97.716344, 30.70228 ], [ -97.716453, 30.701858 ], [ -97.716465, 30.701812 ], [ -97.716567, 30.701598 ], [ -97.716626, 30.701363 ], [ -97.716656, 30.701246 ], [ -97.716675, 30.700954 ], [ -97.71669, 30.700921 ], [ -97.716736, 30.70083 ], [ -97.716917, 30.700465 ], [ -97.717025, 30.7003 ], [ -97.717102, 30.700249 ], [ -97.717126, 30.700234 ], [ -97.717335, 30.700168 ], [ -97.718049, 30.699942 ], [ -97.718094, 30.699898 ], [ -97.718157, 30.699733 ], [ -97.718011, 30.698941 ], [ -97.71782, 30.698563 ], [ -97.717769, 30.698462 ], [ -97.717406, 30.698034 ], [ -97.71737, 30.697931 ], [ -97.717329, 30.697814 ], [ -97.717288, 30.69745 ], [ -97.717369, 30.697495 ], [ -97.718146, 30.69793 ], [ -97.718295, 30.697976 ], [ -97.719714, 30.698411 ], [ -97.720514, 30.698152 ], [ -97.725865, 30.696479 ], [ -97.726838, 30.696179 ], [ -97.727218, 30.696062 ], [ -97.727737, 30.695857 ], [ -97.72785, 30.695805 ], [ -97.728048, 30.69573 ], [ -97.728173, 30.695682 ], [ -97.728332, 30.695513 ], [ -97.728443, 30.69545 ], [ -97.72857, 30.695379 ], [ -97.729005, 30.69506 ], [ -97.729538, 30.69454 ], [ -97.729805, 30.694215 ], [ -97.729874, 30.694115 ], [ -97.729925, 30.694009 ], [ -97.72995, 30.693894 ], [ -97.729953, 30.693778 ], [ -97.729944, 30.693638 ], [ -97.729946, 30.693581 ], [ -97.729964, 30.693496 ], [ -97.729998, 30.693416 ], [ -97.730048, 30.693343 ], [ -97.730202, 30.693159 ], [ -97.730237, 30.693179 ], [ -97.731771, 30.694112 ], [ -97.733431, 30.695123 ], [ -97.73404, 30.695465 ], [ -97.734211, 30.695561 ], [ -97.734707, 30.695839 ], [ -97.735796, 30.696501 ], [ -97.736491, 30.696923 ], [ -97.736509, 30.696942 ], [ -97.736639, 30.697024 ], [ -97.737015, 30.697284 ], [ -97.737292, 30.697499 ], [ -97.73765, 30.697806 ], [ -97.737993, 30.698133 ], [ -97.738193, 30.698343 ], [ -97.738772, 30.699011 ], [ -97.739472, 30.699784 ], [ -97.739368, 30.699864 ] ] ] } },
{ "type": "Feature", "properties": { "GEOID": "484910202081", "NAME": "Block Group 1; Census Tract 202.08; Williamson County; Texas", "state": "48", "county": "491", "tract": "020208", "block group": "1", "population": 2925.0, "population_moe": 391.0, "area_sq_miles": 37.964532564365427, "population_density": 77.045594991612958, "under5": 45.0, "under5_moe": 38.897300677553446, "under18": 689.0, "under18_moe": 138.54602123482292, "age18_64": 1690.0, "age18_64_moe": 300.61104437462041, "age65plus": 546.0, "age65plus_moe": 157.28000508646991, "civilian_noninstitutionalized_population": 2925.0, "civilian_noninstitutionalized_population_moe": 391.0, "uninsured": 197.0, "uninsured_moe": 123.97983707038819, "uninsured_pct": 6.7350427350427342, "disability_population_base": "<NA>", "disability_population_base_moe": "<NA>", "disability": null, "disability_moe": "<NA>", "disability_pct": null, "poverty_population_base": 2925.0, "poverty_population_base_moe": 391.0, "poverty": 77.0, "poverty_moe": 66.708320320631671, "poverty_pct": 2.6324786324786325, "median_household_income": "102137.0", "median_household_income_moe": "45813.0", "per_capita_income": 53791.0, "per_capita_income_moe": 12992.0, "households": "<NA>", "households_moe": "<NA>", "no_vehicle_households": "<NA>", "no_vehicle_households_moe": "<NA>", "no_vehicle_pct": null, "youth_population_pct": 23.555555555555554, "senior_population_pct": 18.666666666666668, "healthcare_need_score": 25.675223237539853, "healthcare_need_notes": "Relative index averaging min-max normalized uninsured_pct, disability_pct, poverty_pct, no_vehicle_pct, youth_population_pct, and senior_population_pct within the retained Liberty Hill study-area block groups.", "uninsured_pct_numerator": "uninsured", "uninsured_pct_denominator": "civilian_noninstitutionalized_population", "disability_pct_numerator": "disability", "disability_pct_denominator": "disability_population_base", "poverty_pct_numerator": "poverty", "poverty_pct_denominator": "poverty_population_base", "no_vehicle_pct_numerator": "no_vehicle_households", "no_vehicle_pct_denominator": "households", "youth_population_pct_numerator": "under18", "youth_population_pct_denominator": "population", "senior_population_pct_numerator": "age65plus", "senior_population_pct_denominator": "population", "intersects_liberty_hill_city": false, "nearest_any_medical_miles": 7.0320995902174372, "nearest_primary_care_miles": 7.2978795757909243, "nearest_urgent_care_miles": 7.0320995902174372, "nearest_hospital_miles": 16.974926630224193, "nearest_emergency_miles": 12.260217914243976, "nearest_primary_care_minutes": null, "nearest_urgent_care_minutes": null, "nearest_hospital_minutes": null, "nearest_emergency_minutes": null, "healthcare_access_measure": "Straight-line distance", "healthcare_access_distance_band": "5-10 miles" }, "geometry": { "type": "Polygon", "coordinates": [ [ [ -97.997942, 30.720294 ], [ -97.997924, 30.720334 ], [ -97.997915, 30.720352 ], [ -97.997091, 30.721934 ], [ -97.996084, 30.723854 ], [ -97.995464, 30.725028 ], [ -97.994843, 30.726203 ], [ -97.994834, 30.72624 ], [ -97.994562, 30.72676 ], [ -97.993591, 30.728613 ], [ -97.993576, 30.728641 ], [ -97.993392, 30.728991 ], [ -97.993209, 30.72934 ], [ -97.993091, 30.729566 ], [ -97.993024, 30.729695 ], [ -97.992739, 30.730257 ], [ -97.992722, 30.730269 ], [ -97.992707, 30.730276 ], [ -97.988965, 30.737408 ], [ -97.988919, 30.737496 ], [ -97.987838, 30.739585 ], [ -97.9878, 30.739658 ], [ -97.987781, 30.739694 ], [ -97.987773, 30.73971 ], [ -97.987768, 30.73972 ], [ -97.987753, 30.739749 ], [ -97.986278, 30.742602 ], [ -97.986184, 30.742763 ], [ -97.986083, 30.742936 ], [ -97.986048, 30.743002 ], [ -97.985347, 30.744337 ], [ -97.984709, 30.745556 ], [ -97.984039, 30.746837 ], [ -97.984028, 30.746858 ], [ -97.982376, 30.750008 ], [ -97.982308, 30.750182 ], [ -97.980609, 30.753225 ], [ -97.980596, 30.753249 ], [ -97.979796, 30.754727 ], [ -97.978974, 30.756212 ], [ -97.978956, 30.756244 ], [ -97.978797, 30.75653 ], [ -97.974361, 30.764553 ], [ -97.974076, 30.765069 ], [ -97.971495, 30.769738 ], [ -97.969909, 30.772625 ], [ -97.969846, 30.772743 ], [ -97.969825, 30.772782 ], [ -97.966086, 30.779659 ], [ -97.966037, 30.77975 ], [ -97.963948, 30.783708 ], [ -97.963934, 30.783735 ], [ -97.963766, 30.783984 ], [ -97.96311, 30.785177 ], [ -97.962945, 30.785483 ], [ -97.96286, 30.785641 ], [ -97.962789, 30.785704 ], [ -97.962497, 30.785964 ], [ -97.962464, 30.785994 ], [ -97.962233, 30.7862 ], [ -97.961932, 30.786468 ], [ -97.959914, 30.788269 ], [ -97.957521, 30.790447 ], [ -97.956899, 30.791019 ], [ -97.956604, 30.791288 ], [ -97.95591, 30.791847 ], [ -97.9552, 30.792559 ], [ -97.954478, 30.793206 ], [ -97.954298, 30.793366 ], [ -97.954218, 30.793439 ], [ -97.954082, 30.793561 ], [ -97.953923, 30.793702 ], [ -97.953756, 30.793853 ], [ -97.945436, 30.801309 ], [ -97.940285, 30.805923 ], [ -97.939554, 30.806541 ], [ -97.939419, 30.806653 ], [ -97.939322, 30.806735 ], [ -97.93858, 30.807357 ], [ -97.938415, 30.807495 ], [ -97.936698, 30.80904 ], [ -97.936027, 30.809576 ], [ -97.935478, 30.810111 ], [ -97.93471, 30.810761 ], [ -97.934312, 30.8111 ], [ -97.933433, 30.811925 ], [ -97.933097, 30.812221 ], [ -97.929413, 30.815478 ], [ -97.927463, 30.817218 ], [ -97.926142, 30.818378 ], [ -97.925074, 30.819335 ], [ -97.923912, 30.820375 ], [ -97.918282, 30.825326 ], [ -97.913432, 30.829625 ], [ -97.912303, 30.830705 ], [ -97.911966, 30.831028 ], [ -97.910425, 30.832318 ], [ -97.90937, 30.833238 ], [ -97.906751, 30.835522 ], [ -97.906202, 30.836002 ], [ -97.905441, 30.836666 ], [ -97.904133, 30.837886 ], [ -97.903179, 30.838749 ], [ -97.90297, 30.838243 ], [ -97.90287, 30.837996 ], [ -97.902273, 30.836517 ], [ -97.90216, 30.836238 ], [ -97.902041, 30.835943 ], [ -97.901982, 30.835798 ], [ -97.901713, 30.835153 ], [ -97.901246, 30.83403 ], [ -97.90004, 30.831135 ], [ -97.899837, 30.830648 ], [ -97.899442, 30.82968 ], [ -97.898951, 30.828536 ], [ -97.898597, 30.827671 ], [ -97.897338, 30.824627 ], [ -97.897118, 30.824108 ], [ -97.896577, 30.822794 ], [ -97.895826, 30.820991 ], [ -97.895451, 30.820073 ], [ -97.894746, 30.818393 ], [ -97.894559, 30.817945 ], [ -97.894412, 30.817593 ], [ -97.891667, 30.810977 ], [ -97.891644, 30.810924 ], [ -97.891553, 30.810704 ], [ -97.891425, 30.810397 ], [ -97.889306, 30.805291 ], [ -97.887639, 30.801241 ], [ -97.886289, 30.797982 ], [ -97.885689, 30.79655 ], [ -97.883497, 30.791242 ], [ -97.882641, 30.78917 ], [ -97.882199, 30.7881 ], [ -97.880186, 30.78325 ], [ -97.878768, 30.779836 ], [ -97.878181, 30.778405 ], [ -97.87803, 30.778023 ], [ -97.877607, 30.776955 ], [ -97.877449, 30.776478 ], [ -97.877297, 30.775953 ], [ -97.877168, 30.775423 ], [ -97.87706, 30.774885 ], [ -97.876893, 30.773835 ], [ -97.87686, 30.773463 ], [ -97.87685, 30.773091 ], [ -97.876825, 30.771286 ], [ -97.876722, 30.762432 ], [ -97.876707, 30.761282 ], [ -97.876652, 30.75714 ], [ -97.876642, 30.756185 ], [ -97.87662, 30.754208 ], [ -97.876582, 30.751245 ], [ -97.87658, 30.751051 ], [ -97.876565, 30.750106 ], [ -97.87655, 30.749143 ], [ -97.876526, 30.746601 ], [ -97.876524, 30.746472 ], [ -97.876516, 30.745609 ], [ -97.87646, 30.741696 ], [ -97.876432, 30.738437 ], [ -97.876429, 30.738077 ], [ -97.876408, 30.737272 ], [ -97.876376, 30.735494 ], [ -97.876355, 30.732675 ], [ -97.876304, 30.729163 ], [ -97.876286, 30.725911 ], [ -97.87662, 30.725866 ], [ -97.883505, 30.723844 ], [ -97.884821, 30.723426 ], [ -97.889854, 30.721804 ], [ -97.891577, 30.721257 ], [ -97.891696, 30.721229 ], [ -97.89181, 30.721211 ], [ -97.891925, 30.721202 ], [ -97.89204, 30.7212 ], [ -97.892155, 30.721206 ], [ -97.892269, 30.72122 ], [ -97.892382, 30.721242 ], [ -97.89303, 30.721404 ], [ -97.893673, 30.721586 ], [ -97.894308, 30.721787 ], [ -97.894909, 30.721999 ], [ -97.894934, 30.722008 ], [ -97.895551, 30.722247 ], [ -97.895755, 30.722331 ], [ -97.895835, 30.722359 ], [ -97.895912, 30.722393 ], [ -97.895984, 30.722433 ], [ -97.896053, 30.722479 ], [ -97.896116, 30.72253 ], [ -97.89674, 30.723252 ], [ -97.896899, 30.72345 ], [ -97.897077, 30.723637 ], [ -97.89727, 30.723811 ], [ -97.897478, 30.723971 ], [ -97.897647, 30.724059 ], [ -97.897823, 30.724136 ], [ -97.898006, 30.724201 ], [ -97.898193, 30.724254 ], [ -97.898365, 30.724312 ], [ -97.898564, 30.724378 ], [ -97.898665, 30.724423 ], [ -97.898757, 30.724482 ], [ -97.898838, 30.724552 ], [ -97.898904, 30.724632 ], [ -97.898944, 30.724698 ], [ -97.899743, 30.726434 ], [ -97.899767, 30.726514 ], [ -97.899783, 30.726596 ], [ -97.899793, 30.726733 ], [ -97.899788, 30.726816 ], [ -97.899775, 30.726898 ], [ -97.899753, 30.726979 ], [ -97.899439, 30.727829 ], [ -97.899158, 30.728484 ], [ -97.899112, 30.728669 ], [ -97.899072, 30.72897 ], [ -97.899011, 30.72926 ], [ -97.898912, 30.729538 ], [ -97.898681, 30.730018 ], [ -97.898596, 30.730166 ], [ -97.898292, 30.7307 ], [ -97.897902, 30.731344 ], [ -97.897101, 30.732603 ], [ -97.897036, 30.732719 ], [ -97.896896, 30.732969 ], [ -97.896859, 30.733055 ], [ -97.89683, 30.733143 ], [ -97.896812, 30.733234 ], [ -97.896806, 30.733326 ], [ -97.896809, 30.733418 ], [ -97.897, 30.73455 ], [ -97.897032, 30.734675 ], [ -97.897076, 30.734797 ], [ -97.897141, 30.73494 ], [ -97.897215, 30.735144 ], [ -97.897271, 30.735352 ], [ -97.897311, 30.735562 ], [ -97.89732, 30.735633 ], [ -97.897371, 30.736531 ], [ -97.897366, 30.736866 ], [ -97.897371, 30.736899 ], [ -97.897219, 30.738337 ], [ -97.897211, 30.738498 ], [ -97.897217, 30.738781 ], [ -97.897341, 30.740031 ], [ -97.897409, 30.740482 ], [ -97.897434, 30.740709 ], [ -97.89745, 30.740794 ], [ -97.903212, 30.738998 ], [ -97.906878, 30.73789 ], [ -97.910309, 30.736853 ], [ -97.91039, 30.736819 ], [ -97.912088, 30.736305 ], [ -97.912583, 30.736155 ], [ -97.913092, 30.736001 ], [ -97.913875, 30.735764 ], [ -97.914729, 30.735485 ], [ -97.915001, 30.735415 ], [ -97.915156, 30.735423 ], [ -97.915253, 30.735471 ], [ -97.915392, 30.735556 ], [ -97.91544, 30.735601 ], [ -97.915468, 30.735628 ], [ -97.915674, 30.735805 ], [ -97.915808, 30.735957 ], [ -97.915864, 30.736011 ], [ -97.915927, 30.736055 ], [ -97.915888, 30.735969 ], [ -97.915761, 30.735534 ], [ -97.915545, 30.734984 ], [ -97.915233, 30.734352 ], [ -97.914864, 30.733571 ], [ -97.914667, 30.73312 ], [ -97.914419, 30.732317 ], [ -97.914171, 30.731667 ], [ -97.913961, 30.731227 ], [ -97.913738, 30.73087 ], [ -97.913642, 30.730782 ], [ -97.913566, 30.730683 ], [ -97.913248, 30.730419 ], [ -97.913152, 30.730325 ], [ -97.913069, 30.730232 ], [ -97.912751, 30.729819 ], [ -97.912357, 30.729055 ], [ -97.91221, 30.728735 ], [ -97.912121, 30.728482 ], [ -97.911943, 30.727569 ], [ -97.911791, 30.72725 ], [ -97.911332, 30.726678 ], [ -97.911078, 30.726315 ], [ -97.910804, 30.726018 ], [ -97.910346, 30.725567 ], [ -97.910034, 30.725336 ], [ -97.909467, 30.725039 ], [ -97.909537, 30.725017 ], [ -97.90997, 30.724797 ], [ -97.910066, 30.724693 ], [ -97.910187, 30.724599 ], [ -97.910346, 30.724555 ], [ -97.910575, 30.724539 ], [ -97.910773, 30.724566 ], [ -97.910932, 30.724566 ], [ -97.911467, 30.724682 ], [ -97.911791, 30.724819 ], [ -97.91225, 30.725034 ], [ -97.912797, 30.725326 ], [ -97.913033, 30.725513 ], [ -97.913134, 30.725667 ], [ -97.913427, 30.726035 ], [ -97.913618, 30.726541 ], [ -97.913821, 30.72702 ], [ -97.913974, 30.727531 ], [ -97.91428, 30.727972 ], [ -97.914661, 30.728467 ], [ -97.915107, 30.729022 ], [ -97.915311, 30.729176 ], [ -97.916081, 30.730023 ], [ -97.916208, 30.730128 ], [ -97.916444, 30.730359 ], [ -97.916819, 30.730772 ], [ -97.916966, 30.730832 ], [ -97.917239, 30.730799 ], [ -97.91743, 30.730733 ], [ -97.917704, 30.730546 ], [ -97.917844, 30.730425 ], [ -97.917984, 30.73037 ], [ -97.918284, 30.7302 ], [ -97.918882, 30.72982 ], [ -97.919201, 30.729573 ], [ -97.9195, 30.729298 ], [ -97.919901, 30.72899 ], [ -97.920054, 30.72882 ], [ -97.920258, 30.728649 ], [ -97.920384, 30.728474 ], [ -97.920795, 30.728305 ], [ -97.92105, 30.728232 ], [ -97.921226, 30.728198 ], [ -97.921286, 30.728184 ], [ -97.921412, 30.728153 ], [ -97.92233, 30.727864 ], [ -97.923256, 30.727616 ], [ -97.923903, 30.727453 ], [ -97.924482, 30.72725 ], [ -97.924836, 30.727142 ], [ -97.925011, 30.7271 ], [ -97.925364, 30.726986 ], [ -97.925631, 30.726881 ], [ -97.925792, 30.726809 ], [ -97.925956, 30.726744 ], [ -97.92617, 30.72669 ], [ -97.926395, 30.726656 ], [ -97.92668, 30.72659 ], [ -97.926857, 30.726532 ], [ -97.926898, 30.726513 ], [ -97.92702, 30.726455 ], [ -97.927196, 30.726401 ], [ -97.927458, 30.726345 ], [ -97.928172, 30.726119 ], [ -97.92844, 30.72602 ], [ -97.929305, 30.725762 ], [ -97.930523, 30.7254 ], [ -97.930963, 30.725286 ], [ -97.931426, 30.72514 ], [ -97.931613, 30.72507 ], [ -97.932312, 30.724845 ], [ -97.932233, 30.724672 ], [ -97.932091, 30.724332 ], [ -97.931276, 30.722499 ], [ -97.931079, 30.722019 ], [ -97.930933, 30.721586 ], [ -97.930802, 30.721129 ], [ -97.930664, 30.720732 ], [ -97.930641, 30.720664 ], [ -97.930602, 30.720563 ], [ -97.930148, 30.719401 ], [ -97.929587, 30.717965 ], [ -97.929411, 30.717543 ], [ -97.929326, 30.717368 ], [ -97.929268, 30.717249 ], [ -97.929161, 30.717075 ], [ -97.92891, 30.716693 ], [ -97.928516, 30.716165 ], [ -97.928372, 30.715928 ], [ -97.92836, 30.715908 ], [ -97.928194, 30.715673 ], [ -97.928087, 30.715486 ], [ -97.927969, 30.715224 ], [ -97.927957, 30.715163 ], [ -97.927895, 30.714856 ], [ -97.927807, 30.714302 ], [ -97.927747, 30.713744 ], [ -97.927715, 30.713199 ], [ -97.927712, 30.712893 ], [ -97.927892, 30.712007 ], [ -97.927975, 30.711519 ], [ -97.928005, 30.711068 ], [ -97.927963, 30.710432 ], [ -97.927982, 30.709625 ], [ -97.927993, 30.709174 ], [ -97.928043, 30.708598 ], [ -97.928105, 30.708032 ], [ -97.928264, 30.706802 ], [ -97.928389, 30.705969 ], [ -97.928468, 30.705587 ], [ -97.928589, 30.705186 ], [ -97.928705, 30.704878 ], [ -97.928793, 30.704659 ], [ -97.92896, 30.704246 ], [ -97.929052, 30.704048 ], [ -97.929151, 30.703833 ], [ -97.929451, 30.703206 ], [ -97.929941, 30.702245 ], [ -97.930115, 30.701913 ], [ -97.930379, 30.701396 ], [ -97.930542, 30.701077 ], [ -97.930642, 30.70089 ], [ -97.930753, 30.700685 ], [ -97.93084, 30.700516 ], [ -97.931204, 30.699808 ], [ -97.931474, 30.699249 ], [ -97.931621, 30.698972 ], [ -97.931991, 30.698209 ], [ -97.93293, 30.696417 ], [ -97.933424, 30.695479 ], [ -97.933676, 30.695088 ], [ -97.934117, 30.694224 ], [ -97.934383, 30.693726 ], [ -97.934474, 30.693555 ], [ -97.934779, 30.693009 ], [ -97.934853, 30.692877 ], [ -97.9352, 30.692168 ], [ -97.935609, 30.691215 ], [ -97.935815, 30.69069 ], [ -97.935886, 30.690547 ], [ -97.936137, 30.69004 ], [ -97.936306, 30.689618 ], [ -97.937308, 30.690045 ], [ -97.937556, 30.690216 ], [ -97.937836, 30.690333 ], [ -97.938021, 30.690362 ], [ -97.938164, 30.690344 ], [ -97.93853, 30.690234 ], [ -97.938828, 30.69014 ], [ -97.938979, 30.690084 ], [ -97.939179, 30.690012 ], [ -97.93954, 30.689917 ], [ -97.939798, 30.689897 ], [ -97.940076, 30.689938 ], [ -97.940266, 30.690028 ], [ -97.940548, 30.690255 ], [ -97.940807, 30.690498 ], [ -97.940923, 30.690623 ], [ -97.941027, 30.69082 ], [ -97.941355, 30.691541 ], [ -97.941889, 30.692899 ], [ -97.942441, 30.694163 ], [ -97.943115, 30.69576 ], [ -97.94371, 30.697219 ], [ -97.944546, 30.699247 ], [ -97.944973, 30.700283 ], [ -97.945108, 30.700554 ], [ -97.945253, 30.700794 ], [ -97.945356, 30.70094 ], [ -97.945372, 30.700963 ], [ -97.945683, 30.701312 ], [ -97.945921, 30.701631 ], [ -97.945954, 30.701675 ], [ -97.946073, 30.701833 ], [ -97.94705, 30.703003 ], [ -97.947636, 30.703733 ], [ -97.947809, 30.703967 ], [ -97.948034, 30.704222 ], [ -97.948546, 30.704861 ], [ -97.948754, 30.705143 ], [ -97.949113, 30.705628 ], [ -97.949708, 30.706395 ], [ -97.949918, 30.706649 ], [ -97.950458, 30.707194 ], [ -97.950764, 30.707515 ], [ -97.951032, 30.707812 ], [ -97.95127, 30.708125 ], [ -97.952209, 30.709216 ], [ -97.952437, 30.709428 ], [ -97.952645, 30.709557 ], [ -97.953677, 30.709957 ], [ -97.95467, 30.7103 ], [ -97.955768, 30.710698 ], [ -97.956491, 30.71094 ], [ -97.95682, 30.711044 ], [ -97.957512, 30.711204 ], [ -97.957554, 30.711214 ], [ -97.957942, 30.711299 ], [ -97.95839, 30.711405 ], [ -97.958491, 30.711429 ], [ -97.958714, 30.711471 ], [ -97.959088, 30.711574 ], [ -97.959362, 30.711716 ], [ -97.959681, 30.711992 ], [ -97.960549, 30.712803 ], [ -97.960787, 30.713038 ], [ -97.96097, 30.713201 ], [ -97.961179, 30.713345 ], [ -97.96165, 30.713551 ], [ -97.962031, 30.713695 ], [ -97.962535, 30.713908 ], [ -97.962771, 30.714038 ], [ -97.962785, 30.714048 ], [ -97.962903, 30.714133 ], [ -97.963033, 30.714278 ], [ -97.963136, 30.714419 ], [ -97.963555, 30.715145 ], [ -97.96443, 30.714884 ], [ -97.965194, 30.714636 ], [ -97.966, 30.714351 ], [ -97.967726, 30.713842 ], [ -97.969367, 30.713263 ], [ -97.969671, 30.713184 ], [ -97.969821, 30.713145 ], [ -97.970911, 30.712861 ], [ -97.97097, 30.71283 ], [ -97.970992, 30.71281 ], [ -97.971017, 30.712787 ], [ -97.971035, 30.712762 ], [ -97.971058, 30.712706 ], [ -97.971063, 30.712677 ], [ -97.971058, 30.712618 ], [ -97.970957, 30.712362 ], [ -97.970942, 30.712295 ], [ -97.970945, 30.712226 ], [ -97.970965, 30.71216 ], [ -97.970975, 30.712141 ], [ -97.971009, 30.712119 ], [ -97.970958, 30.711824 ], [ -97.971841, 30.712096 ], [ -97.974048, 30.71278 ], [ -97.976195, 30.713436 ], [ -97.977835, 30.713945 ], [ -97.979103, 30.714341 ], [ -97.980584, 30.714815 ], [ -97.982863, 30.715517 ], [ -97.984074, 30.715889 ], [ -97.984359, 30.715976 ], [ -97.986079, 30.716516 ], [ -97.9874, 30.716919 ], [ -97.989342, 30.71753 ], [ -97.991281, 30.718121 ], [ -97.992687, 30.718565 ], [ -97.994126, 30.719017 ], [ -97.995204, 30.71935 ], [ -97.99691, 30.71987 ], [ -97.997597, 30.720087 ], [ -97.997996, 30.720209 ], [ -97.997942, 30.720294 ] ] ] } },
{ "type": "Feature", "properties": { "GEOID": "484910203302", "NAME": "Block Group 2; Census Tract 203.30; Williamson County; Texas", "state": "48", "county": "491", "tract": "020330", "block group": "2", "population": 3006.0, "population_moe": 416.0, "area_sq_miles": 23.63304258972099, "population_density": 127.19479468578611, "under5": 214.0, "under5_moe": 118.1905241548577, "under18": 836.0, "under18_moe": 191.7341910041086, "age18_64": 1721.0, "age18_64_moe": 331.2204703818893, "age65plus": 449.0, "age65plus_moe": 145.71547618561317, "civilian_noninstitutionalized_population": 2990.0, "civilian_noninstitutionalized_population_moe": 416.0, "uninsured": 182.0, "uninsured_moe": 120.92559695945272, "uninsured_pct": 6.0869565217391308, "disability_population_base": "<NA>", "disability_population_base_moe": "<NA>", "disability": null, "disability_moe": "<NA>", "disability_pct": null, "poverty_population_base": 2990.0, "poverty_population_base_moe": 416.0, "poverty": 177.0, "poverty_moe": 196.57314160383152, "poverty_pct": 5.919732441471572, "median_household_income": "146688.0", "median_household_income_moe": "18890.0", "per_capita_income": 61132.0, "per_capita_income_moe": 12034.0, "households": "<NA>", "households_moe": "<NA>", "no_vehicle_households": "<NA>", "no_vehicle_households_moe": "<NA>", "no_vehicle_pct": null, "youth_population_pct": 27.811044577511645, "senior_population_pct": 14.936793080505655, "healthcare_need_score": 28.957202391156663, "healthcare_need_notes": "Relative index averaging min-max normalized uninsured_pct, disability_pct, poverty_pct, no_vehicle_pct, youth_population_pct, and senior_population_pct within the retained Liberty Hill study-area block groups.", "uninsured_pct_numerator": "uninsured", "uninsured_pct_denominator": "civilian_noninstitutionalized_population", "disability_pct_numerator": "disability", "disability_pct_denominator": "disability_population_base", "poverty_pct_numerator": "poverty", "poverty_pct_denominator": "poverty_population_base", "no_vehicle_pct_numerator": "no_vehicle_households", "no_vehicle_pct_denominator": "households", "youth_population_pct_numerator": "under18", "youth_population_pct_denominator": "population", "senior_population_pct_numerator": "age65plus", "senior_population_pct_denominator": "population", "intersects_liberty_hill_city": true, "nearest_any_medical_miles": 4.9726525305957265, "nearest_primary_care_miles": 5.219613683031314, "nearest_urgent_care_miles": 4.9726525305957265, "nearest_hospital_miles": 11.796596132395859, "nearest_emergency_miles": 7.4917112216784094, "nearest_primary_care_minutes": null, "nearest_urgent_care_minutes": null, "nearest_hospital_minutes": null, "nearest_emergency_minutes": null, "healthcare_access_measure": "Straight-line distance", "healthcare_access_distance_band": "3-5 miles" }, "geometry": { "type": "Polygon", "coordinates": [ [ [ -98.049544, 30.624794 ], [ -98.048386, 30.626844 ], [ -98.048146, 30.627291 ], [ -98.047554, 30.628699 ], [ -98.047351, 30.62907 ], [ -98.047327, 30.629114 ], [ -98.047313, 30.62914 ], [ -98.047298, 30.629166 ], [ -98.047284, 30.629192 ], [ -98.047135, 30.629465 ], [ -98.043152, 30.636756 ], [ -98.04313, 30.636797 ], [ -98.043074, 30.6369 ], [ -98.043058, 30.63693 ], [ -98.038538, 30.645243 ], [ -98.038462, 30.645381 ], [ -98.038457, 30.64539 ], [ -98.038452, 30.645399 ], [ -98.038387, 30.645517 ], [ -98.037537, 30.647081 ], [ -98.037123, 30.64784 ], [ -98.035167, 30.651427 ], [ -98.03516, 30.651439 ], [ -98.034729, 30.652231 ], [ -98.034556, 30.652557 ], [ -98.034546, 30.652575 ], [ -98.031564, 30.658166 ], [ -98.031507, 30.658271 ], [ -98.030344, 30.660451 ], [ -98.029376, 30.659358 ], [ -98.028614, 30.658588 ], [ -98.027869, 30.657896 ], [ -98.027632, 30.657734 ], [ -98.027337, 30.657552 ], [ -98.027028, 30.657384 ], [ -98.026933, 30.657354 ], [ -98.026671, 30.657267 ], [ -98.026248, 30.657148 ], [ -98.025266, 30.656945 ], [ -98.023547, 30.656562 ], [ -98.022626, 30.656375 ], [ -98.021801, 30.656223 ], [ -98.021444, 30.656157 ], [ -98.020305, 30.6559 ], [ -98.019887, 30.655799 ], [ -98.019475, 30.65568 ], [ -98.019287, 30.655619 ], [ -98.018338, 30.655263 ], [ -98.017479, 30.654988 ], [ -98.016429, 30.654683 ], [ -98.01606, 30.654638 ], [ -98.015866, 30.654628 ], [ -98.015633, 30.654628 ], [ -98.01538, 30.654646 ], [ -98.015124, 30.654682 ], [ -98.014927, 30.654725 ], [ -98.014463, 30.654854 ], [ -98.014243, 30.654925 ], [ -98.014098, 30.65495 ], [ -98.013841, 30.655023 ], [ -98.013384, 30.655177 ], [ -98.012159, 30.655552 ], [ -98.010779, 30.655985 ], [ -98.010664, 30.656016 ], [ -98.010392, 30.656086 ], [ -98.01018, 30.656134 ], [ -98.009975, 30.656166 ], [ -98.009765, 30.656185 ], [ -98.009593, 30.656189 ], [ -98.00916, 30.656176 ], [ -98.008954, 30.656159 ], [ -98.008687, 30.656118 ], [ -98.008419, 30.656062 ], [ -98.006662, 30.655577 ], [ -98.005597, 30.655225 ], [ -98.004997, 30.655041 ], [ -98.003859, 30.654694 ], [ -98.003268, 30.654519 ], [ -98.003009, 30.654453 ], [ -98.002705, 30.654397 ], [ -98.002371, 30.654356 ], [ -98.002049, 30.654338 ], [ -98.001753, 30.654338 ], [ -98.001437, 30.654357 ], [ -98.001077, 30.654394 ], [ -98.000445, 30.654493 ], [ -97.999222, 30.654725 ], [ -97.998253, 30.654909 ], [ -97.997479, 30.655056 ], [ -97.997085, 30.655124 ], [ -97.996545, 30.655218 ], [ -97.996348, 30.655247 ], [ -97.996201, 30.655257 ], [ -97.995948, 30.655259 ], [ -97.995741, 30.655253 ], [ -97.995487, 30.655233 ], [ -97.995236, 30.655196 ], [ -97.994945, 30.655134 ], [ -97.994689, 30.65506 ], [ -97.994255, 30.654917 ], [ -97.993647, 30.654685 ], [ -97.992631, 30.654255 ], [ -97.990706, 30.653528 ], [ -97.988999, 30.65286 ], [ -97.988977, 30.652851 ], [ -97.988448, 30.652646 ], [ -97.986088, 30.651712 ], [ -97.9858, 30.651603 ], [ -97.984791, 30.651222 ], [ -97.984105, 30.650941 ], [ -97.983486, 30.6507 ], [ -97.983197, 30.650601 ], [ -97.982872, 30.650515 ], [ -97.982622, 30.650467 ], [ -97.982252, 30.650419 ], [ -97.981936, 30.650394 ], [ -97.981712, 30.650391 ], [ -97.981514, 30.650404 ], [ -97.98073, 30.6505 ], [ -97.979861, 30.650631 ], [ -97.978126, 30.650905 ], [ -97.976498, 30.651132 ], [ -97.974747, 30.651406 ], [ -97.972952, 30.651672 ], [ -97.971171, 30.651958 ], [ -97.970906, 30.651995 ], [ -97.970076, 30.652109 ], [ -97.969286, 30.652214 ], [ -97.968871, 30.652288 ], [ -97.968178, 30.65238 ], [ -97.967468, 30.652496 ], [ -97.967264, 30.652537 ], [ -97.967087, 30.652584 ], [ -97.966639, 30.652717 ], [ -97.966497, 30.652769 ], [ -97.96626, 30.652873 ], [ -97.96598, 30.653019 ], [ -97.965697, 30.653188 ], [ -97.9654, 30.653392 ], [ -97.965069, 30.653646 ], [ -97.964118, 30.654377 ], [ -97.964052, 30.654427 ], [ -97.963815, 30.654589 ], [ -97.963392, 30.654839 ], [ -97.960299, 30.656572 ], [ -97.959899, 30.656767 ], [ -97.959574, 30.656904 ], [ -97.959153, 30.65705 ], [ -97.959088, 30.657073 ], [ -97.958398, 30.657286 ], [ -97.957994, 30.65741 ], [ -97.956727, 30.657787 ], [ -97.956076, 30.657973 ], [ -97.955191, 30.658266 ], [ -97.954094, 30.658596 ], [ -97.952171, 30.659175 ], [ -97.951754, 30.659304 ], [ -97.950877, 30.659564 ], [ -97.950823, 30.659581 ], [ -97.949961, 30.659854 ], [ -97.949143, 30.660097 ], [ -97.948934, 30.660154 ], [ -97.948737, 30.660208 ], [ -97.948408, 30.660299 ], [ -97.948088, 30.660366 ], [ -97.947554, 30.660453 ], [ -97.947397, 30.660468 ], [ -97.947175, 30.660472 ], [ -97.946867, 30.660468 ], [ -97.946188, 30.660441 ], [ -97.944953, 30.660364 ], [ -97.943893, 30.660305 ], [ -97.943053, 30.660266 ], [ -97.942578, 30.660239 ], [ -97.942521, 30.660236 ], [ -97.941868, 30.660209 ], [ -97.941417, 30.660175 ], [ -97.94096, 30.660117 ], [ -97.940284, 30.660007 ], [ -97.939894, 30.659956 ], [ -97.939511, 30.659927 ], [ -97.939304, 30.659926 ], [ -97.939015, 30.659945 ], [ -97.938689, 30.659981 ], [ -97.938237, 30.660048 ], [ -97.937904, 30.660089 ], [ -97.937777, 30.660105 ], [ -97.937668, 30.660119 ], [ -97.936331, 30.660285 ], [ -97.936111, 30.660325 ], [ -97.936029, 30.660345 ], [ -97.935778, 30.660405 ], [ -97.935112, 30.660608 ], [ -97.933781, 30.661047 ], [ -97.933428, 30.661182 ], [ -97.933283, 30.661246 ], [ -97.932647, 30.661526 ], [ -97.932075, 30.661793 ], [ -97.931894, 30.661877 ], [ -97.931675, 30.661962 ], [ -97.931588, 30.661996 ], [ -97.931156, 30.662139 ], [ -97.930856, 30.662222 ], [ -97.930603, 30.662293 ], [ -97.92994, 30.662454 ], [ -97.929208, 30.662634 ], [ -97.928632, 30.662794 ], [ -97.928542, 30.662819 ], [ -97.928508, 30.66283 ], [ -97.928203, 30.662928 ], [ -97.928094, 30.662967 ], [ -97.9279, 30.663041 ], [ -97.927507, 30.663211 ], [ -97.926933, 30.663459 ], [ -97.926428, 30.66369 ], [ -97.926306, 30.663746 ], [ -97.92565, 30.66396 ], [ -97.925596, 30.663977 ], [ -97.924617, 30.66427 ], [ -97.923904, 30.66449 ], [ -97.923389, 30.66467 ], [ -97.922958, 30.664785 ], [ -97.922717, 30.664869 ], [ -97.92243, 30.664504 ], [ -97.922254, 30.664311 ], [ -97.922226, 30.664282 ], [ -97.921793, 30.663804 ], [ -97.92172, 30.663717 ], [ -97.921621, 30.663604 ], [ -97.921569, 30.66356 ], [ -97.921419, 30.663403 ], [ -97.921338, 30.663318 ], [ -97.921074, 30.66304 ], [ -97.920694, 30.662657 ], [ -97.920371, 30.662336 ], [ -97.920267, 30.662231 ], [ -97.919993, 30.661968 ], [ -97.919756, 30.661757 ], [ -97.91913, 30.661234 ], [ -97.918668, 30.66083 ], [ -97.91864, 30.660806 ], [ -97.918518, 30.660699 ], [ -97.918093, 30.660346 ], [ -97.91753, 30.659907 ], [ -97.917265, 30.6597 ], [ -97.91673, 30.659283 ], [ -97.916027, 30.65872 ], [ -97.91582, 30.658527 ], [ -97.915665, 30.65836 ], [ -97.914229, 30.656546 ], [ -97.913882, 30.656096 ], [ -97.913735, 30.655874 ], [ -97.913438, 30.655365 ], [ -97.91271, 30.653497 ], [ -97.912643, 30.653315 ], [ -97.912519, 30.652976 ], [ -97.912487, 30.652889 ], [ -97.912158, 30.652018 ], [ -97.912138, 30.651968 ], [ -97.911729, 30.65096 ], [ -97.911706, 30.650907 ], [ -97.911406, 30.65021 ], [ -97.911221, 30.649865 ], [ -97.911049, 30.64965 ], [ -97.910912, 30.649476 ], [ -97.910629, 30.64924 ], [ -97.910348, 30.649088 ], [ -97.909962, 30.648902 ], [ -97.908645, 30.64827 ], [ -97.908119, 30.648005 ], [ -97.907882, 30.647861 ], [ -97.907632, 30.647728 ], [ -97.907296, 30.64746 ], [ -97.907028, 30.647187 ], [ -97.906816, 30.646878 ], [ -97.906596, 30.646429 ], [ -97.906273, 30.645487 ], [ -97.905961, 30.64454 ], [ -97.905866, 30.644183 ], [ -97.905841, 30.643976 ], [ -97.905834, 30.643921 ], [ -97.905836, 30.64273 ], [ -97.90581, 30.641022 ], [ -97.905807, 30.640848 ], [ -97.90578, 30.63958 ], [ -97.905776, 30.639304 ], [ -97.905744, 30.637265 ], [ -97.905742, 30.637147 ], [ -97.905662, 30.635764 ], [ -97.90561, 30.634847 ], [ -97.905603, 30.634716 ], [ -97.905495, 30.633939 ], [ -97.905419, 30.633477 ], [ -97.905383, 30.633266 ], [ -97.905368, 30.633166 ], [ -97.905147, 30.63164 ], [ -97.905024, 30.631109 ], [ -97.904927, 30.630807 ], [ -97.904686, 30.6301 ], [ -97.904512, 30.629683 ], [ -97.904386, 30.629258 ], [ -97.90436, 30.628945 ], [ -97.904338, 30.628514 ], [ -97.904322, 30.628215 ], [ -97.904318, 30.627456 ], [ -97.904282, 30.627091 ], [ -97.904233, 30.626864 ], [ -97.9042, 30.626712 ], [ -97.90419, 30.626668 ], [ -97.904182, 30.62663 ], [ -97.904173, 30.626588 ], [ -97.904003, 30.626069 ], [ -97.903659, 30.625101 ], [ -97.903651, 30.62507 ], [ -97.903634, 30.625009 ], [ -97.903583, 30.624819 ], [ -97.90355, 30.624503 ], [ -97.90354, 30.62407 ], [ -97.903537, 30.623937 ], [ -97.903516, 30.623435 ], [ -97.903504, 30.623136 ], [ -97.903475, 30.622785 ], [ -97.903395, 30.622273 ], [ -97.903276, 30.621445 ], [ -97.903209, 30.620871 ], [ -97.903132, 30.619857 ], [ -97.903128, 30.619804 ], [ -97.903114, 30.619625 ], [ -97.903087, 30.619449 ], [ -97.903044, 30.619172 ], [ -97.902965, 30.618836 ], [ -97.902847, 30.618496 ], [ -97.902703, 30.618256 ], [ -97.902601, 30.618075 ], [ -97.902448, 30.617806 ], [ -97.902201, 30.617247 ], [ -97.901753, 30.61617 ], [ -97.901488, 30.615585 ], [ -97.901348, 30.615256 ], [ -97.900998, 30.614464 ], [ -97.900267, 30.613077 ], [ -97.899674, 30.611861 ], [ -97.899612, 30.611733 ], [ -97.899429, 30.611356 ], [ -97.899194, 30.6109 ], [ -97.899045, 30.610636 ], [ -97.899006, 30.610567 ], [ -97.898976, 30.610514 ], [ -97.898941, 30.610453 ], [ -97.898847, 30.610307 ], [ -97.898736, 30.610135 ], [ -97.898481, 30.60974 ], [ -97.898438, 30.609683 ], [ -97.897916, 30.608994 ], [ -97.897447, 30.608408 ], [ -97.897017, 30.607885 ], [ -97.896526, 30.607287 ], [ -97.895147, 30.605704 ], [ -97.89484, 30.605337 ], [ -97.894447, 30.604896 ], [ -97.894044, 30.604477 ], [ -97.893784, 30.604226 ], [ -97.893368, 30.603876 ], [ -97.892254, 30.602974 ], [ -97.891516, 30.602401 ], [ -97.890961, 30.601947 ], [ -97.890572, 30.601634 ], [ -97.890228, 30.601357 ], [ -97.889623, 30.600903 ], [ -97.889211, 30.60057 ], [ -97.888792, 30.600204 ], [ -97.89002, 30.600104 ], [ -97.8906, 30.600065 ], [ -97.890807, 30.600033 ], [ -97.890963, 30.599994 ], [ -97.892139, 30.599655 ], [ -97.892159, 30.599649 ], [ -97.892704, 30.599501 ], [ -97.893171, 30.599395 ], [ -97.893434, 30.599355 ], [ -97.893515, 30.599336 ], [ -97.893657, 30.599294 ], [ -97.893773, 30.599253 ], [ -97.894191, 30.599068 ], [ -97.894294, 30.599039 ], [ -97.894404, 30.599027 ], [ -97.894486, 30.599028 ], [ -97.894523, 30.599033 ], [ -97.894702, 30.599082 ], [ -97.894764, 30.599107 ], [ -97.894946, 30.599194 ], [ -97.895277, 30.59934 ], [ -97.89541, 30.59939 ], [ -97.895626, 30.599457 ], [ -97.8958, 30.5995 ], [ -97.896133, 30.599555 ], [ -97.896555, 30.599609 ], [ -97.896883, 30.599659 ], [ -97.89718, 30.599718 ], [ -97.897444, 30.599789 ], [ -97.898073, 30.599969 ], [ -97.898775, 30.600187 ], [ -97.898943, 30.600224 ], [ -97.8992, 30.600261 ], [ -97.899314, 30.600263 ], [ -97.899364, 30.600257 ], [ -97.899409, 30.600247 ], [ -97.899455, 30.600232 ], [ -97.8997, 30.600132 ], [ -97.900225, 30.599866 ], [ -97.901016, 30.599482 ], [ -97.902489, 30.598781 ], [ -97.903228, 30.598454 ], [ -97.90326, 30.598443 ], [ -97.904086, 30.598068 ], [ -97.90417, 30.598035 ], [ -97.904368, 30.597956 ], [ -97.904943, 30.597767 ], [ -97.905242, 30.597647 ], [ -97.905366, 30.597589 ], [ -97.905572, 30.597493 ], [ -97.905885, 30.597359 ], [ -97.905914, 30.597346 ], [ -97.906226, 30.597232 ], [ -97.90675, 30.597077 ], [ -97.906917, 30.597036 ], [ -97.907072, 30.597005 ], [ -97.907238, 30.596985 ], [ -97.907362, 30.596977 ], [ -97.907522, 30.596977 ], [ -97.907668, 30.59699 ], [ -97.907724, 30.597003 ], [ -97.907781, 30.597021 ], [ -97.907886, 30.597066 ], [ -97.90799, 30.597142 ], [ -97.908032, 30.597184 ], [ -97.908085, 30.597257 ], [ -97.908196, 30.597504 ], [ -97.908294, 30.597777 ], [ -97.908478, 30.598229 ], [ -97.908811, 30.598916 ], [ -97.908885, 30.599034 ], [ -97.908924, 30.599074 ], [ -97.908965, 30.599092 ], [ -97.909032, 30.599108 ], [ -97.909347, 30.599123 ], [ -97.909395, 30.599136 ], [ -97.90978, 30.599262 ], [ -97.909899, 30.599295 ], [ -97.909979, 30.59931 ], [ -97.910123, 30.599316 ], [ -97.910328, 30.599294 ], [ -97.910416, 30.599276 ], [ -97.91064, 30.599216 ], [ -97.911051, 30.599069 ], [ -97.911653, 30.598882 ], [ -97.911863, 30.598817 ], [ -97.913353, 30.598364 ], [ -97.914289, 30.598066 ], [ -97.914325, 30.598051 ], [ -97.914385, 30.598025 ], [ -97.917782, 30.596924 ], [ -97.919459, 30.596407 ], [ -97.919528, 30.596387 ], [ -97.919745, 30.596323 ], [ -97.919807, 30.596305 ], [ -97.92008, 30.596218 ], [ -97.920027, 30.596369 ], [ -97.919879, 30.596787 ], [ -97.919798, 30.597017 ], [ -97.919054, 30.599136 ], [ -97.919038, 30.599182 ], [ -97.918994, 30.599308 ], [ -97.918964, 30.599394 ], [ -97.918116, 30.601838 ], [ -97.917942, 30.602368 ], [ -97.917613, 30.603286 ], [ -97.917063, 30.604871 ], [ -97.921919, 30.606353 ], [ -97.927886, 30.608174 ], [ -97.927985, 30.608204 ], [ -97.934809, 30.610286 ], [ -97.938248, 30.613029 ], [ -97.9405, 30.614824 ], [ -97.940608, 30.614924 ], [ -97.940768, 30.615073 ], [ -97.942988, 30.617162 ], [ -97.944327, 30.61833 ], [ -97.94974, 30.623251 ], [ -97.951883, 30.625191 ], [ -97.9547, 30.627172 ], [ -97.956734, 30.628249 ], [ -97.96259, 30.62519 ], [ -97.966311, 30.623676 ], [ -97.972903, 30.622793 ], [ -97.973653, 30.62269 ], [ -97.977867, 30.622114 ], [ -97.978818, 30.621227 ], [ -97.978955, 30.621099 ], [ -97.981668, 30.618568 ], [ -97.984857, 30.615592 ], [ -97.985309, 30.61517 ], [ -97.985982, 30.614542 ], [ -97.987119, 30.613481 ], [ -97.990745, 30.610097 ], [ -97.991015, 30.609849 ], [ -97.9924, 30.609494 ], [ -97.997989, 30.613024 ], [ -98.000295, 30.617794 ], [ -98.001945, 30.621425 ], [ -98.003663, 30.623805 ], [ -98.00383, 30.624167 ], [ -98.004302, 30.62519 ], [ -98.006276, 30.627516 ], [ -98.00762, 30.62519 ], [ -98.008593, 30.623683 ], [ -98.010346, 30.620759 ], [ -98.012741, 30.616767 ], [ -98.015468, 30.616596 ], [ -98.016925, 30.616505 ], [ -98.017729, 30.616455 ], [ -98.019088, 30.616257 ], [ -98.020325, 30.616078 ], [ -98.02118, 30.615954 ], [ -98.021615, 30.615891 ], [ -98.0297, 30.614723 ], [ -98.036495, 30.611726 ], [ -98.039592, 30.618553 ], [ -98.040294, 30.618204 ], [ -98.04459, 30.620803 ], [ -98.047507, 30.622673 ], [ -98.049886, 30.624155 ], [ -98.049544, 30.624794 ] ] ] } },
{ "type": "Feature", "properties": { "GEOID": "484910201213", "NAME": "Block Group 3; Census Tract 201.21; Williamson County; Texas", "state": "48", "county": "491", "tract": "020121", "block group": "3", "population": 2487.0, "population_moe": 699.0, "area_sq_miles": 0.82366211472380513, "population_density": 3019.442020632398, "under5": 80.0, "under5_moe": 122.9186723000212, "under18": 605.0, "under18_moe": 308.66810654811746, "age18_64": 1551.0, "age18_64_moe": 387.34093509465276, "age65plus": 331.0, "age65plus_moe": 117.40102214205803, "civilian_noninstitutionalized_population": 2465.0, "civilian_noninstitutionalized_population_moe": 700.0, "uninsured": 198.0, "uninsured_moe": 158.47397262642215, "uninsured_pct": 8.0324543610547661, "disability_population_base": "<NA>", "disability_population_base_moe": "<NA>", "disability": null, "disability_moe": "<NA>", "disability_pct": null, "poverty_population_base": 2487.0, "poverty_population_base_moe": 699.0, "poverty": 48.0, "poverty_moe": 54.120236510939236, "poverty_pct": 1.9300361881785282, "median_household_income": "161932.0", "median_household_income_moe": "28830.0", "per_capita_income": 76904.0, "per_capita_income_moe": 11431.0, "households": "<NA>", "households_moe": "<NA>", "no_vehicle_households": "<NA>", "no_vehicle_households_moe": "<NA>", "no_vehicle_pct": null, "youth_population_pct": 24.326497788500202, "senior_population_pct": 13.309207880981102, "healthcare_need_score": 25.086621359085569, "healthcare_need_notes": "Relative index averaging min-max normalized uninsured_pct, disability_pct, poverty_pct, no_vehicle_pct, youth_population_pct, and senior_population_pct within the retained Liberty Hill study-area block groups.", "uninsured_pct_numerator": "uninsured", "uninsured_pct_denominator": "civilian_noninstitutionalized_population", "disability_pct_numerator": "disability", "disability_pct_denominator": "disability_population_base", "poverty_pct_numerator": "poverty", "poverty_pct_denominator": "poverty_population_base", "no_vehicle_pct_numerator": "no_vehicle_households", "no_vehicle_pct_denominator": "households", "youth_population_pct_numerator": "under18", "youth_population_pct_denominator": "population", "senior_population_pct_numerator": "age65plus", "senior_population_pct_denominator": "population", "intersects_liberty_hill_city": false, "nearest_any_medical_miles": 1.2362350672666256, "nearest_primary_care_miles": 4.4778677366844422, "nearest_urgent_care_miles": 10.234867382952551, "nearest_hospital_miles": 1.2362350672666256, "nearest_emergency_miles": 9.9086735311264409, "nearest_primary_care_minutes": null, "nearest_urgent_care_minutes": null, "nearest_hospital_minutes": null, "nearest_emergency_minutes": null, "healthcare_access_measure": "Straight-line distance", "healthcare_access_distance_band": "1-3 miles" }, "geometry": { "type": "Polygon", "coordinates": [ [ [ -97.716749, 30.648244 ], [ -97.716425, 30.648821 ], [ -97.716298, 30.64908 ], [ -97.716107, 30.649366 ], [ -97.715812, 30.64974 ], [ -97.715864, 30.649864 ], [ -97.715365, 30.650354 ], [ -97.71503, 30.650528 ], [ -97.713767, 30.650531 ], [ -97.713197, 30.650482 ], [ -97.713168, 30.650461 ], [ -97.713094, 30.650424 ], [ -97.71297, 30.650364 ], [ -97.712919, 30.650356 ], [ -97.712775, 30.650266 ], [ -97.712666, 30.650211 ], [ -97.712638, 30.650248 ], [ -97.712508, 30.650152 ], [ -97.71241, 30.65008 ], [ -97.711929, 30.649385 ], [ -97.711413, 30.648638 ], [ -97.710033, 30.646951 ], [ -97.709809, 30.646359 ], [ -97.709766, 30.646243 ], [ -97.709739, 30.646066 ], [ -97.709707, 30.645854 ], [ -97.709771, 30.645358 ], [ -97.709826, 30.644935 ], [ -97.7099, 30.644645 ], [ -97.709937, 30.644501 ], [ -97.710191, 30.643514 ], [ -97.710313, 30.643044 ], [ -97.71034, 30.642941 ], [ -97.710439, 30.642374 ], [ -97.710507, 30.641132 ], [ -97.710441, 30.64045 ], [ -97.710431, 30.640342 ], [ -97.71042, 30.640234 ], [ -97.710417, 30.640193 ], [ -97.710302, 30.639978 ], [ -97.710263, 30.639904 ], [ -97.710167, 30.639724 ], [ -97.710061, 30.639615 ], [ -97.709874, 30.639537 ], [ -97.708245, 30.639493 ], [ -97.707799, 30.639481 ], [ -97.706734, 30.639342 ], [ -97.706486, 30.639355 ], [ -97.70625, 30.639429 ], [ -97.706129, 30.639495 ], [ -97.705501, 30.639833 ], [ -97.705371, 30.639903 ], [ -97.704553, 30.640506 ], [ -97.704111, 30.640882 ], [ -97.703745, 30.641277 ], [ -97.703707, 30.641318 ], [ -97.703176, 30.641891 ], [ -97.70304, 30.642071 ], [ -97.702609, 30.642638 ], [ -97.702278, 30.643252 ], [ -97.701922, 30.643782 ], [ -97.701903, 30.643811 ], [ -97.701286, 30.644732 ], [ -97.701061, 30.645026 ], [ -97.700949, 30.645171 ], [ -97.700786, 30.645386 ], [ -97.700568, 30.645815 ], [ -97.700161, 30.646172 ], [ -97.699943, 30.646276 ], [ -97.699736, 30.646287 ], [ -97.698641, 30.646121 ], [ -97.697282, 30.645991 ], [ -97.696619, 30.64599 ], [ -97.69612, 30.646059 ], [ -97.695762, 30.646108 ], [ -97.695446, 30.646279 ], [ -97.695289, 30.646488 ], [ -97.695201, 30.646873 ], [ -97.695151, 30.648446 ], [ -97.695001, 30.649767 ], [ -97.69482, 30.6505 ], [ -97.694606, 30.651057 ], [ -97.694384, 30.651431 ], [ -97.694218, 30.651657 ], [ -97.694154, 30.651716 ], [ -97.693722, 30.651532 ], [ -97.692942, 30.651405 ], [ -97.691444, 30.651449 ], [ -97.690953, 30.651519 ], [ -97.6906, 30.651627 ], [ -97.690356, 30.651762 ], [ -97.689718, 30.651917 ], [ -97.688528, 30.652558 ], [ -97.68777, 30.652733 ], [ -97.686154, 30.652986 ], [ -97.686054, 30.653001 ], [ -97.685978, 30.653004 ], [ -97.686075, 30.652891 ], [ -97.686188, 30.652777 ], [ -97.686648, 30.652281 ], [ -97.686989, 30.651916 ], [ -97.687195, 30.651623 ], [ -97.687445, 30.651214 ], [ -97.687721, 30.650705 ], [ -97.68788, 30.650442 ], [ -97.688008, 30.650116 ], [ -97.688035, 30.649945 ], [ -97.688041, 30.649694 ], [ -97.688038, 30.649485 ], [ -97.688014, 30.649332 ], [ -97.687964, 30.649138 ], [ -97.688892, 30.649026 ], [ -97.689843, 30.648896 ], [ -97.690154, 30.648851 ], [ -97.690288, 30.648815 ], [ -97.690417, 30.648773 ], [ -97.690599, 30.648704 ], [ -97.690761, 30.648618 ], [ -97.690919, 30.64851 ], [ -97.691099, 30.648369 ], [ -97.691229, 30.648253 ], [ -97.691341, 30.648124 ], [ -97.691425, 30.648005 ], [ -97.691598, 30.647715 ], [ -97.692193, 30.646647 ], [ -97.692225, 30.646581 ], [ -97.692305, 30.64643 ], [ -97.693489, 30.644411 ], [ -97.693815, 30.643859 ], [ -97.693949, 30.643636 ], [ -97.69406, 30.643486 ], [ -97.694175, 30.643349 ], [ -97.694297, 30.643237 ], [ -97.694447, 30.643125 ], [ -97.694739, 30.642939 ], [ -97.694887, 30.642878 ], [ -97.695305, 30.642753 ], [ -97.695343, 30.642742 ], [ -97.695596, 30.642664 ], [ -97.69572, 30.642626 ], [ -97.695842, 30.642588 ], [ -97.695963, 30.642551 ], [ -97.696084, 30.642513 ], [ -97.696204, 30.642474 ], [ -97.696324, 30.642438 ], [ -97.696444, 30.642401 ], [ -97.696564, 30.642365 ], [ -97.696684, 30.642329 ], [ -97.696803, 30.642292 ], [ -97.696923, 30.642255 ], [ -97.697042, 30.642219 ], [ -97.69716, 30.642182 ], [ -97.69728, 30.642145 ], [ -97.697639, 30.642037 ], [ -97.69776, 30.642001 ], [ -97.697883, 30.641963 ], [ -97.698007, 30.641926 ], [ -97.698385, 30.641811 ], [ -97.698512, 30.641766 ], [ -97.698638, 30.641717 ], [ -97.698763, 30.641662 ], [ -97.698881, 30.641603 ], [ -97.698997, 30.641537 ], [ -97.699111, 30.641468 ], [ -97.699221, 30.641394 ], [ -97.69943, 30.641231 ], [ -97.699529, 30.641144 ], [ -97.699715, 30.64096 ], [ -97.699886, 30.640764 ], [ -97.699959, 30.640658 ], [ -97.700086, 30.640445 ], [ -97.700102, 30.640412 ], [ -97.700191, 30.640223 ], [ -97.700273, 30.639999 ], [ -97.700304, 30.639889 ], [ -97.700328, 30.639777 ], [ -97.700347, 30.639667 ], [ -97.700362, 30.639558 ], [ -97.700373, 30.639446 ], [ -97.700382, 30.639333 ], [ -97.700395, 30.639101 ], [ -97.700402, 30.638985 ], [ -97.700409, 30.63887 ], [ -97.700415, 30.638754 ], [ -97.700421, 30.638639 ], [ -97.700423, 30.638523 ], [ -97.700427, 30.638408 ], [ -97.70043, 30.638293 ], [ -97.700435, 30.63818 ], [ -97.700441, 30.638066 ], [ -97.700446, 30.637955 ], [ -97.700453, 30.637844 ], [ -97.700457, 30.637734 ], [ -97.700458, 30.63771 ], [ -97.700463, 30.637625 ], [ -97.700469, 30.637516 ], [ -97.700475, 30.637409 ], [ -97.700484, 30.637304 ], [ -97.700494, 30.637203 ], [ -97.700508, 30.637105 ], [ -97.700522, 30.637006 ], [ -97.700545, 30.636881 ], [ -97.700607, 30.636452 ], [ -97.700625, 30.636222 ], [ -97.700644, 30.635823 ], [ -97.700631, 30.635437 ], [ -97.700606, 30.634901 ], [ -97.700608, 30.634852 ], [ -97.700633, 30.63459 ], [ -97.700581, 30.634202 ], [ -97.700365, 30.633771 ], [ -97.70031, 30.632927 ], [ -97.700987, 30.632912 ], [ -97.701583, 30.6329 ], [ -97.701922, 30.632895 ], [ -97.70354, 30.632874 ], [ -97.705144, 30.632838 ], [ -97.70683, 30.632811 ], [ -97.708243, 30.632802 ], [ -97.709607, 30.632775 ], [ -97.710447, 30.632767 ], [ -97.710635, 30.633271 ], [ -97.710719, 30.633496 ], [ -97.710802, 30.63377 ], [ -97.710899, 30.634005 ], [ -97.712183, 30.637099 ], [ -97.712573, 30.638022 ], [ -97.713197, 30.639553 ], [ -97.71321, 30.639585 ], [ -97.713383, 30.640035 ], [ -97.713614, 30.640591 ], [ -97.714041, 30.641672 ], [ -97.714247, 30.642172 ], [ -97.714856, 30.643552 ], [ -97.714905, 30.643668 ], [ -97.716592, 30.647665 ], [ -97.716617, 30.647724 ], [ -97.71667, 30.64785 ], [ -97.71678, 30.64811 ], [ -97.716749, 30.648244 ] ] ] } },
{ "type": "Feature", "properties": { "GEOID": "484910201203", "NAME": "Block Group 3; Census Tract 201.20; Williamson County; Texas", "state": "48", "county": "491", "tract": "020120", "block group": "3", "population": 3185.0, "population_moe": 977.0, "area_sq_miles": 2.5425714019615686, "population_density": 1252.6688523055061, "under5": 435.0, "under5_moe": 385.96631977414819, "under18": 989.0, "under18_moe": 435.15054866103526, "age18_64": 1957.0, "age18_64_moe": 425.32693307619257, "age65plus": 239.0, "age65plus_moe": 113.5825690852254, "civilian_noninstitutionalized_population": 3168.0, "civilian_noninstitutionalized_population_moe": 976.0, "uninsured": 94.0, "uninsured_moe": 66.007575322836999, "uninsured_pct": 2.9671717171717171, "disability_population_base": "<NA>", "disability_population_base_moe": "<NA>", "disability": null, "disability_moe": "<NA>", "disability_pct": null, "poverty_population_base": 3185.0, "poverty_population_base_moe": 977.0, "poverty": 236.0, "poverty_moe": 258.43567865138124, "poverty_pct": 7.4097331240188389, "median_household_income": "152054.0", "median_household_income_moe": "30374.0", "per_capita_income": 52898.0, "per_capita_income_moe": 9535.0, "households": "<NA>", "households_moe": "<NA>", "no_vehicle_households": "<NA>", "no_vehicle_households_moe": "<NA>", "no_vehicle_pct": null, "youth_population_pct": 31.051805337519621, "senior_population_pct": 7.5039246467817904, "healthcare_need_score": 27.55384993735397, "healthcare_need_notes": "Relative index averaging min-max normalized uninsured_pct, disability_pct, poverty_pct, no_vehicle_pct, youth_population_pct, and senior_population_pct within the retained Liberty Hill study-area block groups.", "uninsured_pct_numerator": "uninsured", "uninsured_pct_denominator": "civilian_noninstitutionalized_population", "disability_pct_numerator": "disability", "disability_pct_denominator": "disability_population_base", "poverty_pct_numerator": "poverty", "poverty_pct_denominator": "poverty_population_base", "no_vehicle_pct_numerator": "no_vehicle_households", "no_vehicle_pct_denominator": "households", "youth_population_pct_numerator": "under18", "youth_population_pct_denominator": "population", "senior_population_pct_numerator": "age65plus", "senior_population_pct_denominator": "population", "intersects_liberty_hill_city": true, "nearest_any_medical_miles": 3.1877283695843199, "nearest_primary_care_miles": 3.1877283695843199, "nearest_urgent_care_miles": 4.7972653292569962, "nearest_hospital_miles": 7.7808748685691969, "nearest_emergency_miles": 4.3149042634393568, "nearest_primary_care_minutes": null, "nearest_urgent_care_minutes": null, "nearest_hospital_minutes": null, "nearest_emergency_minutes": null, "healthcare_access_measure": "Straight-line distance", "healthcare_access_distance_band": "3-5 miles" }, "geometry": { "type": "Polygon", "coordinates": [ [ [ -97.836721, 30.653142 ], [ -97.836403, 30.653248 ], [ -97.835784, 30.653436 ], [ -97.834254, 30.653886 ], [ -97.832635, 30.654364 ], [ -97.829169, 30.655417 ], [ -97.827107, 30.656047 ], [ -97.825968, 30.656396 ], [ -97.825029, 30.65668 ], [ -97.82459, 30.656807 ], [ -97.82453, 30.656811 ], [ -97.824474, 30.656784 ], [ -97.824429, 30.656737 ], [ -97.824372, 30.656629 ], [ -97.824333, 30.656566 ], [ -97.82427, 30.656536 ], [ -97.824212, 30.656528 ], [ -97.824144, 30.656537 ], [ -97.82404, 30.656577 ], [ -97.822328, 30.657113 ], [ -97.820948, 30.657532 ], [ -97.820039, 30.657802 ], [ -97.818748, 30.658199 ], [ -97.818187, 30.658364 ], [ -97.818127, 30.658364 ], [ -97.818073, 30.658358 ], [ -97.818012, 30.658355 ], [ -97.817959, 30.658324 ], [ -97.817907, 30.658289 ], [ -97.817863, 30.658217 ], [ -97.817673, 30.657783 ], [ -97.817585, 30.657548 ], [ -97.817445, 30.65728 ], [ -97.817403, 30.65725 ], [ -97.817355, 30.657225 ], [ -97.817287, 30.657215 ], [ -97.817183, 30.65722 ], [ -97.817024, 30.657271 ], [ -97.815883, 30.657617 ], [ -97.815579, 30.657646 ], [ -97.815342, 30.657704 ], [ -97.814694, 30.657868 ], [ -97.813687, 30.658264 ], [ -97.812528, 30.65859 ], [ -97.811882, 30.658773 ], [ -97.811626, 30.658893 ], [ -97.811531, 30.658936 ], [ -97.811452, 30.658999 ], [ -97.811389, 30.659061 ], [ -97.811352, 30.659132 ], [ -97.811322, 30.659224 ], [ -97.811285, 30.659374 ], [ -97.811249, 30.659417 ], [ -97.810336, 30.659707 ], [ -97.808901, 30.66016 ], [ -97.808292, 30.660361 ], [ -97.807534, 30.660668 ], [ -97.807262, 30.660717 ], [ -97.807138, 30.660773 ], [ -97.807031, 30.660488 ], [ -97.806768, 30.659827 ], [ -97.805963, 30.657966 ], [ -97.80567, 30.657323 ], [ -97.805328, 30.656526 ], [ -97.805137, 30.656102 ], [ -97.804694, 30.655263 ], [ -97.804402, 30.654774 ], [ -97.804149, 30.654418 ], [ -97.803641, 30.653795 ], [ -97.80323, 30.653267 ], [ -97.802815, 30.652745 ], [ -97.802348, 30.652182 ], [ -97.80214, 30.651883 ], [ -97.801906, 30.651505 ], [ -97.801237, 30.650519 ], [ -97.800806, 30.649855 ], [ -97.800722, 30.649677 ], [ -97.800571, 30.6492 ], [ -97.800453, 30.648947 ], [ -97.800284, 30.648661 ], [ -97.799764, 30.64793 ], [ -97.799551, 30.647647 ], [ -97.799475, 30.647533 ], [ -97.799429, 30.64741 ], [ -97.799339, 30.647172 ], [ -97.799295, 30.646952 ], [ -97.799299, 30.646797 ], [ -97.799337, 30.646391 ], [ -97.799346, 30.646184 ], [ -97.799342, 30.645852 ], [ -97.799348, 30.645639 ], [ -97.799388, 30.64549 ], [ -97.799426, 30.645417 ], [ -97.799614, 30.645055 ], [ -97.799769, 30.644789 ], [ -97.799821, 30.6447 ], [ -97.799865, 30.644624 ], [ -97.799921, 30.644527 ], [ -97.799954, 30.64446 ], [ -97.800009, 30.644374 ], [ -97.800017, 30.644301 ], [ -97.80003, 30.644243 ], [ -97.800021, 30.644159 ], [ -97.799771, 30.643537 ], [ -97.797049, 30.636923 ], [ -97.797462, 30.636974 ], [ -97.798123, 30.637034 ], [ -97.798787, 30.637074 ], [ -97.799156, 30.637085 ], [ -97.799554, 30.637097 ], [ -97.800722, 30.63712 ], [ -97.802156, 30.637149 ], [ -97.803687, 30.637238 ], [ -97.804823, 30.637232 ], [ -97.804985, 30.637234 ], [ -97.805505, 30.637242 ], [ -97.805603, 30.637243 ], [ -97.806828, 30.63726 ], [ -97.806857, 30.637265 ], [ -97.806891, 30.637262 ], [ -97.808181, 30.637289 ], [ -97.810235, 30.637332 ], [ -97.810689, 30.637342 ], [ -97.811663, 30.637359 ], [ -97.81351, 30.637392 ], [ -97.817488, 30.637485 ], [ -97.817621, 30.637488 ], [ -97.817912, 30.637495 ], [ -97.820937, 30.637555 ], [ -97.821109, 30.637558 ], [ -97.822766, 30.637592 ], [ -97.824807, 30.637625 ], [ -97.824899, 30.637626 ], [ -97.826662, 30.637664 ], [ -97.826855, 30.637668 ], [ -97.827256, 30.637675 ], [ -97.827359, 30.637678 ], [ -97.827804, 30.637688 ], [ -97.827834, 30.637846 ], [ -97.827841, 30.637883 ], [ -97.827899, 30.63818 ], [ -97.828052, 30.639119 ], [ -97.828282, 30.639943 ], [ -97.828531, 30.640729 ], [ -97.828761, 30.641648 ], [ -97.828895, 30.642396 ], [ -97.82908, 30.642621 ], [ -97.829106, 30.642759 ], [ -97.829135, 30.642897 ], [ -97.829167, 30.643035 ], [ -97.829202, 30.643173 ], [ -97.829241, 30.643311 ], [ -97.829284, 30.643448 ], [ -97.829331, 30.643585 ], [ -97.829382, 30.643723 ], [ -97.829435, 30.643861 ], [ -97.82949, 30.643999 ], [ -97.829547, 30.644136 ], [ -97.829607, 30.644274 ], [ -97.829671, 30.64441 ], [ -97.829739, 30.644546 ], [ -97.829809, 30.644681 ], [ -97.829882, 30.644815 ], [ -97.829956, 30.644949 ], [ -97.830031, 30.645083 ], [ -97.830109, 30.645216 ], [ -97.83019, 30.645346 ], [ -97.830274, 30.645476 ], [ -97.83036, 30.645603 ], [ -97.830449, 30.64573 ], [ -97.830539, 30.645855 ], [ -97.830633, 30.645978 ], [ -97.830727, 30.646102 ], [ -97.830822, 30.646225 ], [ -97.83092, 30.646345 ], [ -97.831019, 30.646465 ], [ -97.831121, 30.646583 ], [ -97.831224, 30.646701 ], [ -97.83133, 30.646817 ], [ -97.831436, 30.646934 ], [ -97.831542, 30.64705 ], [ -97.831649, 30.647167 ], [ -97.831756, 30.647283 ], [ -97.831861, 30.6474 ], [ -97.831966, 30.647518 ], [ -97.832072, 30.647635 ], [ -97.832178, 30.647752 ], [ -97.832285, 30.647868 ], [ -97.832391, 30.647984 ], [ -97.832496, 30.6481 ], [ -97.832601, 30.648216 ], [ -97.832705, 30.648332 ], [ -97.832808, 30.648447 ], [ -97.832911, 30.648562 ], [ -97.833014, 30.648676 ], [ -97.833116, 30.64879 ], [ -97.833219, 30.648904 ], [ -97.833321, 30.649017 ], [ -97.833422, 30.64913 ], [ -97.833521, 30.649243 ], [ -97.833622, 30.649355 ], [ -97.833725, 30.649465 ], [ -97.833829, 30.649575 ], [ -97.833928, 30.649685 ], [ -97.834027, 30.649794 ], [ -97.834125, 30.649903 ], [ -97.834222, 30.650011 ], [ -97.834318, 30.650118 ], [ -97.834414, 30.650224 ], [ -97.834509, 30.650329 ], [ -97.834604, 30.650434 ], [ -97.834698, 30.650538 ], [ -97.83479, 30.650642 ], [ -97.834969, 30.650847 ], [ -97.835138, 30.651048 ], [ -97.83522, 30.651145 ], [ -97.835299, 30.65124 ], [ -97.835374, 30.651332 ], [ -97.835518, 30.651508 ], [ -97.835645, 30.651666 ], [ -97.835756, 30.651807 ], [ -97.83586, 30.65194 ], [ -97.835951, 30.652058 ], [ -97.835991, 30.65211 ], [ -97.836059, 30.652199 ], [ -97.836089, 30.652239 ], [ -97.836143, 30.652313 ], [ -97.836181, 30.652368 ], [ -97.836247, 30.652455 ], [ -97.836332, 30.652574 ], [ -97.836458, 30.652753 ], [ -97.836582, 30.652933 ], [ -97.836703, 30.653114 ], [ -97.836721, 30.653142 ] ] ] } }
]
}
